date,horizon,n,mean,median,sd,iqr,range,full_cross_section
2012-01-25,2012,17,0.25,0.125,0.2876118708177639,0.0,0.875,True
2012-01-25,2013,17,0.47794117647058826,0.125,0.5803702135491504,0.625,1.875,True
2012-01-25,2014,17,1.0735294117647058,0.75,0.9739802581431489,1.875,2.625,True
2012-01-25,LR,17,4.205882352941177,4.25,0.24607647839237518,0.5,0.75,True
2012-04-25,2012,17,0.2647058823529412,0.125,0.3289979017823102,0.0,1.125,True
2012-04-25,2013,17,0.5220588235294118,0.125,0.5835289670301911,0.875,1.625,True
2012-04-25,2014,17,1.2941176470588236,1.0,0.9691388465056121,1.75,2.625,True
2012-04-25,LR,17,4.1911764705882355,4.25,0.30352599177279843,0.5,1.0,True
2012-06-20,2012,19,0.19736842105263158,0.125,0.1735645520825384,0.0,0.625,True
2012-06-20,2013,19,0.4276315789473684,0.125,0.4988733844770757,0.5,1.625,True
2012-06-20,2014,19,1.0657894736842106,0.5,0.960030513711735,1.625,2.875,True
2012-06-20,LR,19,4.105263157894737,4.25,0.3744802492304659,0.375,1.5,True
2012-09-13,2012,19,0.14473684210526316,0.125,0.08373632935103853,0.0,0.375,True
2012-09-13,2013,19,0.28289473684210525,0.125,0.38653765319916794,0.0,1.625,True
2012-09-13,2014,19,0.7171052631578947,0.125,0.9264410052928835,1.375,2.875,True
2012-09-13,2015,19,1.7171052631578947,1.0,1.2976713108583895,1.75,4.375,True
2012-09-13,LR,19,4.065789473684211,4.0,0.3702959810386918,0.25,1.5,True
2012-12-12,2012,19,0.125,0.125,0.0,0.0,0.0,True
2012-12-12,2013,19,0.19078947368421054,0.125,0.20825252357032123,0.0,0.875,True
2012-12-12,2014,19,0.5131578947368421,0.125,0.7465873420302399,0.1875,2.625,True
2012-12-12,2015,19,1.4013157894736843,1.0,1.2264753115129112,1.125,4.375,True
2012-12-12,LR,19,4.0394736842105265,4.0,0.3651167611976739,0.375,1.5,True
2013-03-20,2013,19,0.17105263157894737,0.125,0.19538476848575656,0.0,0.875,True
2013-03-20,2014,19,0.4605263157894737,0.125,0.6906954823273996,0.1875,2.625,True
2013-03-20,2015,19,1.2960526315789473,1.0,1.1692401704428759,0.75,4.375,True
2013-03-20,LR,19,4.0131578947368425,4.0,0.32921042113675797,0.25,1.25,True
2013-06-19,2013,19,0.14473684210526316,0.125,0.08373632935103853,0.0,0.375,True
2013-06-19,2014,19,0.3355263157894737,0.125,0.41961101892373615,0.0,1.375,True
2013-06-19,2015,19,1.3355263157894737,1.0,0.8331659573370567,0.75,2.875,True
2013-06-19,LR,19,4.0131578947368425,4.0,0.32921042113675797,0.25,1.25,True
2013-09-18,2013,17,0.125,0.125,0.0,0.0,0.0,True
2013-09-18,2014,17,0.29411764705882354,0.125,0.3686750334329904,0.0,1.125,True
2013-09-18,2015,17,1.2352941176470589,1.0,0.9323459825310926,0.75,3.125,True
2013-09-18,2016,17,2.264705882352941,2.0,1.0090421646122614,1.0,3.75,True
2013-09-18,LR,17,3.926470588235294,4.0,0.2679539287983617,0.0,1.0,True
2013-12-18,2013,17,0.125,0.125,0.0,0.0,0.0,True
2013-12-18,2014,17,0.22794117647058823,0.125,0.29466860161049824,0.0,1.125,True
2013-12-18,2015,17,1.036764705882353,0.75,0.8647133853215904,0.75,3.125,True
2013-12-18,2016,17,2.176470588235294,1.75,0.9917479588286685,1.25,3.75,True
2013-12-18,LR,17,3.8823529411764706,4.0,0.244312466556414,0.25,0.75,True
2014-03-19,2014,16,0.1796875,0.125,0.2118037767457181,0.0,0.875,True
2014-03-19,2015,16,1.109375,1.0,0.7432968682666435,0.625,2.875,True
2014-03-19,2016,16,2.421875,2.25,0.9088056637009917,0.875,3.5,True
2014-03-19,LR,16,3.875,4.0,0.25,0.3125,0.75,True
2014-06-18,2014,16,0.1796875,0.125,0.2118037767457181,0.0,0.875,True
2014-06-18,2015,16,1.1796875,1.125,0.7768233968179319,0.875,2.875,True
2014-06-18,2016,16,2.53125,2.5,1.0265042316035526,1.125,3.75,True
2014-06-18,LR,16,3.78125,3.75,0.2633171804117612,0.3125,1.0,True
2014-09-17,2014,17,0.16911764705882354,0.125,0.1764705882352941,0.0,0.75,True
2014-09-17,2015,17,1.2720588235294117,1.375,0.6916456480179322,1.0,2.75,True
2014-09-17,2016,17,2.6838235294117645,2.875,0.9862265123003,1.25,3.625,True
2014-09-17,2017,17,3.5441176470588234,3.75,0.5924481493671672,0.75,2.375,True
2014-09-17,LR,17,3.7941176470588234,3.75,0.25703762195512553,0.25,1.0,True
2014-12-17,2014,17,0.125,0.125,0.0,0.0,0.0,True
2014-12-17,2015,17,1.125,1.125,0.568796458994521,0.75,1.75,True
2014-12-17,2016,17,2.536764705882353,2.5,0.9302560387215203,1.0,3.625,True
2014-12-17,2017,17,3.5,3.625,0.5863019699779287,0.75,2.25,True
2014-12-17,LR,17,3.7794117647058822,3.75,0.25556098819092304,0.25,1.0,True
2015-03-18,2015,17,0.7720588235294118,0.625,0.4027371746361515,0.25,1.5,True
2015-03-18,2016,17,2.0220588235294117,1.875,0.8260858430388479,0.625,3.375,True
2015-03-18,2017,17,3.1838235294117645,3.125,0.5287986645989765,0.75,2.0,True
2015-03-18,LR,17,3.661764705882353,3.75,0.27036435751250343,0.25,1.25,True
2015-06-17,2015,17,0.5661764705882353,0.625,0.25043215244009415,0.5,0.75,True
2015-06-17,2016,17,1.75,1.625,0.6751906048969998,0.875,2.5,True
2015-06-17,2017,17,3.0,2.875,0.6402550043445465,1.25,1.875,True
2015-06-17,LR,17,3.6470588235294117,3.75,0.2719594413074548,0.25,1.0,True
2015-09-17,2015,16,0.4375,0.375,0.2072890493972125,0.25,0.75,True
2015-09-17,2016,16,1.578125,1.5,0.5535309244974485,0.8125,2.0,True
2015-09-17,2017,17,2.639705882352941,2.625,0.7017341347317736,1.0,2.875,True
2015-09-17,2018,17,3.338235294117647,3.375,0.31143850859628486,0.5,1.0,True
2015-09-17,LR,17,3.463235294117647,3.5,0.24913344626613848,0.375,1.0,True
2015-12-16,2015,17,0.34558823529411764,0.375,0.08054743492723031,0.0,0.25,True
2015-12-16,2016,17,1.286764705882353,1.375,0.32016972142760647,0.25,1.25,True
2015-12-16,2017,17,2.411764705882353,2.375,0.48462520744953175,0.75,1.5,True
2015-12-16,2018,17,3.161764705882353,3.25,0.43251297558390417,0.625,1.75,True
2015-12-16,LR,17,3.411764705882353,3.5,0.2564058202082749,0.25,1.0,True
2016-03-16,2016,17,1.0220588235294117,0.875,0.22782254977690686,0.25,0.75,True
2016-03-16,2017,17,2.0441176470588234,1.875,0.34551000366090384,0.5,1.125,True
2016-03-16,2018,17,2.948529411764706,3.0,0.4310103202868483,0.625,1.75,True
2016-03-16,LR,17,3.3088235294117645,3.25,0.291161615782696,0.5,1.0,True
2016-06-15,2016,17,0.8308823529411765,0.875,0.1962009421195049,0.25,0.75,True
2016-06-15,2017,17,1.6323529411764706,1.625,0.40327380002359087,0.5,1.75,True
2016-06-15,2018,17,2.463235294117647,2.375,0.6014148543140744,0.75,2.75,True
2016-06-15,LR,16,3.140625,3.0,0.30578727798095195,0.25,1.0,True
2016-09-21,2016,17,0.6544117647058824,0.625,0.1894720400988989,0.0,0.75,True
2016-09-21,2017,17,1.3088235294117647,1.125,0.424692031711578,0.5,1.5,True
2016-09-21,2018,17,2.110294117647059,1.875,0.5954520541478779,0.75,2.5,True
2016-09-21,2019,17,2.6470588235294117,2.625,0.639156288591198,0.625,3.125,True
2016-09-21,LR,16,2.90625,2.875,0.32923917977664807,0.25,1.25,True
2016-12-14,2016,17,0.625,0.625,0.0,0.0,0.0,True
2016-12-14,2017,17,1.3676470588235294,1.375,0.31056929532268934,0.5,1.25,True
2016-12-14,2018,17,2.2279411764705883,2.125,0.60213360551686,0.75,2.5,True
2016-12-14,2019,17,2.801470588235294,2.875,0.6488944550855944,0.5,3.0,True
2016-12-14,LR,16,2.953125,3.0,0.2960514893983815,0.25,1.25,True
2017-03-15,2017,17,1.4044117647058822,1.375,0.2828732950245786,0.25,1.25,True
2017-03-15,2018,17,2.3161764705882355,2.125,0.5864863706649784,0.5,2.5,True
2017-03-15,2019,17,2.889705882352941,3.0,0.6472259142548643,0.5,3.0,True
2017-03-15,LR,16,2.96875,3.0,0.2914805954090255,0.25,1.25,True
2017-06-14,2017,16,1.375,1.375,0.1767766952966369,0.125,0.5,True
2017-06-14,2018,16,2.2265625,2.125,0.46607308557108296,0.5625,2.0,True
2017-06-14,2019,16,2.8515625,2.9375,0.6079209414831422,0.5,3.0,True
2017-06-14,LR,15,2.9166666666666665,3.0,0.21730674684008833,0.25,1.0,True
2017-09-20,2017,16,1.328125,1.375,0.1316585902058806,0.0625,0.5,True
2017-09-20,2018,16,2.0390625,2.125,0.42093355603200605,0.5,1.5,True
2017-09-20,2019,16,2.6328125,2.6875,0.6018668061487941,0.75,2.25,True
2017-09-20,2020,16,2.8515625,2.875,0.625341703465993,0.625,2.75,True
2017-09-20,LR,15,2.783333333333333,2.75,0.3009245014211298,0.5,1.25,True
2017-12-13,2017,16,1.34375,1.375,0.08267972847076846,0.0,0.25,True
2017-12-13,2018,16,2.015625,2.125,0.3746743377588062,0.3125,1.5,True
2017-12-13,2019,16,2.6953125,2.6875,0.569348500343814,0.375,2.25,True
2017-12-13,2020,16,3.015625,3.0625,0.6216708207524301,0.3125,2.75,True
2017-12-13,LR,15,2.783333333333333,2.75,0.22110831935702666,0.25,0.75,True
2018-03-21,2018,15,2.191666666666667,2.125,0.26562295750848713,0.25,1.0,True
2018-03-21,2019,15,2.9166666666666665,2.875,0.5197488709837559,0.4375,2.25,True
2018-03-21,2020,15,3.325,3.375,0.6919176251549024,0.375,3.25,True
2018-03-21,LR,14,2.8660714285714284,2.875,0.3005362978519077,0.25,1.25,True
2018-06-13,2018,15,2.2416666666666667,2.375,0.20138409955990955,0.25,0.75,True
2018-06-13,2019,15,2.9583333333333335,3.125,0.45338235029118146,0.375,1.75,True
2018-06-13,2020,15,3.308333333333333,3.375,0.5606296063851387,0.4375,2.25,True
2018-06-13,LR,14,2.8660714285714284,2.875,0.3005362978519077,0.25,1.25,True
2018-09-26,2018,16,2.3125,2.375,0.10825317547305482,0.0625,0.25,True
2018-09-26,2019,16,3.015625,3.125,0.38495890608609123,0.5,1.5,True
2018-09-26,2020,16,3.28125,3.375,0.4408354993645589,0.5,1.75,True
2018-09-26,2021,16,3.234375,3.375,0.4818482482846648,0.65625,2.0,True
2018-09-26,LR,15,2.8833333333333333,3.0,0.2718251071716682,0.25,1.0,True
2018-12-19,2018,17,2.3455882352941178,2.375,0.08054743492723031,0.0,0.25,True
2018-12-19,2019,17,2.8455882352941178,2.875,0.25556098819092304,0.5,0.75,True
2018-12-19,2020,17,3.0661764705882355,3.125,0.32685457016018926,0.5,1.25,True
2018-12-19,2021,17,3.0073529411764706,3.125,0.3334054131986657,0.25,1.25,True
2018-12-19,LR,16,2.84375,2.75,0.27775607554111215,0.3125,1.0,True
2019-03-20,2019,17,2.4926470588235294,2.375,0.17400234656175342,0.25,0.5,True
2019-03-20,2020,17,2.6691176470588234,2.625,0.3119588740528886,0.5,1.0,True
2019-03-20,2021,17,2.7426470588235294,2.625,0.3547746494651417,0.5,1.25,True
2019-03-20,LR,16,2.796875,2.75,0.2960514893983815,0.5,1.0,True
2019-06-19,2019,17,2.1691176470588234,2.375,0.26058889921572576,0.5,0.75,True
2019-06-19,2020,17,2.213235294117647,2.125,0.35294117647058826,0.5,1.25,True
2019-06-19,2021,17,2.3161764705882355,2.375,0.36911471758856274,0.75,1.25,True
2019-06-19,LR,16,2.6953125,2.5,0.2758819309845246,0.3125,0.875,True
2019-09-18,2019,17,1.8455882352941178,1.875,0.20797258270192576,0.5,0.5,True
2019-09-18,2020,17,1.875,1.875,0.2572478777137633,0.5,0.75,True
2019-09-18,2021,17,2.0661764705882355,2.125,0.3154060380812826,0.5,1.0,True
2019-09-18,2022,17,2.2720588235294117,2.375,0.3436271013396448,0.25,1.25,True
2019-09-18,LR,16,2.5703125,2.5,0.2793992928476198,0.25,1.25,True
2019-12-11,2019,17,1.625,1.625,0.0,0.0,0.0,True
2019-12-11,2020,17,1.6838235294117647,1.625,0.10604562574894086,0.0,0.25,True
2019-12-11,2021,17,1.963235294117647,1.875,0.2703643575125035,0.5,0.75,True
2019-12-11,2022,17,2.2279411764705883,2.125,0.36439740274599614,0.5,1.25,True
2019-12-11,LR,16,2.5390625,2.5,0.2854504047882048,0.09375,1.25,True
2020-06-10,2020,17,0.125,0.125,0.0,0.0,0.0,True
2020-06-10,2021,17,0.125,0.125,0.0,0.0,0.0,True
2020-06-10,2022,17,0.19852941176470587,0.125,0.23894230601870473,0.0,1.0,True
2020-06-10,LR,16,2.4921875,2.5,0.25182439783259686,0.15625,1.0,True
2020-09-16,2020,17,0.125,0.125,0.0,0.0,0.0,True
2020-09-16,2021,17,0.125,0.125,0.0,0.0,0.0,True
2020-09-16,2022,17,0.15441176470588236,0.125,0.11764705882352942,0.0,0.5,True
2020-09-16,2023,17,0.25735294117647056,0.125,0.31056929532268934,0.0,1.25,True
2020-09-16,LR,16,2.4921875,2.5,0.25182439783259686,0.15625,1.0,True
2020-12-16,2020,17,0.125,0.125,0.0,0.0,0.0,True
2020-12-16,2021,17,0.125,0.125,0.0,0.0,0.0,True
2020-12-16,2022,17,0.13970588235294118,0.125,0.05882352941176471,0.0,0.25,True
2020-12-16,2023,17,0.25735294117647056,0.125,0.25892377737733835,0.25,1.0,True
2020-12-16,LR,16,2.4921875,2.5,0.25182439783259686,0.15625,1.0,True
2021-03-17,2021,18,0.125,0.125,0.0,0.0,0.0,True
2021-03-17,2022,18,0.19444444444444445,0.125,0.13958160584890125,0.0,0.5,True
2021-03-17,2023,18,0.4027777777777778,0.125,0.3808697000222802,0.6875,1.0,True
2021-03-17,LR,17,2.4779411764705883,2.5,0.25086356042988206,0.25,1.0,True
2021-06-16,2021,18,0.125,0.125,0.0,0.0,0.0,True
2021-06-16,2022,18,0.25,0.125,0.1717960677340692,0.25,0.5,True
2021-06-16,2023,18,0.6944444444444444,0.625,0.48452120951423355,0.875,1.5,True
2021-06-16,LR,17,2.4779411764705883,2.5,0.25086356042988206,0.25,1.0,True
2021-09-22,2021,18,0.125,0.125,0.0,0.0,0.0,True
2021-09-22,2022,18,0.2916666666666667,0.25,0.18633899812498247,0.25,0.5,True
2021-09-22,2023,18,0.8888888888888888,1.0,0.4600137544910887,0.6875,1.5,True
2021-09-22,2024,18,1.6388888888888888,1.75,0.603647605891687,1.0,2.0,True
2021-09-22,LR,17,2.463235294117647,2.5,0.24164230478169094,0.25,1.0,True
2021-12-15,2021,18,0.125,0.125,0.0,0.0,0.0,True
2021-12-15,2022,18,0.8055555555555556,0.875,0.18267981163841535,0.25,0.75,True
2021-12-15,2023,18,1.6527777777777777,1.625,0.32155102507750627,0.5,1.0,True
2021-12-15,2024,18,2.3125,2.125,0.41300474169997936,0.8125,1.25,True
2021-12-15,LR,17,2.463235294117647,2.5,0.24164230478169094,0.25,1.0,True
2022-03-16,2022,16,2.046875,1.875,0.4304680410611222,0.5625,1.75,True
2022-03-16,2023,16,2.8125,2.75,0.44633927678392815,0.75,1.5,True
2022-03-16,2024,16,2.7890625,2.75,0.4974912648416553,0.8125,1.5,True
2022-03-16,LR,15,2.425,2.375,0.26536138880151094,0.25,1.0,True
2022-06-15,2022,18,3.388888888888889,3.375,0.2120046878121354,0.375,0.75,True
2022-06-15,2023,18,3.7777777777777777,3.75,0.3347769664776097,0.4375,1.5,True
2022-06-15,2024,18,3.2569444444444446,3.375,0.4795690741838763,0.25,2.0,True
2022-06-15,LR,17,2.4338235294117645,2.5,0.25043215244009415,0.25,1.0,True
2022-09-21,2022,19,4.256578947368421,4.375,0.1695276148253306,0.25,0.75,True
2022-09-21,2023,19,4.5855263157894735,4.625,0.2598476007648881,0.5,1.0,True
2022-09-21,2024,19,3.7565789473684212,3.875,0.5402753991486265,0.75,2.0,True
2022-09-21,2025,19,3.0065789473684212,2.875,0.5523182068898778,0.625,2.25,True
2022-09-21,LR,18,2.4722222222222223,2.5,0.22265582697057498,0.25,0.75,True
2022-12-14,2022,19,4.375,4.375,0.0,0.0,0.0,True
2022-12-14,2023,19,5.217105263157895,5.125,0.20213541441759494,0.25,0.75,True
2022-12-14,2024,19,4.296052631578948,4.125,0.5907880084379907,0.75,2.5,True
2022-12-14,2025,19,3.3223684210526314,3.125,0.7590634264134715,0.875,3.25,True
2022-12-14,LR,18,2.5069444444444446,2.5,0.24816067201674497,0.125,1.0,True
2023-03-22,2023,18,5.277777777777778,5.125,0.2519216270446813,0.25,1.0,True
2023-03-22,2024,18,4.402777777777778,4.25,0.5886005583449192,0.5,2.25,True
2023-03-22,2025,18,3.3333333333333335,3.125,0.7557648811340439,0.6875,3.25,True
2023-03-22,LR,17,2.588235294117647,2.5,0.3581116371142917,0.125,1.375,True
2023-06-14,2023,18,5.569444444444445,5.625,0.2437490107608923,0.25,1.0,True
2023-06-14,2024,18,4.75,4.625,0.5667279378639768,0.75,2.25,True
2023-06-14,2025,18,3.5833333333333335,3.375,0.8217951218048342,0.9375,3.25,True
2023-06-14,LR,17,2.661764705882353,2.5,0.32866906821510306,0.25,1.25,True
2023-09-20,2023,19,5.532894736842105,5.625,0.12059409723568003,0.25,0.25,True
2023-09-20,2024,19,5.046052631578948,5.125,0.42960072940301336,0.625,1.75,True
2023-09-20,2025,19,3.9671052631578947,3.875,0.8119604537127111,1.0,3.0,True
2023-09-20,2026,19,3.223684210526316,2.875,0.8646749345171696,1.375,2.5,True
2023-09-20,LR,18,2.7569444444444446,2.5,0.4611132028065008,0.40625,1.375,True
2023-12-13,2023,19,5.375,5.375,0.0,0.0,0.0,True
2023-12-13,2024,19,4.703947368421052,4.625,0.3540427380808871,0.375,1.5,True
2023-12-13,2025,19,3.611842105263158,3.625,0.6095386748368667,0.5,3.0,True
2023-12-13,2026,19,2.9473684210526314,2.875,0.566783093248417,0.5,2.5,True
2023-12-13,LR,18,2.7291666666666665,2.5,0.41718717488543305,0.34375,1.375,True
2024-03-20,2024,19,4.809210526315789,4.625,0.2670760938182163,0.25,1.0,True
2024-03-20,2025,19,3.7828947368421053,3.875,0.5573110153828256,0.25,2.75,True
2024-03-20,2026,19,3.0657894736842106,3.125,0.5355279322360189,0.25,2.5,True
2024-03-20,LR,18,2.8125,2.5625,0.4108975609024171,0.5,1.375,True
2024-06-12,2024,19,5.072368421052632,5.125,0.1915818391915926,0.25,0.5,True
2024-06-12,2025,19,4.1644736842105265,4.125,0.4747794355965452,0.25,2.5,True
2024-06-12,2026,19,3.2960526315789473,3.125,0.5322039056883339,0.375,2.5,True
2024-06-12,LR,19,2.9078947368421053,2.75,0.4152561536331448,0.5625,1.375,True
2024-09-18,2024,19,4.506578947368421,4.375,0.1879323270669171,0.25,0.75,True
2024-09-18,2025,19,3.348684210526316,3.375,0.31303624350974524,0.375,1.25,True
2024-09-18,2026,19,3.085526315789474,2.875,0.40768245749551757,0.5,1.5,True
2024-09-18,2027,19,3.0592105263157894,2.875,0.4356038251907065,0.625,1.5,True
2024-09-18,LR,19,2.9934210526315788,2.875,0.41650504714064246,0.6875,1.375,True
2024-12-18,2024,19,4.427631578947368,4.375,0.10192061437387939,0.0,0.25,True
2024-12-18,2025,19,3.835526315789474,3.875,0.2722126429681211,0.125,1.25,True
2024-12-18,2026,19,3.3421052631578947,3.375,0.38865935494057713,0.5,1.5,True
2024-12-18,2027,19,3.210526315789474,3.125,0.40566026340705247,0.625,1.5,True
2024-12-18,LR,19,3.111842105263158,3.0,0.4251445900369345,0.625,1.5,True
2025-03-19,2025,19,4.006578947368421,3.875,0.23463887500167116,0.25,0.75,True
2025-03-19,2026,19,3.4539473684210527,3.375,0.3808977585823718,0.25,1.25,True
2025-03-19,2027,19,3.2434210526315788,3.125,0.3749422854940791,0.625,1.25,True
2025-03-19,LR,19,3.111842105263158,3.0,0.42125817351531897,0.625,1.375,True
2025-06-18,2025,19,4.059210526315789,3.875,0.2670760938182163,0.5,0.75,True
2025-06-18,2026,19,3.5065789473684212,3.625,0.3749422854940791,0.5,1.5,True
2025-06-18,2027,19,3.2697368421052633,3.375,0.36559063130131064,0.5,1.25,True
2025-06-18,LR,19,3.111842105263158,3.0,0.42125817351531897,0.625,1.375,True
2025-09-17,2025,19,3.8092105263157894,3.625,0.3328713326493031,0.5,1.5,True
2025-09-17,2026,19,3.2960526315789473,3.375,0.38943812070917744,0.625,1.25,True
2025-09-17,2027,19,3.151315789473684,3.125,0.396487346666299,0.5,1.5,True
2025-09-17,2028,19,3.1315789473684212,3.125,0.38999342987576135,0.5,1.25,True
2025-09-17,LR,19,3.1184210526315788,3.0,0.37274251247934986,0.5625,1.25,True
2025-12-10,2025,19,3.6907894736842106,3.625,0.13674085322912188,0.25,0.5,True
2025-12-10,2026,19,3.2960526315789473,3.375,0.444651190755679,0.5,1.75,True
2025-12-10,2027,19,3.164473684210526,3.125,0.39953227501813093,0.5,1.5,True
2025-12-10,2028,19,3.1447368421052633,3.125,0.38530395958806113,0.5,1.25,True
2025-12-10,LR,19,3.1315789473684212,3.0,0.3638104358604866,0.4375,1.25,True
2026-03-18,2026,19,3.348684210526316,3.375,0.2912624160681402,0.375,1.0,True
2026-03-18,2027,19,3.1907894736842106,3.125,0.36130342678278893,0.375,1.5,True
2026-03-18,2028,19,3.1907894736842106,3.125,0.332871332649303,0.375,1.25,True
2026-03-18,LR,19,3.164473684210526,3.125,0.3370065388122552,0.375,1.25,True
