date,horizon,rate_level,count,convention
2012-01-25,2012,0.25,14,target_rate
2012-01-25,2012,0.5,1,target_rate
2012-01-25,2012,1.0,2,target_rate
2012-01-25,2013,0.25,11,target_rate
2012-01-25,2013,0.5,1,target_rate
2012-01-25,2013,0.75,2,target_rate
2012-01-25,2013,1.0,1,target_rate
2012-01-25,2013,1.75,1,target_rate
2012-01-25,2013,2.0,1,target_rate
2012-01-25,2014,0.25,6,target_rate
2012-01-25,2014,0.5,2,target_rate
2012-01-25,2014,0.75,1,target_rate
2012-01-25,2014,1.0,2,target_rate
2012-01-25,2014,1.5,1,target_rate
2012-01-25,2014,2.0,1,target_rate
2012-01-25,2014,2.5,3,target_rate
2012-01-25,2014,2.75,1,target_rate
2012-01-25,LR,3.75,1,target_rate
2012-01-25,LR,4.0,7,target_rate
2012-01-25,LR,4.25,3,target_rate
2012-01-25,LR,4.5,6,target_rate
2012-04-25,2012,0.25,14,target_rate
2012-04-25,2012,0.5,1,target_rate
2012-04-25,2012,1.0,1,target_rate
2012-04-25,2012,1.25,1,target_rate
2012-04-25,2013,0.25,11,target_rate
2012-04-25,2013,0.75,1,target_rate
2012-04-25,2013,1.0,2,target_rate
2012-04-25,2013,1.25,1,target_rate
2012-04-25,2013,1.75,2,target_rate
2012-04-25,2014,0.25,4,target_rate
2012-04-25,2014,0.5,3,target_rate
2012-04-25,2014,1.0,2,target_rate
2012-04-25,2014,1.5,1,target_rate
2012-04-25,2014,2.0,2,target_rate
2012-04-25,2014,2.25,1,target_rate
2012-04-25,2014,2.5,3,target_rate
2012-04-25,2014,2.75,1,target_rate
2012-04-25,LR,3.5,1,target_rate
2012-04-25,LR,3.75,1,target_rate
2012-04-25,LR,4.0,6,target_rate
2012-04-25,LR,4.25,2,target_rate
2012-04-25,LR,4.5,7,target_rate
2012-06-20,2012,0.25,16,target_rate
2012-06-20,2012,0.5,2,target_rate
2012-06-20,2012,0.75,1,target_rate
2012-06-20,2013,0.25,13,target_rate
2012-06-20,2013,0.5,1,target_rate
2012-06-20,2013,0.75,1,target_rate
2012-06-20,2013,1.0,1,target_rate
2012-06-20,2013,1.25,2,target_rate
2012-06-20,2013,1.75,1,target_rate
2012-06-20,2014,0.25,6,target_rate
2012-06-20,2014,0.5,4,target_rate
2012-06-20,2014,0.75,1,target_rate
2012-06-20,2014,1.5,2,target_rate
2012-06-20,2014,1.75,2,target_rate
2012-06-20,2014,2.0,1,target_rate
2012-06-20,2014,2.5,1,target_rate
2012-06-20,2014,2.75,1,target_rate
2012-06-20,2014,3.0,1,target_rate
2012-06-20,LR,3.0,1,target_rate
2012-06-20,LR,3.5,1,target_rate
2012-06-20,LR,3.75,1,target_rate
2012-06-20,LR,4.0,6,target_rate
2012-06-20,LR,4.25,5,target_rate
2012-06-20,LR,4.5,5,target_rate
2012-09-13,2012,0.25,18,target_rate
2012-09-13,2012,0.5,1,target_rate
2012-09-13,2013,0.25,15,target_rate
2012-09-13,2013,0.5,2,target_rate
2012-09-13,2013,0.75,1,target_rate
2012-09-13,2013,1.75,1,target_rate
2012-09-13,2014,0.25,13,target_rate
2012-09-13,2014,1.5,2,target_rate
2012-09-13,2014,1.75,2,target_rate
2012-09-13,2014,2.5,1,target_rate
2012-09-13,2014,3.0,1,target_rate
2012-09-13,2015,0.25,1,target_rate
2012-09-13,2015,0.5,2,target_rate
2012-09-13,2015,0.75,3,target_rate
2012-09-13,2015,1.0,4,target_rate
2012-09-13,2015,1.5,3,target_rate
2012-09-13,2015,2.5,2,target_rate
2012-09-13,2015,3.5,1,target_rate
2012-09-13,2015,3.75,1,target_rate
2012-09-13,2015,4.0,1,target_rate
2012-09-13,2015,4.5,1,target_rate
2012-09-13,LR,3.0,1,target_rate
2012-09-13,LR,3.5,1,target_rate
2012-09-13,LR,3.75,2,target_rate
2012-09-13,LR,4.0,6,target_rate
2012-09-13,LR,4.25,5,target_rate
2012-09-13,LR,4.5,4,target_rate
2012-12-12,2012,0.25,19,target_rate
2012-12-12,2013,0.25,17,target_rate
2012-12-12,2013,0.5,1,target_rate
2012-12-12,2013,1.0,1,target_rate
2012-12-12,2014,0.25,14,target_rate
2012-12-12,2014,0.5,1,target_rate
2012-12-12,2014,1.5,2,target_rate
2012-12-12,2014,1.75,1,target_rate
2012-12-12,2014,2.75,1,target_rate
2012-12-12,2015,0.25,1,target_rate
2012-12-12,2015,0.5,5,target_rate
2012-12-12,2015,0.75,3,target_rate
2012-12-12,2015,1.0,3,target_rate
2012-12-12,2015,1.25,2,target_rate
2012-12-12,2015,2.0,1,target_rate
2012-12-12,2015,2.5,1,target_rate
2012-12-12,2015,3.5,1,target_rate
2012-12-12,2015,3.75,1,target_rate
2012-12-12,2015,4.5,1,target_rate
2012-12-12,LR,3.0,1,target_rate
2012-12-12,LR,3.5,1,target_rate
2012-12-12,LR,3.75,3,target_rate
2012-12-12,LR,4.0,5,target_rate
2012-12-12,LR,4.25,6,target_rate
2012-12-12,LR,4.5,3,target_rate
2013-03-20,2013,0.25,18,target_rate
2013-03-20,2013,1.0,1,target_rate
2013-03-20,2014,0.25,14,target_rate
2013-03-20,2014,0.5,1,target_rate
2013-03-20,2014,1.0,2,target_rate
2013-03-20,2014,1.75,1,target_rate
2013-03-20,2014,2.75,1,target_rate
2013-03-20,2015,0.25,1,target_rate
2013-03-20,2015,0.5,7,target_rate
2013-03-20,2015,0.75,1,target_rate
2013-03-20,2015,1.0,2,target_rate
2013-03-20,2015,1.25,4,target_rate
2013-03-20,2015,2.0,1,target_rate
2013-03-20,2015,3.0,1,target_rate
2013-03-20,2015,3.75,1,target_rate
2013-03-20,2015,4.5,1,target_rate
2013-03-20,LR,3.25,1,target_rate
2013-03-20,LR,3.5,2,target_rate
2013-03-20,LR,3.75,1,target_rate
2013-03-20,LR,4.0,9,target_rate
2013-03-20,LR,4.25,3,target_rate
2013-03-20,LR,4.5,3,target_rate
2013-06-19,2013,0.25,18,target_rate
2013-06-19,2013,0.5,1,target_rate
2013-06-19,2014,0.25,15,target_rate
2013-06-19,2014,1.0,3,target_rate
2013-06-19,2014,1.5,1,target_rate
2013-06-19,2015,0.25,1,target_rate
2013-06-19,2015,0.5,2,target_rate
2013-06-19,2015,0.75,3,target_rate
2013-06-19,2015,1.0,4,target_rate
2013-06-19,2015,1.25,2,target_rate
2013-06-19,2015,1.5,3,target_rate
2013-06-19,2015,2.0,1,target_rate
2013-06-19,2015,3.0,3,target_rate
2013-06-19,LR,3.25,1,target_rate
2013-06-19,LR,3.5,2,target_rate
2013-06-19,LR,3.75,1,target_rate
2013-06-19,LR,4.0,9,target_rate
2013-06-19,LR,4.25,3,target_rate
2013-06-19,LR,4.5,3,target_rate
2013-09-18,2013,0.25,17,target_rate
2013-09-18,2014,0.25,14,target_rate
2013-09-18,2014,1.0,2,target_rate
2013-09-18,2014,1.25,1,target_rate
2013-09-18,2015,0.25,2,target_rate
2013-09-18,2015,0.5,1,target_rate
2013-09-18,2015,0.75,5,target_rate
2013-09-18,2015,1.0,3,target_rate
2013-09-18,2015,1.25,1,target_rate
2013-09-18,2015,1.5,2,target_rate
2013-09-18,2015,3.0,2,target_rate
2013-09-18,2015,3.25,1,target_rate
2013-09-18,2016,0.5,1,target_rate
2013-09-18,2016,1.0,1,target_rate
2013-09-18,2016,1.5,1,target_rate
2013-09-18,2016,1.75,5,target_rate
2013-09-18,2016,2.0,2,target_rate
2013-09-18,2016,2.5,2,target_rate
2013-09-18,2016,2.75,2,target_rate
2013-09-18,2016,4.0,2,target_rate
2013-09-18,2016,4.25,1,target_rate
2013-09-18,LR,3.25,1,target_rate
2013-09-18,LR,3.5,2,target_rate
2013-09-18,LR,3.75,1,target_rate
2013-09-18,LR,4.0,10,target_rate
2013-09-18,LR,4.25,3,target_rate
2013-12-18,2013,0.25,17,target_rate
2013-12-18,2014,0.25,15,target_rate
2013-12-18,2014,0.75,1,target_rate
2013-12-18,2014,1.25,1,target_rate
2013-12-18,2015,0.25,3,target_rate
2013-12-18,2015,0.5,3,target_rate
2013-12-18,2015,0.75,4,target_rate
2013-12-18,2015,1.0,2,target_rate
2013-12-18,2015,1.25,1,target_rate
2013-12-18,2015,1.5,1,target_rate
2013-12-18,2015,2.0,1,target_rate
2013-12-18,2015,2.75,1,target_rate
2013-12-18,2015,3.25,1,target_rate
2013-12-18,2016,0.5,1,target_rate
2013-12-18,2016,1.0,1,target_rate
2013-12-18,2016,1.25,1,target_rate
2013-12-18,2016,1.5,2,target_rate
2013-12-18,2016,1.75,4,target_rate
2013-12-18,2016,2.0,1,target_rate
2013-12-18,2016,2.5,2,target_rate
2013-12-18,2016,2.75,1,target_rate
2013-12-18,2016,3.0,1,target_rate
2013-12-18,2016,3.25,1,target_rate
2013-12-18,2016,4.0,1,target_rate
2013-12-18,2016,4.25,1,target_rate
2013-12-18,LR,3.5,4,target_rate
2013-12-18,LR,3.75,2,target_rate
2013-12-18,LR,4.0,9,target_rate
2013-12-18,LR,4.25,2,target_rate
2014-03-19,2014,0.25,15,target_rate
2014-03-19,2014,1.0,1,target_rate
2014-03-19,2015,0.25,2,target_rate
2014-03-19,2015,0.5,2,target_rate
2014-03-19,2015,0.75,2,target_rate
2014-03-19,2015,1.0,5,target_rate
2014-03-19,2015,1.25,1,target_rate
2014-03-19,2015,1.5,1,target_rate
2014-03-19,2015,2.0,1,target_rate
2014-03-19,2015,2.25,1,target_rate
2014-03-19,2015,3.0,1,target_rate
2014-03-19,2016,0.75,1,target_rate
2014-03-19,2016,1.25,1,target_rate
2014-03-19,2016,1.75,2,target_rate
2014-03-19,2016,2.0,3,target_rate
2014-03-19,2016,2.25,2,target_rate
2014-03-19,2016,2.5,1,target_rate
2014-03-19,2016,2.75,2,target_rate
2014-03-19,2016,3.0,1,target_rate
2014-03-19,2016,3.5,1,target_rate
2014-03-19,2016,4.0,1,target_rate
2014-03-19,2016,4.25,1,target_rate
2014-03-19,LR,3.5,4,target_rate
2014-03-19,LR,3.75,2,target_rate
2014-03-19,LR,4.0,8,target_rate
2014-03-19,LR,4.25,2,target_rate
2014-06-18,2014,0.25,15,target_rate
2014-06-18,2014,1.0,1,target_rate
2014-06-18,2015,0.25,3,target_rate
2014-06-18,2015,0.5,1,target_rate
2014-06-18,2015,0.75,1,target_rate
2014-06-18,2015,1.0,3,target_rate
2014-06-18,2015,1.25,3,target_rate
2014-06-18,2015,1.5,1,target_rate
2014-06-18,2015,1.75,1,target_rate
2014-06-18,2015,2.0,1,target_rate
2014-06-18,2015,2.25,1,target_rate
2014-06-18,2015,3.0,1,target_rate
2014-06-18,2016,0.5,1,target_rate
2014-06-18,2016,1.0,1,target_rate
2014-06-18,2016,1.25,1,target_rate
2014-06-18,2016,2.0,2,target_rate
2014-06-18,2016,2.25,2,target_rate
2014-06-18,2016,2.5,2,target_rate
2014-06-18,2016,2.75,1,target_rate
2014-06-18,2016,3.0,2,target_rate
2014-06-18,2016,3.5,1,target_rate
2014-06-18,2016,3.75,1,target_rate
2014-06-18,2016,4.0,1,target_rate
2014-06-18,2016,4.25,1,target_rate
2014-06-18,LR,3.25,1,target_rate
2014-06-18,LR,3.5,3,target_rate
2014-06-18,LR,3.75,7,target_rate
2014-06-18,LR,4.0,3,target_rate
2014-06-18,LR,4.25,2,target_rate
2014-09-17,2014,0.125,16,midpoint
2014-09-17,2014,0.875,1,midpoint
2014-09-17,2015,0.125,2,midpoint
2014-09-17,2015,0.375,1,midpoint
2014-09-17,2015,0.875,3,midpoint
2014-09-17,2015,1.125,2,midpoint
2014-09-17,2015,1.375,3,midpoint
2014-09-17,2015,1.625,1,midpoint
2014-09-17,2015,1.875,4,midpoint
2014-09-17,2015,2.875,1,midpoint
2014-09-17,2016,0.375,1,midpoint
2014-09-17,2016,1.125,1,midpoint
2014-09-17,2016,1.625,1,midpoint
2014-09-17,2016,2.125,2,midpoint
2014-09-17,2016,2.375,2,midpoint
2014-09-17,2016,2.625,1,midpoint
2014-09-17,2016,2.875,2,midpoint
2014-09-17,2016,3.0,1,midpoint
2014-09-17,2016,3.125,1,midpoint
2014-09-17,2016,3.375,1,midpoint
2014-09-17,2016,3.875,3,midpoint
2014-09-17,2016,4.0,1,midpoint
2014-09-17,2017,2.0,1,midpoint
2014-09-17,2017,2.625,1,midpoint
2014-09-17,2017,3.125,3,midpoint
2014-09-17,2017,3.375,2,midpoint
2014-09-17,2017,3.625,1,midpoint
2014-09-17,2017,3.75,2,midpoint
2014-09-17,2017,3.875,3,midpoint
2014-09-17,2017,4.0,1,midpoint
2014-09-17,2017,4.125,1,midpoint
2014-09-17,2017,4.25,1,midpoint
2014-09-17,2017,4.375,1,midpoint
2014-09-17,LR,3.25,1,midpoint
2014-09-17,LR,3.5,3,midpoint
2014-09-17,LR,3.75,6,midpoint
2014-09-17,LR,3.875,2,midpoint
2014-09-17,LR,4.0,3,midpoint
2014-09-17,LR,4.25,2,midpoint
2014-12-17,2014,0.125,17,midpoint
2014-12-17,2015,0.125,2,midpoint
2014-12-17,2015,0.625,2,midpoint
2014-12-17,2015,0.875,4,midpoint
2014-12-17,2015,1.125,3,midpoint
2014-12-17,2015,1.625,2,midpoint
2014-12-17,2015,1.875,4,midpoint
2014-12-17,2016,0.375,1,midpoint
2014-12-17,2016,1.125,1,midpoint
2014-12-17,2016,1.875,2,midpoint
2014-12-17,2016,2.125,3,midpoint
2014-12-17,2016,2.375,1,midpoint
2014-12-17,2016,2.5,1,midpoint
2014-12-17,2016,2.625,1,midpoint
2014-12-17,2016,2.875,1,midpoint
2014-12-17,2016,3.125,2,midpoint
2014-12-17,2016,3.375,1,midpoint
2014-12-17,2016,3.625,1,midpoint
2014-12-17,2016,3.875,1,midpoint
2014-12-17,2016,4.0,1,midpoint
2014-12-17,2017,2.0,1,midpoint
2014-12-17,2017,2.625,1,midpoint
2014-12-17,2017,2.875,1,midpoint
2014-12-17,2017,3.125,2,midpoint
2014-12-17,2017,3.375,2,midpoint
2014-12-17,2017,3.625,2,midpoint
2014-12-17,2017,3.75,3,midpoint
2014-12-17,2017,3.875,1,midpoint
2014-12-17,2017,4.0,1,midpoint
2014-12-17,2017,4.125,1,midpoint
2014-12-17,2017,4.25,2,midpoint
2014-12-17,LR,3.25,1,midpoint
2014-12-17,LR,3.5,3,midpoint
2014-12-17,LR,3.75,8,midpoint
2014-12-17,LR,4.0,3,midpoint
2014-12-17,LR,4.25,2,midpoint
2015-03-18,2015,0.125,2,midpoint
2015-03-18,2015,0.375,1,midpoint
2015-03-18,2015,0.625,7,midpoint
2015-03-18,2015,0.875,3,midpoint
2015-03-18,2015,1.125,1,midpoint
2015-03-18,2015,1.375,2,midpoint
2015-03-18,2015,1.625,1,midpoint
2015-03-18,2016,0.375,1,midpoint
2015-03-18,2016,1.125,1,midpoint
2015-03-18,2016,1.625,6,midpoint
2015-03-18,2016,1.875,3,midpoint
2015-03-18,2016,2.125,1,midpoint
2015-03-18,2016,2.25,1,midpoint
2015-03-18,2016,2.625,1,midpoint
2015-03-18,2016,3.375,2,midpoint
2015-03-18,2016,3.75,1,midpoint
2015-03-18,2017,2.0,1,midpoint
2015-03-18,2017,2.625,3,midpoint
2015-03-18,2017,2.875,2,midpoint
2015-03-18,2017,3.125,4,midpoint
2015-03-18,2017,3.375,1,midpoint
2015-03-18,2017,3.625,2,midpoint
2015-03-18,2017,3.75,2,midpoint
2015-03-18,2017,3.875,1,midpoint
2015-03-18,2017,4.0,1,midpoint
2015-03-18,LR,3.0,1,midpoint
2015-03-18,LR,3.5,7,midpoint
2015-03-18,LR,3.75,6,midpoint
2015-03-18,LR,4.0,2,midpoint
2015-03-18,LR,4.25,1,midpoint
2015-06-17,2015,0.125,2,midpoint
2015-06-17,2015,0.375,5,midpoint
2015-06-17,2015,0.625,5,midpoint
2015-06-17,2015,0.875,5,midpoint
2015-06-17,2016,0.375,1,midpoint
2015-06-17,2016,0.875,1,midpoint
2015-06-17,2016,1.125,1,midpoint
2015-06-17,2016,1.375,4,midpoint
2015-06-17,2016,1.625,3,midpoint
2015-06-17,2016,1.875,1,midpoint
2015-06-17,2016,2.125,1,midpoint
2015-06-17,2016,2.25,1,midpoint
2015-06-17,2016,2.375,1,midpoint
2015-06-17,2016,2.625,1,midpoint
2015-06-17,2016,2.875,2,midpoint
2015-06-17,2017,2.0,1,midpoint
2015-06-17,2017,2.125,1,midpoint
2015-06-17,2017,2.375,3,midpoint
2015-06-17,2017,2.625,3,midpoint
2015-06-17,2017,2.875,1,midpoint
2015-06-17,2017,3.125,1,midpoint
2015-06-17,2017,3.375,1,midpoint
2015-06-17,2017,3.625,2,midpoint
2015-06-17,2017,3.75,2,midpoint
2015-06-17,2017,3.875,2,midpoint
2015-06-17,LR,3.25,3,midpoint
2015-06-17,LR,3.5,5,midpoint
2015-06-17,LR,3.75,6,midpoint
2015-06-17,LR,4.0,2,midpoint
2015-06-17,LR,4.25,1,midpoint
2015-09-17,2015,0.125,3,midpoint
2015-09-17,2015,0.375,7,midpoint
2015-09-17,2015,0.625,5,midpoint
2015-09-17,2015,0.875,1,midpoint
2015-09-17,2016,0.875,2,midpoint
2015-09-17,2016,1.125,4,midpoint
2015-09-17,2016,1.375,2,midpoint
2015-09-17,2016,1.625,3,midpoint
2015-09-17,2016,1.875,1,midpoint
2015-09-17,2016,2.125,2,midpoint
2015-09-17,2016,2.375,1,midpoint
2015-09-17,2016,2.875,1,midpoint
2015-09-17,2017,1.0,1,midpoint
2015-09-17,2017,1.875,2,midpoint
2015-09-17,2017,2.125,2,midpoint
2015-09-17,2017,2.375,2,midpoint
2015-09-17,2017,2.625,3,midpoint
2015-09-17,2017,3.0,2,midpoint
2015-09-17,2017,3.125,1,midpoint
2015-09-17,2017,3.375,2,midpoint
2015-09-17,2017,3.5,1,midpoint
2015-09-17,2017,3.875,1,midpoint
2015-09-17,2018,2.875,3,midpoint
2015-09-17,2018,3.0,1,midpoint
2015-09-17,2018,3.125,2,midpoint
2015-09-17,2018,3.25,2,midpoint
2015-09-17,2018,3.375,1,midpoint
2015-09-17,2018,3.5,3,midpoint
2015-09-17,2018,3.625,3,midpoint
2015-09-17,2018,3.75,1,midpoint
2015-09-17,2018,3.875,1,midpoint
2015-09-17,LR,3.0,1,midpoint
2015-09-17,LR,3.25,6,midpoint
2015-09-17,LR,3.5,5,midpoint
2015-09-17,LR,3.625,1,midpoint
2015-09-17,LR,3.75,3,midpoint
2015-09-17,LR,4.0,1,midpoint
2015-12-16,2015,0.125,2,midpoint
2015-12-16,2015,0.375,15,midpoint
2015-12-16,2016,0.875,4,midpoint
2015-12-16,2016,1.125,3,midpoint
2015-12-16,2016,1.375,7,midpoint
2015-12-16,2016,1.625,2,midpoint
2015-12-16,2016,2.125,1,midpoint
2015-12-16,2017,1.875,5,midpoint
2015-12-16,2017,2.125,2,midpoint
2015-12-16,2017,2.375,4,midpoint
2015-12-16,2017,2.625,2,midpoint
2015-12-16,2017,3.0,1,midpoint
2015-12-16,2017,3.125,2,midpoint
2015-12-16,2017,3.375,1,midpoint
2015-12-16,2018,2.125,1,midpoint
2015-12-16,2018,2.5,1,midpoint
2015-12-16,2018,2.875,4,midpoint
2015-12-16,2018,3.0,1,midpoint
2015-12-16,2018,3.125,1,midpoint
2015-12-16,2018,3.25,1,midpoint
2015-12-16,2018,3.375,3,midpoint
2015-12-16,2018,3.5,2,midpoint
2015-12-16,2018,3.625,2,midpoint
2015-12-16,2018,3.875,1,midpoint
2015-12-16,LR,3.0,2,midpoint
2015-12-16,LR,3.25,6,midpoint
2015-12-16,LR,3.5,6,midpoint
2015-12-16,LR,3.75,2,midpoint
2015-12-16,LR,4.0,1,midpoint
2016-03-16,2016,0.625,1,midpoint
2016-03-16,2016,0.875,9,midpoint
2016-03-16,2016,1.125,3,midpoint
2016-03-16,2016,1.375,4,midpoint
2016-03-16,2017,1.625,4,midpoint
2016-03-16,2017,1.875,5,midpoint
2016-03-16,2017,2.125,3,midpoint
2016-03-16,2017,2.375,3,midpoint
2016-03-16,2017,2.625,1,midpoint
2016-03-16,2017,2.75,1,midpoint
2016-03-16,2018,2.125,1,midpoint
2016-03-16,2018,2.375,2,midpoint
2016-03-16,2018,2.5,1,midpoint
2016-03-16,2018,2.625,1,midpoint
2016-03-16,2018,2.875,3,midpoint
2016-03-16,2018,3.0,1,midpoint
2016-03-16,2018,3.125,3,midpoint
2016-03-16,2018,3.25,2,midpoint
2016-03-16,2018,3.375,2,midpoint
2016-03-16,2018,3.875,1,midpoint
2016-03-16,LR,3.0,5,midpoint
2016-03-16,LR,3.25,7,midpoint
2016-03-16,LR,3.5,2,midpoint
2016-03-16,LR,3.75,2,midpoint
2016-03-16,LR,4.0,1,midpoint
2016-06-15,2016,0.625,6,midpoint
2016-06-15,2016,0.875,9,midpoint
2016-06-15,2016,1.125,1,midpoint
2016-06-15,2016,1.375,1,midpoint
2016-06-15,2017,0.625,1,midpoint
2016-06-15,2017,1.375,6,midpoint
2016-06-15,2017,1.625,4,midpoint
2016-06-15,2017,1.875,3,midpoint
2016-06-15,2017,2.125,1,midpoint
2016-06-15,2017,2.25,1,midpoint
2016-06-15,2017,2.375,1,midpoint
2016-06-15,2018,0.625,1,midpoint
2016-06-15,2018,2.125,4,midpoint
2016-06-15,2018,2.375,5,midpoint
2016-06-15,2018,2.625,1,midpoint
2016-06-15,2018,2.875,3,midpoint
2016-06-15,2018,3.0,1,midpoint
2016-06-15,2018,3.25,1,midpoint
2016-06-15,2018,3.375,1,midpoint
2016-06-15,LR,2.75,3,midpoint
2016-06-15,LR,3.0,6,midpoint
2016-06-15,LR,3.25,4,midpoint
2016-06-15,LR,3.5,1,midpoint
2016-06-15,LR,3.75,2,midpoint
2016-09-21,2016,0.375,3,midpoint
2016-09-21,2016,0.625,10,midpoint
2016-09-21,2016,0.875,3,midpoint
2016-09-21,2016,1.125,1,midpoint
2016-09-21,2017,0.625,2,midpoint
2016-09-21,2017,0.875,1,midpoint
2016-09-21,2017,1.125,7,midpoint
2016-09-21,2017,1.375,1,midpoint
2016-09-21,2017,1.625,2,midpoint
2016-09-21,2017,1.75,1,midpoint
2016-09-21,2017,1.875,2,midpoint
2016-09-21,2017,2.125,1,midpoint
2016-09-21,2018,0.625,1,midpoint
2016-09-21,2018,1.625,2,midpoint
2016-09-21,2018,1.875,7,midpoint
2016-09-21,2018,2.125,1,midpoint
2016-09-21,2018,2.625,2,midpoint
2016-09-21,2018,2.75,2,midpoint
2016-09-21,2018,2.875,1,midpoint
2016-09-21,2018,3.125,1,midpoint
2016-09-21,2019,0.625,1,midpoint
2016-09-21,2019,2.125,1,midpoint
2016-09-21,2019,2.375,3,midpoint
2016-09-21,2019,2.625,5,midpoint
2016-09-21,2019,2.75,1,midpoint
2016-09-21,2019,3.0,3,midpoint
2016-09-21,2019,3.125,1,midpoint
2016-09-21,2019,3.375,1,midpoint
2016-09-21,2019,3.75,1,midpoint
2016-09-21,LR,2.5,3,midpoint
2016-09-21,LR,2.75,5,midpoint
2016-09-21,LR,3.0,6,midpoint
2016-09-21,LR,3.5,1,midpoint
2016-09-21,LR,3.75,1,midpoint
2016-12-14,2016,0.625,17,midpoint
2016-12-14,2017,0.875,2,midpoint
2016-12-14,2017,1.125,4,midpoint
2016-12-14,2017,1.375,6,midpoint
2016-12-14,2017,1.625,3,midpoint
2016-12-14,2017,1.75,1,midpoint
2016-12-14,2017,2.125,1,midpoint
2016-12-14,2018,0.875,1,midpoint
2016-12-14,2018,1.625,1,midpoint
2016-12-14,2018,1.875,5,midpoint
2016-12-14,2018,2.125,3,midpoint
2016-12-14,2018,2.375,2,midpoint
2016-12-14,2018,2.625,2,midpoint
2016-12-14,2018,3.0,1,midpoint
2016-12-14,2018,3.25,1,midpoint
2016-12-14,2018,3.375,1,midpoint
2016-12-14,2019,0.875,1,midpoint
2016-12-14,2019,2.125,1,midpoint
2016-12-14,2019,2.375,2,midpoint
2016-12-14,2019,2.625,3,midpoint
2016-12-14,2019,2.875,2,midpoint
2016-12-14,2019,3.0,2,midpoint
2016-12-14,2019,3.125,2,midpoint
2016-12-14,2019,3.25,2,midpoint
2016-12-14,2019,3.625,1,midpoint
2016-12-14,2019,3.875,1,midpoint
2016-12-14,LR,2.5,1,midpoint
2016-12-14,LR,2.75,6,midpoint
2016-12-14,LR,3.0,7,midpoint
2016-12-14,LR,3.5,1,midpoint
2016-12-14,LR,3.75,1,midpoint
2017-03-15,2017,0.875,2,midpoint
2017-03-15,2017,1.125,1,midpoint
2017-03-15,2017,1.375,9,midpoint
2017-03-15,2017,1.625,4,midpoint
2017-03-15,2017,2.125,1,midpoint
2017-03-15,2018,0.875,1,midpoint
2017-03-15,2018,1.625,1,midpoint
2017-03-15,2018,1.875,1,midpoint
2017-03-15,2018,2.125,6,midpoint
2017-03-15,2018,2.375,3,midpoint
2017-03-15,2018,2.625,1,midpoint
2017-03-15,2018,2.875,1,midpoint
2017-03-15,2018,3.0,1,midpoint
2017-03-15,2018,3.25,1,midpoint
2017-03-15,2018,3.375,1,midpoint
2017-03-15,2019,0.875,1,midpoint
2017-03-15,2019,2.375,2,midpoint
2017-03-15,2019,2.625,2,midpoint
2017-03-15,2019,2.875,3,midpoint
2017-03-15,2019,3.0,2,midpoint
2017-03-15,2019,3.125,3,midpoint
2017-03-15,2019,3.25,2,midpoint
2017-03-15,2019,3.875,2,midpoint
2017-03-15,LR,2.5,1,midpoint
2017-03-15,LR,2.75,5,midpoint
2017-03-15,LR,3.0,8,midpoint
2017-03-15,LR,3.5,1,midpoint
2017-03-15,LR,3.75,1,midpoint
2017-06-14,2017,1.125,4,midpoint
2017-06-14,2017,1.375,8,midpoint
2017-06-14,2017,1.625,4,midpoint
2017-06-14,2018,1.125,1,midpoint
2017-06-14,2018,1.625,1,midpoint
2017-06-14,2018,1.875,2,midpoint
2017-06-14,2018,2.125,5,midpoint
2017-06-14,2018,2.375,2,midpoint
2017-06-14,2018,2.625,3,midpoint
2017-06-14,2018,2.75,1,midpoint
2017-06-14,2018,3.125,1,midpoint
2017-06-14,2019,1.125,1,midpoint
2017-06-14,2019,2.375,2,midpoint
2017-06-14,2019,2.625,3,midpoint
2017-06-14,2019,2.875,2,midpoint
2017-06-14,2019,3.0,2,midpoint
2017-06-14,2019,3.125,3,midpoint
2017-06-14,2019,3.25,1,midpoint
2017-06-14,2019,3.375,1,midpoint
2017-06-14,2019,4.125,1,midpoint
2017-06-14,LR,2.5,1,midpoint
2017-06-14,LR,2.75,5,midpoint
2017-06-14,LR,3.0,8,midpoint
2017-06-14,LR,3.5,1,midpoint
2017-09-20,2017,1.125,4,midpoint
2017-09-20,2017,1.375,11,midpoint
2017-09-20,2017,1.625,1,midpoint
2017-09-20,2018,1.125,2,midpoint
2017-09-20,2018,1.625,1,midpoint
2017-09-20,2018,1.875,2,midpoint
2017-09-20,2018,2.125,6,midpoint
2017-09-20,2018,2.375,3,midpoint
2017-09-20,2018,2.5,1,midpoint
2017-09-20,2018,2.625,1,midpoint
2017-09-20,2019,1.125,1,midpoint
2017-09-20,2019,1.625,1,midpoint
2017-09-20,2019,2.125,1,midpoint
2017-09-20,2019,2.375,2,midpoint
2017-09-20,2019,2.5,1,midpoint
2017-09-20,2019,2.625,2,midpoint
2017-09-20,2019,2.75,1,midpoint
2017-09-20,2019,2.875,2,midpoint
2017-09-20,2019,3.125,2,midpoint
2017-09-20,2019,3.25,1,midpoint
2017-09-20,2019,3.375,2,midpoint
2017-09-20,2020,1.125,1,midpoint
2017-09-20,2020,2.375,2,midpoint
2017-09-20,2020,2.5,1,midpoint
2017-09-20,2020,2.625,2,midpoint
2017-09-20,2020,2.75,1,midpoint
2017-09-20,2020,2.875,3,midpoint
2017-09-20,2020,3.0,1,midpoint
2017-09-20,2020,3.125,1,midpoint
2017-09-20,2020,3.5,2,midpoint
2017-09-20,2020,3.625,1,midpoint
2017-09-20,2020,3.875,1,midpoint
2017-09-20,LR,2.25,1,midpoint
2017-09-20,LR,2.5,4,midpoint
2017-09-20,LR,2.75,4,midpoint
2017-09-20,LR,3.0,5,midpoint
2017-09-20,LR,3.5,1,midpoint
2017-12-13,2017,1.125,2,midpoint
2017-12-13,2017,1.375,14,midpoint
2017-12-13,2018,1.125,1,midpoint
2017-12-13,2018,1.375,1,midpoint
2017-12-13,2018,1.625,1,midpoint
2017-12-13,2018,1.875,3,midpoint
2017-12-13,2018,2.125,6,midpoint
2017-12-13,2018,2.375,3,midpoint
2017-12-13,2018,2.625,1,midpoint
2017-12-13,2019,1.375,1,midpoint
2017-12-13,2019,1.625,1,midpoint
2017-12-13,2019,2.375,2,midpoint
2017-12-13,2019,2.625,4,midpoint
2017-12-13,2019,2.75,1,midpoint
2017-12-13,2019,2.875,3,midpoint
2017-12-13,2019,3.125,1,midpoint
2017-12-13,2019,3.375,2,midpoint
2017-12-13,2019,3.625,1,midpoint
2017-12-13,2020,1.375,1,midpoint
2017-12-13,2020,2.375,1,midpoint
2017-12-13,2020,2.625,2,midpoint
2017-12-13,2020,2.875,1,midpoint
2017-12-13,2020,3.0,3,midpoint
2017-12-13,2020,3.125,5,midpoint
2017-12-13,2020,3.5,1,midpoint
2017-12-13,2020,4.125,2,midpoint
2017-12-13,LR,2.25,1,midpoint
2017-12-13,LR,2.5,2,midpoint
2017-12-13,LR,2.75,6,midpoint
2017-12-13,LR,3.0,6,midpoint
2018-03-21,2018,1.625,2,midpoint
2018-03-21,2018,2.125,6,midpoint
2018-03-21,2018,2.375,6,midpoint
2018-03-21,2018,2.625,1,midpoint
2018-03-21,2019,1.625,1,midpoint
2018-03-21,2019,2.125,1,midpoint
2018-03-21,2019,2.625,1,midpoint
2018-03-21,2019,2.75,1,midpoint
2018-03-21,2019,2.875,5,midpoint
2018-03-21,2019,3.125,2,midpoint
2018-03-21,2019,3.375,3,midpoint
2018-03-21,2019,3.875,1,midpoint
2018-03-21,2020,1.625,1,midpoint
2018-03-21,2020,2.625,2,midpoint
2018-03-21,2020,3.125,1,midpoint
2018-03-21,2020,3.25,1,midpoint
2018-03-21,2020,3.375,5,midpoint
2018-03-21,2020,3.5,1,midpoint
2018-03-21,2020,3.625,2,midpoint
2018-03-21,2020,4.125,1,midpoint
2018-03-21,2020,4.875,1,midpoint
2018-03-21,LR,2.25,1,midpoint
2018-03-21,LR,2.5,1,midpoint
2018-03-21,LR,2.625,1,midpoint
2018-03-21,LR,2.75,4,midpoint
2018-03-21,LR,3.0,5,midpoint
2018-03-21,LR,3.25,1,midpoint
2018-03-21,LR,3.5,1,midpoint
2018-06-13,2018,1.875,2,midpoint
2018-06-13,2018,2.125,5,midpoint
2018-06-13,2018,2.375,7,midpoint
2018-06-13,2018,2.625,1,midpoint
2018-06-13,2019,1.875,1,midpoint
2018-06-13,2019,2.125,1,midpoint
2018-06-13,2019,2.625,1,midpoint
2018-06-13,2019,2.875,4,midpoint
2018-06-13,2019,3.125,4,midpoint
2018-06-13,2019,3.375,3,midpoint
2018-06-13,2019,3.625,1,midpoint
2018-06-13,2020,1.875,1,midpoint
2018-06-13,2020,2.625,2,midpoint
2018-06-13,2020,3.125,1,midpoint
2018-06-13,2020,3.25,1,midpoint
2018-06-13,2020,3.375,4,midpoint
2018-06-13,2020,3.5,1,midpoint
2018-06-13,2020,3.625,3,midpoint
2018-06-13,2020,4.125,2,midpoint
2018-06-13,LR,2.25,1,midpoint
2018-06-13,LR,2.5,1,midpoint
2018-06-13,LR,2.625,1,midpoint
2018-06-13,LR,2.75,4,midpoint
2018-06-13,LR,3.0,5,midpoint
2018-06-13,LR,3.25,1,midpoint
2018-06-13,LR,3.5,1,midpoint
2018-09-26,2018,2.125,4,midpoint
2018-09-26,2018,2.375,12,midpoint
2018-09-26,2019,2.125,1,midpoint
2018-09-26,2019,2.375,1,midpoint
2018-09-26,2019,2.625,1,midpoint
2018-09-26,2019,2.875,4,midpoint
2018-09-26,2019,3.125,4,midpoint
2018-09-26,2019,3.375,4,midpoint
2018-09-26,2019,3.625,1,midpoint
2018-09-26,2020,2.125,1,midpoint
2018-09-26,2020,2.625,1,midpoint
2018-09-26,2020,2.875,1,midpoint
2018-09-26,2020,3.125,4,midpoint
2018-09-26,2020,3.375,2,midpoint
2018-09-26,2020,3.625,6,midpoint
2018-09-26,2020,3.875,1,midpoint
2018-09-26,2021,2.125,1,midpoint
2018-09-26,2021,2.625,1,midpoint
2018-09-26,2021,2.875,3,midpoint
2018-09-26,2021,3.0,1,midpoint
2018-09-26,2021,3.125,1,midpoint
2018-09-26,2021,3.375,4,midpoint
2018-09-26,2021,3.5,1,midpoint
2018-09-26,2021,3.625,2,midpoint
2018-09-26,2021,3.875,1,midpoint
2018-09-26,2021,4.125,1,midpoint
2018-09-26,LR,2.5,3,midpoint
2018-09-26,LR,2.75,4,midpoint
2018-09-26,LR,3.0,6,midpoint
2018-09-26,LR,3.25,1,midpoint
2018-09-26,LR,3.5,1,midpoint
2018-12-19,2018,2.125,2,midpoint
2018-12-19,2018,2.375,15,midpoint
2018-12-19,2019,2.375,2,midpoint
2018-12-19,2019,2.625,4,midpoint
2018-12-19,2019,2.875,5,midpoint
2018-12-19,2019,3.125,6,midpoint
2018-12-19,2020,2.375,1,midpoint
2018-12-19,2020,2.625,1,midpoint
2018-12-19,2020,2.875,6,midpoint
2018-12-19,2020,3.125,4,midpoint
2018-12-19,2020,3.375,3,midpoint
2018-12-19,2020,3.625,2,midpoint
2018-12-19,2021,2.375,1,midpoint
2018-12-19,2021,2.625,3,midpoint
2018-12-19,2021,2.875,4,midpoint
2018-12-19,2021,3.125,6,midpoint
2018-12-19,2021,3.375,1,midpoint
2018-12-19,2021,3.625,2,midpoint
2018-12-19,LR,2.5,4,midpoint
2018-12-19,LR,2.75,5,midpoint
2018-12-19,LR,3.0,5,midpoint
2018-12-19,LR,3.25,1,midpoint
2018-12-19,LR,3.5,1,midpoint
2019-03-20,2019,2.375,11,midpoint
2019-03-20,2019,2.625,4,midpoint
2019-03-20,2019,2.875,2,midpoint
2019-03-20,2020,2.375,7,midpoint
2019-03-20,2020,2.625,4,midpoint
2019-03-20,2020,2.875,3,midpoint
2019-03-20,2020,3.125,2,midpoint
2019-03-20,2020,3.375,1,midpoint
2019-03-20,2021,2.375,5,midpoint
2019-03-20,2021,2.625,5,midpoint
2019-03-20,2021,2.875,4,midpoint
2019-03-20,2021,3.125,1,midpoint
2019-03-20,2021,3.375,1,midpoint
2019-03-20,2021,3.625,1,midpoint
2019-03-20,LR,2.5,6,midpoint
2019-03-20,LR,2.75,4,midpoint
2019-03-20,LR,3.0,4,midpoint
2019-03-20,LR,3.25,1,midpoint
2019-03-20,LR,3.5,1,midpoint
2019-06-19,2019,1.875,7,midpoint
2019-06-19,2019,2.125,1,midpoint
2019-06-19,2019,2.375,8,midpoint
2019-06-19,2019,2.625,1,midpoint
2019-06-19,2020,1.875,7,midpoint
2019-06-19,2020,2.125,2,midpoint
2019-06-19,2020,2.375,5,midpoint
2019-06-19,2020,2.625,2,midpoint
2019-06-19,2020,3.125,1,midpoint
2019-06-19,2021,1.875,5,midpoint
2019-06-19,2021,2.125,2,midpoint
2019-06-19,2021,2.375,5,midpoint
2019-06-19,2021,2.625,3,midpoint
2019-06-19,2021,2.875,1,midpoint
2019-06-19,2021,3.125,1,midpoint
2019-06-19,LR,2.375,1,midpoint
2019-06-19,LR,2.5,8,midpoint
2019-06-19,LR,2.75,3,midpoint
2019-06-19,LR,3.0,2,midpoint
2019-06-19,LR,3.25,2,midpoint
2019-09-18,2019,1.625,7,midpoint
2019-09-18,2019,1.875,5,midpoint
2019-09-18,2019,2.125,5,midpoint
2019-09-18,2020,1.625,8,midpoint
2019-09-18,2020,1.875,2,midpoint
2019-09-18,2020,2.125,6,midpoint
2019-09-18,2020,2.375,1,midpoint
2019-09-18,2021,1.625,4,midpoint
2019-09-18,2021,1.875,3,midpoint
2019-09-18,2021,2.125,4,midpoint
2019-09-18,2021,2.375,5,midpoint
2019-09-18,2021,2.625,1,midpoint
2019-09-18,2022,1.625,1,midpoint
2019-09-18,2022,1.875,3,midpoint
2019-09-18,2022,2.125,4,midpoint
2019-09-18,2022,2.375,5,midpoint
2019-09-18,2022,2.625,2,midpoint
2019-09-18,2022,2.875,2,midpoint
2019-09-18,LR,2.0,1,midpoint
2019-09-18,LR,2.25,1,midpoint
2019-09-18,LR,2.375,1,midpoint
2019-09-18,LR,2.5,8,midpoint
2019-09-18,LR,2.75,3,midpoint
2019-09-18,LR,3.0,1,midpoint
2019-09-18,LR,3.25,1,midpoint
2019-12-11,2019,1.625,17,midpoint
2019-12-11,2020,1.625,13,midpoint
2019-12-11,2020,1.875,4,midpoint
2019-12-11,2021,1.625,5,midpoint
2019-12-11,2021,1.875,4,midpoint
2019-12-11,2021,2.125,5,midpoint
2019-12-11,2021,2.375,3,midpoint
2019-12-11,2022,1.625,1,midpoint
2019-12-11,2022,1.875,5,midpoint
2019-12-11,2022,2.125,3,midpoint
2019-12-11,2022,2.375,4,midpoint
2019-12-11,2022,2.625,2,midpoint
2019-12-11,2022,2.875,2,midpoint
2019-12-11,LR,2.0,1,midpoint
2019-12-11,LR,2.25,2,midpoint
2019-12-11,LR,2.375,1,midpoint
2019-12-11,LR,2.5,8,midpoint
2019-12-11,LR,2.75,2,midpoint
2019-12-11,LR,3.0,1,midpoint
2019-12-11,LR,3.25,1,midpoint
2020-06-10,2020,0.125,17,midpoint
2020-06-10,2021,0.125,17,midpoint
2020-06-10,2022,0.125,15,midpoint
2020-06-10,2022,0.375,1,midpoint
2020-06-10,2022,1.125,1,midpoint
2020-06-10,LR,2.0,1,midpoint
2020-06-10,LR,2.25,3,midpoint
2020-06-10,LR,2.375,1,midpoint
2020-06-10,LR,2.5,8,midpoint
2020-06-10,LR,2.75,1,midpoint
2020-06-10,LR,3.0,2,midpoint
2020-09-16,2020,0.125,17,midpoint
2020-09-16,2021,0.125,17,midpoint
2020-09-16,2022,0.125,16,midpoint
2020-09-16,2022,0.625,1,midpoint
2020-09-16,2023,0.125,13,midpoint
2020-09-16,2023,0.375,2,midpoint
2020-09-16,2023,0.625,1,midpoint
2020-09-16,2023,1.375,1,midpoint
2020-09-16,LR,2.0,1,midpoint
2020-09-16,LR,2.25,3,midpoint
2020-09-16,LR,2.375,1,midpoint
2020-09-16,LR,2.5,8,midpoint
2020-09-16,LR,2.75,1,midpoint
2020-09-16,LR,3.0,2,midpoint
2020-12-16,2020,0.125,17,midpoint
2020-12-16,2021,0.125,17,midpoint
2020-12-16,2022,0.125,16,midpoint
2020-12-16,2022,0.375,1,midpoint
2020-12-16,2023,0.125,12,midpoint
2020-12-16,2023,0.375,3,midpoint
2020-12-16,2023,0.625,1,midpoint
2020-12-16,2023,1.125,1,midpoint
2020-12-16,LR,2.0,1,midpoint
2020-12-16,LR,2.25,3,midpoint
2020-12-16,LR,2.375,1,midpoint
2020-12-16,LR,2.5,8,midpoint
2020-12-16,LR,2.75,1,midpoint
2020-12-16,LR,3.0,2,midpoint
2021-03-17,2021,0.125,18,midpoint
2021-03-17,2022,0.125,14,midpoint
2021-03-17,2022,0.375,3,midpoint
2021-03-17,2022,0.625,1,midpoint
2021-03-17,2023,0.125,11,midpoint
2021-03-17,2023,0.375,1,midpoint
2021-03-17,2023,0.625,1,midpoint
2021-03-17,2023,0.875,3,midpoint
2021-03-17,2023,1.125,2,midpoint
2021-03-17,LR,2.0,1,midpoint
2021-03-17,LR,2.25,4,midpoint
2021-03-17,LR,2.375,1,midpoint
2021-03-17,LR,2.5,8,midpoint
2021-03-17,LR,2.75,1,midpoint
2021-03-17,LR,3.0,2,midpoint
2021-06-16,2021,0.125,18,midpoint
2021-06-16,2022,0.125,11,midpoint
2021-06-16,2022,0.375,5,midpoint
2021-06-16,2022,0.625,2,midpoint
2021-06-16,2023,0.125,5,midpoint
2021-06-16,2023,0.375,2,midpoint
2021-06-16,2023,0.625,3,midpoint
2021-06-16,2023,0.875,3,midpoint
2021-06-16,2023,1.125,3,midpoint
2021-06-16,2023,1.625,2,midpoint
2021-06-16,LR,2.0,1,midpoint
2021-06-16,LR,2.25,4,midpoint
2021-06-16,LR,2.375,1,midpoint
2021-06-16,LR,2.5,8,midpoint
2021-06-16,LR,2.75,1,midpoint
2021-06-16,LR,3.0,2,midpoint
2021-09-22,2021,0.125,18,midpoint
2021-09-22,2022,0.125,9,midpoint
2021-09-22,2022,0.375,6,midpoint
2021-09-22,2022,0.625,3,midpoint
2021-09-22,2023,0.125,1,midpoint
2021-09-22,2023,0.375,4,midpoint
2021-09-22,2023,0.625,3,midpoint
2021-09-22,2023,0.875,1,midpoint
2021-09-22,2023,1.125,6,midpoint
2021-09-22,2023,1.625,3,midpoint
2021-09-22,2024,0.625,1,midpoint
2021-09-22,2024,0.875,3,midpoint
2021-09-22,2024,1.125,3,midpoint
2021-09-22,2024,1.625,2,midpoint
2021-09-22,2024,1.875,1,midpoint
2021-09-22,2024,2.125,6,midpoint
2021-09-22,2024,2.375,1,midpoint
2021-09-22,2024,2.625,1,midpoint
2021-09-22,LR,2.0,1,midpoint
2021-09-22,LR,2.25,4,midpoint
2021-09-22,LR,2.375,1,midpoint
2021-09-22,LR,2.5,9,midpoint
2021-09-22,LR,3.0,2,midpoint
2021-12-15,2021,0.125,18,midpoint
2021-12-15,2022,0.375,1,midpoint
2021-12-15,2022,0.625,5,midpoint
2021-12-15,2022,0.875,10,midpoint
2021-12-15,2022,1.125,2,midpoint
2021-12-15,2023,1.125,2,midpoint
2021-12-15,2023,1.375,5,midpoint
2021-12-15,2023,1.625,3,midpoint
2021-12-15,2023,1.875,5,midpoint
2021-12-15,2023,2.125,3,midpoint
2021-12-15,2024,1.875,5,midpoint
2021-12-15,2024,2.125,5,midpoint
2021-12-15,2024,2.25,1,midpoint
2021-12-15,2024,2.375,2,midpoint
2021-12-15,2024,2.875,4,midpoint
2021-12-15,2024,3.125,1,midpoint
2021-12-15,LR,2.0,1,midpoint
2021-12-15,LR,2.25,4,midpoint
2021-12-15,LR,2.375,1,midpoint
2021-12-15,LR,2.5,9,midpoint
2021-12-15,LR,3.0,2,midpoint
2022-03-16,2022,1.375,1,midpoint
2022-03-16,2022,1.625,3,midpoint
2022-03-16,2022,1.875,5,midpoint
2022-03-16,2022,2.125,2,midpoint
2022-03-16,2022,2.375,3,midpoint
2022-03-16,2022,2.625,1,midpoint
2022-03-16,2022,3.125,1,midpoint
2022-03-16,2023,2.125,1,midpoint
2022-03-16,2023,2.375,4,midpoint
2022-03-16,2023,2.625,3,midpoint
2022-03-16,2023,2.875,3,midpoint
2022-03-16,2023,3.125,2,midpoint
2022-03-16,2023,3.375,1,midpoint
2022-03-16,2023,3.625,2,midpoint
2022-03-16,2024,2.125,2,midpoint
2022-03-16,2024,2.25,1,midpoint
2022-03-16,2024,2.375,3,midpoint
2022-03-16,2024,2.625,2,midpoint
2022-03-16,2024,2.875,3,midpoint
2022-03-16,2024,3.125,1,midpoint
2022-03-16,2024,3.375,2,midpoint
2022-03-16,2024,3.625,2,midpoint
2022-03-16,LR,2.0,1,midpoint
2022-03-16,LR,2.25,6,midpoint
2022-03-16,LR,2.375,1,midpoint
2022-03-16,LR,2.5,5,midpoint
2022-03-16,LR,3.0,2,midpoint
2022-06-15,2022,3.125,5,midpoint
2022-06-15,2022,3.375,8,midpoint
2022-06-15,2022,3.625,4,midpoint
2022-06-15,2022,3.875,1,midpoint
2022-06-15,2023,2.875,1,midpoint
2022-06-15,2023,3.375,1,midpoint
2022-06-15,2023,3.625,7,midpoint
2022-06-15,2023,3.875,4,midpoint
2022-06-15,2023,4.125,4,midpoint
2022-06-15,2023,4.375,1,midpoint
2022-06-15,2024,2.125,1,midpoint
2022-06-15,2024,2.25,1,midpoint
2022-06-15,2024,2.875,2,midpoint
2022-06-15,2024,3.125,2,midpoint
2022-06-15,2024,3.375,8,midpoint
2022-06-15,2024,3.625,2,midpoint
2022-06-15,2024,3.875,1,midpoint
2022-06-15,2024,4.125,1,midpoint
2022-06-15,LR,2.0,1,midpoint
2022-06-15,LR,2.25,6,midpoint
2022-06-15,LR,2.375,1,midpoint
2022-06-15,LR,2.5,7,midpoint
2022-06-15,LR,3.0,2,midpoint
2022-09-21,2022,3.875,1,midpoint
2022-09-21,2022,4.125,8,midpoint
2022-09-21,2022,4.375,9,midpoint
2022-09-21,2022,4.625,1,midpoint
2022-09-21,2023,3.875,1,midpoint
2022-09-21,2023,4.375,6,midpoint
2022-09-21,2023,4.625,6,midpoint
2022-09-21,2023,4.875,6,midpoint
2022-09-21,2024,2.625,1,midpoint
2022-09-21,2024,2.875,1,midpoint
2022-09-21,2024,3.125,1,midpoint
2022-09-21,2024,3.375,3,midpoint
2022-09-21,2024,3.625,3,midpoint
2022-09-21,2024,3.875,4,midpoint
2022-09-21,2024,4.125,2,midpoint
2022-09-21,2024,4.375,2,midpoint
2022-09-21,2024,4.625,2,midpoint
2022-09-21,2025,2.375,4,midpoint
2022-09-21,2025,2.625,3,midpoint
2022-09-21,2025,2.875,3,midpoint
2022-09-21,2025,3.125,4,midpoint
2022-09-21,2025,3.375,2,midpoint
2022-09-21,2025,3.625,2,midpoint
2022-09-21,2025,4.625,1,midpoint
2022-09-21,LR,2.25,6,midpoint
2022-09-21,LR,2.375,1,midpoint
2022-09-21,LR,2.5,8,midpoint
2022-09-21,LR,2.625,1,midpoint
2022-09-21,LR,3.0,2,midpoint
2022-12-14,2022,4.375,19,midpoint
2022-12-14,2023,4.875,2,midpoint
2022-12-14,2023,5.125,10,midpoint
2022-12-14,2023,5.375,5,midpoint
2022-12-14,2023,5.625,2,midpoint
2022-12-14,2024,3.125,1,midpoint
2022-12-14,2024,3.375,1,midpoint
2022-12-14,2024,3.875,3,midpoint
2022-12-14,2024,4.125,7,midpoint
2022-12-14,2024,4.625,2,midpoint
2022-12-14,2024,4.875,3,midpoint
2022-12-14,2024,5.125,1,midpoint
2022-12-14,2024,5.625,1,midpoint
2022-12-14,2025,2.375,1,midpoint
2022-12-14,2025,2.625,4,midpoint
2022-12-14,2025,2.875,2,midpoint
2022-12-14,2025,3.125,4,midpoint
2022-12-14,2025,3.375,2,midpoint
2022-12-14,2025,3.625,2,midpoint
2022-12-14,2025,3.875,1,midpoint
2022-12-14,2025,4.125,1,midpoint
2022-12-14,2025,4.375,1,midpoint
2022-12-14,2025,5.625,1,midpoint
2022-12-14,LR,2.25,4,midpoint
2022-12-14,LR,2.375,2,midpoint
2022-12-14,LR,2.5,9,midpoint
2022-12-14,LR,2.625,1,midpoint
2022-12-14,LR,3.0,1,midpoint
2022-12-14,LR,3.25,1,midpoint
2023-03-22,2023,4.875,1,midpoint
2023-03-22,2023,5.125,10,midpoint
2023-03-22,2023,5.375,3,midpoint
2023-03-22,2023,5.625,3,midpoint
2023-03-22,2023,5.875,1,midpoint
2023-03-22,2024,3.375,1,midpoint
2023-03-22,2024,3.625,1,midpoint
2023-03-22,2024,3.875,2,midpoint
2023-03-22,2024,4.125,5,midpoint
2023-03-22,2024,4.375,2,midpoint
2023-03-22,2024,4.625,3,midpoint
2023-03-22,2024,5.125,2,midpoint
2023-03-22,2024,5.375,1,midpoint
2023-03-22,2024,5.625,1,midpoint
2023-03-22,2025,2.375,1,midpoint
2023-03-22,2025,2.625,2,midpoint
2023-03-22,2025,2.875,4,midpoint
2023-03-22,2025,3.125,4,midpoint
2023-03-22,2025,3.375,2,midpoint
2023-03-22,2025,3.625,1,midpoint
2023-03-22,2025,3.875,1,midpoint
2023-03-22,2025,4.125,1,midpoint
2023-03-22,2025,4.375,1,midpoint
2023-03-22,2025,5.625,1,midpoint
2023-03-22,LR,2.25,3,midpoint
2023-03-22,LR,2.375,2,midpoint
2023-03-22,LR,2.5,8,midpoint
2023-03-22,LR,2.625,1,midpoint
2023-03-22,LR,3.0,1,midpoint
2023-03-22,LR,3.25,1,midpoint
2023-03-22,LR,3.625,1,midpoint
2023-06-14,2023,5.125,2,midpoint
2023-06-14,2023,5.375,4,midpoint
2023-06-14,2023,5.625,9,midpoint
2023-06-14,2023,5.875,2,midpoint
2023-06-14,2023,6.125,1,midpoint
2023-06-14,2024,3.625,1,midpoint
2023-06-14,2024,4.125,1,midpoint
2023-06-14,2024,4.375,6,midpoint
2023-06-14,2024,4.625,2,midpoint
2023-06-14,2024,4.875,2,midpoint
2023-06-14,2024,5.125,3,midpoint
2023-06-14,2024,5.625,2,midpoint
2023-06-14,2024,5.875,1,midpoint
2023-06-14,2025,2.375,1,midpoint
2023-06-14,2025,2.625,2,midpoint
2023-06-14,2025,2.875,1,midpoint
2023-06-14,2025,3.125,3,midpoint
2023-06-14,2025,3.375,3,midpoint
2023-06-14,2025,3.625,2,midpoint
2023-06-14,2025,3.875,1,midpoint
2023-06-14,2025,4.125,2,midpoint
2023-06-14,2025,4.625,1,midpoint
2023-06-14,2025,4.875,1,midpoint
2023-06-14,2025,5.625,1,midpoint
2023-06-14,LR,2.375,3,midpoint
2023-06-14,LR,2.5,7,midpoint
2023-06-14,LR,2.625,2,midpoint
2023-06-14,LR,2.75,2,midpoint
2023-06-14,LR,3.0,1,midpoint
2023-06-14,LR,3.25,1,midpoint
2023-06-14,LR,3.625,1,midpoint
2023-09-20,2023,5.375,7,midpoint
2023-09-20,2023,5.625,12,midpoint
2023-09-20,2024,4.375,2,midpoint
2023-09-20,2024,4.625,3,midpoint
2023-09-20,2024,4.875,4,midpoint
2023-09-20,2024,5.125,4,midpoint
2023-09-20,2024,5.375,4,midpoint
2023-09-20,2024,5.625,1,midpoint
2023-09-20,2024,6.125,1,midpoint
2023-09-20,2025,2.625,1,midpoint
2023-09-20,2025,2.875,1,midpoint
2023-09-20,2025,3.125,1,midpoint
2023-09-20,2025,3.375,3,midpoint
2023-09-20,2025,3.625,3,midpoint
2023-09-20,2025,3.875,2,midpoint
2023-09-20,2025,4.125,3,midpoint
2023-09-20,2025,4.625,1,midpoint
2023-09-20,2025,4.875,1,midpoint
2023-09-20,2025,5.125,1,midpoint
2023-09-20,2025,5.375,1,midpoint
2023-09-20,2025,5.625,1,midpoint
2023-09-20,2026,2.375,3,midpoint
2023-09-20,2026,2.5,1,midpoint
2023-09-20,2026,2.625,5,midpoint
2023-09-20,2026,2.875,2,midpoint
2023-09-20,2026,3.125,2,midpoint
2023-09-20,2026,3.875,1,midpoint
2023-09-20,2026,4.125,2,midpoint
2023-09-20,2026,4.625,1,midpoint
2023-09-20,2026,4.875,2,midpoint
2023-09-20,LR,2.375,3,midpoint
2023-09-20,LR,2.5,8,midpoint
2023-09-20,LR,2.625,2,midpoint
2023-09-20,LR,3.0,1,midpoint
2023-09-20,LR,3.25,1,midpoint
2023-09-20,LR,3.5,1,midpoint
2023-09-20,LR,3.75,2,midpoint
2023-12-13,2023,5.375,19,midpoint
2023-12-13,2024,3.875,1,midpoint
2023-12-13,2024,4.375,4,midpoint
2023-12-13,2024,4.625,6,midpoint
2023-12-13,2024,4.875,5,midpoint
2023-12-13,2024,5.125,1,midpoint
2023-12-13,2024,5.375,2,midpoint
2023-12-13,2025,2.375,1,midpoint
2023-12-13,2025,2.875,1,midpoint
2023-12-13,2025,3.125,2,midpoint
2023-12-13,2025,3.375,5,midpoint
2023-12-13,2025,3.625,3,midpoint
2023-12-13,2025,3.875,4,midpoint
2023-12-13,2025,4.125,1,midpoint
2023-12-13,2025,4.375,1,midpoint
2023-12-13,2025,5.375,1,midpoint
2023-12-13,2026,2.375,3,midpoint
2023-12-13,2026,2.5,1,midpoint
2023-12-13,2026,2.625,4,midpoint
2023-12-13,2026,2.875,4,midpoint
2023-12-13,2026,3.125,4,midpoint
2023-12-13,2026,3.375,1,midpoint
2023-12-13,2026,3.625,1,midpoint
2023-12-13,2026,4.875,1,midpoint
2023-12-13,LR,2.375,3,midpoint
2023-12-13,LR,2.5,8,midpoint
2023-12-13,LR,2.625,1,midpoint
2023-12-13,LR,2.75,1,midpoint
2023-12-13,LR,2.875,1,midpoint
2023-12-13,LR,3.0,1,midpoint
2023-12-13,LR,3.5,2,midpoint
2023-12-13,LR,3.75,1,midpoint
2024-03-20,2024,4.375,1,midpoint
2024-03-20,2024,4.625,9,midpoint
2024-03-20,2024,4.875,5,midpoint
2024-03-20,2024,5.125,2,midpoint
2024-03-20,2024,5.375,2,midpoint
2024-03-20,2025,2.625,1,midpoint
2024-03-20,2025,3.125,2,midpoint
2024-03-20,2025,3.375,1,midpoint
2024-03-20,2025,3.625,5,midpoint
2024-03-20,2025,3.875,6,midpoint
2024-03-20,2025,4.125,1,midpoint
2024-03-20,2025,4.375,2,midpoint
2024-03-20,2025,5.375,1,midpoint
2024-03-20,2026,2.375,2,midpoint
2024-03-20,2026,2.5,1,midpoint
2024-03-20,2026,2.625,1,midpoint
2024-03-20,2026,2.875,5,midpoint
2024-03-20,2026,3.125,6,midpoint
2024-03-20,2026,3.375,2,midpoint
2024-03-20,2026,3.625,1,midpoint
2024-03-20,2026,4.875,1,midpoint
2024-03-20,LR,2.375,1,midpoint
2024-03-20,LR,2.5,8,midpoint
2024-03-20,LR,2.625,1,midpoint
2024-03-20,LR,2.75,1,midpoint
2024-03-20,LR,3.0,3,midpoint
2024-03-20,LR,3.125,1,midpoint
2024-03-20,LR,3.5,2,midpoint
2024-03-20,LR,3.75,1,midpoint
2024-06-12,2024,4.875,8,midpoint
2024-06-12,2024,5.125,7,midpoint
2024-06-12,2024,5.375,4,midpoint
2024-06-12,2025,2.875,1,midpoint
2024-06-12,2025,3.625,1,midpoint
2024-06-12,2025,3.875,2,midpoint
2024-06-12,2025,4.125,9,midpoint
2024-06-12,2025,4.375,4,midpoint
2024-06-12,2025,4.875,1,midpoint
2024-06-12,2025,5.375,1,midpoint
2024-06-12,2026,2.375,1,midpoint
2024-06-12,2026,2.625,1,midpoint
2024-06-12,2026,2.875,2,midpoint
2024-06-12,2026,3.125,7,midpoint
2024-06-12,2026,3.375,3,midpoint
2024-06-12,2026,3.625,3,midpoint
2024-06-12,2026,4.125,1,midpoint
2024-06-12,2026,4.875,1,midpoint
2024-06-12,LR,2.375,1,midpoint
2024-06-12,LR,2.5,5,midpoint
2024-06-12,LR,2.625,1,midpoint
2024-06-12,LR,2.75,3,midpoint
2024-06-12,LR,3.0,4,midpoint
2024-06-12,LR,3.125,1,midpoint
2024-06-12,LR,3.5,2,midpoint
2024-06-12,LR,3.625,1,midpoint
2024-06-12,LR,3.75,1,midpoint
2024-09-18,2024,4.125,1,midpoint
2024-09-18,2024,4.375,9,midpoint
2024-09-18,2024,4.625,7,midpoint
2024-09-18,2024,4.875,2,midpoint
2024-09-18,2025,2.875,2,midpoint
2024-09-18,2025,3.125,6,midpoint
2024-09-18,2025,3.375,6,midpoint
2024-09-18,2025,3.625,3,midpoint
2024-09-18,2025,3.875,1,midpoint
2024-09-18,2025,4.125,1,midpoint
2024-09-18,2026,2.375,1,midpoint
2024-09-18,2026,2.625,3,midpoint
2024-09-18,2026,2.875,6,midpoint
2024-09-18,2026,3.125,2,midpoint
2024-09-18,2026,3.375,3,midpoint
2024-09-18,2026,3.625,3,midpoint
2024-09-18,2026,3.875,1,midpoint
2024-09-18,2027,2.375,2,midpoint
2024-09-18,2027,2.625,3,midpoint
2024-09-18,2027,2.875,5,midpoint
2024-09-18,2027,3.125,2,midpoint
2024-09-18,2027,3.375,3,midpoint
2024-09-18,2027,3.625,3,midpoint
2024-09-18,2027,3.875,1,midpoint
2024-09-18,LR,2.375,1,midpoint
2024-09-18,LR,2.5,3,midpoint
2024-09-18,LR,2.625,1,midpoint
2024-09-18,LR,2.75,3,midpoint
2024-09-18,LR,2.875,2,midpoint
2024-09-18,LR,3.0,2,midpoint
2024-09-18,LR,3.25,1,midpoint
2024-09-18,LR,3.375,2,midpoint
2024-09-18,LR,3.5,2,midpoint
2024-09-18,LR,3.625,1,midpoint
2024-09-18,LR,3.75,1,midpoint
2024-12-18,2024,4.375,15,midpoint
2024-12-18,2024,4.625,4,midpoint
2024-12-18,2025,3.125,1,midpoint
2024-12-18,2025,3.375,1,midpoint
2024-12-18,2025,3.625,3,midpoint
2024-12-18,2025,3.875,10,midpoint
2024-12-18,2025,4.125,3,midpoint
2024-12-18,2025,4.375,1,midpoint
2024-12-18,2026,2.375,1,midpoint
2024-12-18,2026,2.75,1,midpoint
2024-12-18,2026,2.875,1,midpoint
2024-12-18,2026,3.125,4,midpoint
2024-12-18,2026,3.375,5,midpoint
2024-12-18,2026,3.625,4,midpoint
2024-12-18,2026,3.875,3,midpoint
2024-12-18,2027,2.375,1,midpoint
2024-12-18,2027,2.625,1,midpoint
2024-12-18,2027,2.75,1,midpoint
2024-12-18,2027,2.875,2,midpoint
2024-12-18,2027,3.125,7,midpoint
2024-12-18,2027,3.375,1,midpoint
2024-12-18,2027,3.625,4,midpoint
2024-12-18,2027,3.875,2,midpoint
2024-12-18,LR,2.375,1,midpoint
2024-12-18,LR,2.5,1,midpoint
2024-12-18,LR,2.625,1,midpoint
2024-12-18,LR,2.75,1,midpoint
2024-12-18,LR,2.875,4,midpoint
2024-12-18,LR,3.0,3,midpoint
2024-12-18,LR,3.125,1,midpoint
2024-12-18,LR,3.375,1,midpoint
2024-12-18,LR,3.5,2,midpoint
2024-12-18,LR,3.625,2,midpoint
2024-12-18,LR,3.75,1,midpoint
2024-12-18,LR,3.875,1,midpoint
2025-03-19,2025,3.625,2,midpoint
2025-03-19,2025,3.875,9,midpoint
2025-03-19,2025,4.125,4,midpoint
2025-03-19,2025,4.375,4,midpoint
2025-03-19,2026,2.875,3,midpoint
2025-03-19,2026,3.125,1,midpoint
2025-03-19,2026,3.375,9,midpoint
2025-03-19,2026,3.625,2,midpoint
2025-03-19,2026,3.875,1,midpoint
2025-03-19,2026,4.125,3,midpoint
2025-03-19,2027,2.625,2,midpoint
2025-03-19,2027,2.875,3,midpoint
2025-03-19,2027,3.125,6,midpoint
2025-03-19,2027,3.375,2,midpoint
2025-03-19,2027,3.625,4,midpoint
2025-03-19,2027,3.875,2,midpoint
2025-03-19,LR,2.5,2,midpoint
2025-03-19,LR,2.625,2,midpoint
2025-03-19,LR,2.875,4,midpoint
2025-03-19,LR,3.0,3,midpoint
2025-03-19,LR,3.125,1,midpoint
2025-03-19,LR,3.375,1,midpoint
2025-03-19,LR,3.5,2,midpoint
2025-03-19,LR,3.625,2,midpoint
2025-03-19,LR,3.75,1,midpoint
2025-03-19,LR,3.875,1,midpoint
2025-06-18,2025,3.625,2,midpoint
2025-06-18,2025,3.875,8,midpoint
2025-06-18,2025,4.125,2,midpoint
2025-06-18,2025,4.375,7,midpoint
2025-06-18,2026,2.625,1,midpoint
2025-06-18,2026,2.875,1,midpoint
2025-06-18,2026,3.125,2,midpoint
2025-06-18,2026,3.375,5,midpoint
2025-06-18,2026,3.625,4,midpoint
2025-06-18,2026,3.875,5,midpoint
2025-06-18,2026,4.125,1,midpoint
2025-06-18,2027,2.625,2,midpoint
2025-06-18,2027,2.875,3,midpoint
2025-06-18,2027,3.125,3,midpoint
2025-06-18,2027,3.375,6,midpoint
2025-06-18,2027,3.625,3,midpoint
2025-06-18,2027,3.875,2,midpoint
2025-06-18,LR,2.5,2,midpoint
2025-06-18,LR,2.625,2,midpoint
2025-06-18,LR,2.875,4,midpoint
2025-06-18,LR,3.0,3,midpoint
2025-06-18,LR,3.125,1,midpoint
2025-06-18,LR,3.375,1,midpoint
2025-06-18,LR,3.5,2,midpoint
2025-06-18,LR,3.625,2,midpoint
2025-06-18,LR,3.75,1,midpoint
2025-06-18,LR,3.875,1,midpoint
2025-09-17,2025,2.875,1,midpoint
2025-09-17,2025,3.625,9,midpoint
2025-09-17,2025,3.875,2,midpoint
2025-09-17,2025,4.125,6,midpoint
2025-09-17,2025,4.375,1,midpoint
2025-09-17,2026,2.625,2,midpoint
2025-09-17,2026,2.875,3,midpoint
2025-09-17,2026,3.125,4,midpoint
2025-09-17,2026,3.375,2,midpoint
2025-09-17,2026,3.625,6,midpoint
2025-09-17,2026,3.875,2,midpoint
2025-09-17,2027,2.375,1,midpoint
2025-09-17,2027,2.625,2,midpoint
2025-09-17,2027,2.875,3,midpoint
2025-09-17,2027,3.125,7,midpoint
2025-09-17,2027,3.375,2,midpoint
2025-09-17,2027,3.625,2,midpoint
2025-09-17,2027,3.875,2,midpoint
2025-09-17,2028,2.625,3,midpoint
2025-09-17,2028,2.75,1,midpoint
2025-09-17,2028,2.875,4,midpoint
2025-09-17,2028,3.125,5,midpoint
2025-09-17,2028,3.375,2,midpoint
2025-09-17,2028,3.625,2,midpoint
2025-09-17,2028,3.875,2,midpoint
2025-09-17,LR,2.625,3,midpoint
2025-09-17,LR,2.75,2,midpoint
2025-09-17,LR,2.875,1,midpoint
2025-09-17,LR,3.0,4,midpoint
2025-09-17,LR,3.125,2,midpoint
2025-09-17,LR,3.25,1,midpoint
2025-09-17,LR,3.375,2,midpoint
2025-09-17,LR,3.5,1,midpoint
2025-09-17,LR,3.625,1,midpoint
2025-09-17,LR,3.75,1,midpoint
2025-09-17,LR,3.875,1,midpoint
2025-12-10,2025,3.375,1,midpoint
2025-12-10,2025,3.625,12,midpoint
2025-12-10,2025,3.875,6,midpoint
2025-12-10,2026,2.125,1,midpoint
2025-12-10,2026,2.625,1,midpoint
2025-12-10,2026,2.875,2,midpoint
2025-12-10,2026,3.125,4,midpoint
2025-12-10,2026,3.375,4,midpoint
2025-12-10,2026,3.625,4,midpoint
2025-12-10,2026,3.875,3,midpoint
2025-12-10,2027,2.375,1,midpoint
2025-12-10,2027,2.625,2,midpoint
2025-12-10,2027,2.875,3,midpoint
2025-12-10,2027,3.125,6,midpoint
2025-12-10,2027,3.375,3,midpoint
2025-12-10,2027,3.625,2,midpoint
2025-12-10,2027,3.875,2,midpoint
2025-12-10,2028,2.625,3,midpoint
2025-12-10,2028,2.75,1,midpoint
2025-12-10,2028,2.875,3,midpoint
2025-12-10,2028,3.125,6,midpoint
2025-12-10,2028,3.375,2,midpoint
2025-12-10,2028,3.625,2,midpoint
2025-12-10,2028,3.875,2,midpoint
2025-12-10,LR,2.625,3,midpoint
2025-12-10,LR,2.75,1,midpoint
2025-12-10,LR,2.875,1,midpoint
2025-12-10,LR,3.0,5,midpoint
2025-12-10,LR,3.125,2,midpoint
2025-12-10,LR,3.25,1,midpoint
2025-12-10,LR,3.375,2,midpoint
2025-12-10,LR,3.5,1,midpoint
2025-12-10,LR,3.625,1,midpoint
2025-12-10,LR,3.75,1,midpoint
2025-12-10,LR,3.875,1,midpoint
2026-03-18,2026,2.625,1,midpoint
2026-03-18,2026,2.875,2,midpoint
2026-03-18,2026,3.125,2,midpoint
2026-03-18,2026,3.375,7,midpoint
2026-03-18,2026,3.625,7,midpoint
2026-03-18,2027,2.375,1,midpoint
2026-03-18,2027,2.625,1,midpoint
2026-03-18,2027,2.875,3,midpoint
2026-03-18,2027,3.125,6,midpoint
2026-03-18,2027,3.375,4,midpoint
2026-03-18,2027,3.625,3,midpoint
2026-03-18,2027,3.875,1,midpoint
2026-03-18,2028,2.625,2,midpoint
2026-03-18,2028,2.875,3,midpoint
2026-03-18,2028,3.125,7,midpoint
2026-03-18,2028,3.375,3,midpoint
2026-03-18,2028,3.625,3,midpoint
2026-03-18,2028,3.875,1,midpoint
2026-03-18,LR,2.625,2,midpoint
2026-03-18,LR,2.875,2,midpoint
2026-03-18,LR,3.0,5,midpoint
2026-03-18,LR,3.125,3,midpoint
2026-03-18,LR,3.25,1,midpoint
2026-03-18,LR,3.375,2,midpoint
2026-03-18,LR,3.5,1,midpoint
2026-03-18,LR,3.625,1,midpoint
2026-03-18,LR,3.75,1,midpoint
2026-03-18,LR,3.875,1,midpoint
