date,lr_mean,lr_med,n,y1_mean,y1_med,n1,pi_lr,rstar,d_lr_mean,d_lr_med,d_y1_mean,d_y1_med,dy1,drn1,dtp1,dy2,drn2,dtp2,dy3,drn3,dtp3,dy5,drn5,dtp5,dy7,drn7,dtp7,dy10,drn10,dtp10
2012-04-25,4.191176470588236,4.25,17,0.6029411764705882,0.25,17,2.0,2.1911764705882355,-0.014705882352940236,0.0,0.044117647058823484,0.0,0.33622425269295986,0.16900676540414217,0.1672174872888177,-0.9557087814972276,-0.7124291976976643,-0.24327958379956327,-1.8115353705503767,-1.128665000327822,-0.6828703702225547,-2.383999250946567,-1.3916624404409217,-0.9923368105056452,-2.2459883876265962,-1.4038433614039114,-0.8421450262226848,-1.7504363259079891,-1.3092243708174855,-0.4412119550905036
2012-06-20,4.105263157894737,4.25,19,0.5131578947368421,0.25,19,2.0,2.105263157894737,-0.08591331269349922,0.0,-0.08978328173374606,0.0,2.139532725394036,3.3216414669211938,-1.1821087415271574,2.296212975020845,3.846504810071166,-1.5502918350503214,2.293223093369395,3.953979562886234,-1.6607564695168386,1.6932403833027632,3.741431097250114,-2.048190713947351,0.8079888188886386,3.416278829960895,-2.608290011072256,-0.39582016140149445,2.969053268527544,-3.3648734299290384
2012-09-13,4.065789473684211,4.0,19,0.3815789473684211,0.25,19,2.0,2.0657894736842106,-0.03947368421052655,-0.25,-0.13157894736842107,0.0,0.3234063108750046,-5.343913070432402,5.667319381307406,0.8776538726405075,-7.110372894170852,7.98802676681136,1.4438041158548742,-7.598644812509548,9.042448928364422,3.926949063044416,-7.25680092021247,11.183749983256885,7.051828478292155,-6.565947803394112,13.617776281686266,11.149356909698938,-5.62722608994255,16.776582999641487
2012-12-12,4.039473684210527,4.0,19,0.3026315789473684,0.25,19,2.0,2.0394736842105265,-0.026315789473683182,0.0,-0.07894736842105265,0.0,-0.09586022243747438,-1.8712296592900135,1.775369436852539,1.2573799230410077,-2.3303281066752057,3.5877080297162136,2.945435464733559,-2.28181132610204,5.227246790835599,5.6745442370030315,-1.9068876596635143,7.581431896666546,7.474204345314628,-1.5648251180722994,9.039029463386928,9.14849566131226,-1.210717445341003,10.359213106653264
2013-03-20,4.0131578947368425,4.0,19,0.5526315789473685,0.25,19,2.0,2.0131578947368425,-0.02631578947368496,0.0,0.25000000000000006,0.0,-0.5831429350239281,-1.1203959224247857,0.5372529874008575,0.7759350640273305,-0.3909407056327391,1.1668757696600696,1.6337832449578316,-0.010030887447703973,1.6438141324055355,2.39844944641332,0.31696140122744465,2.0814880451858753,2.5873428030283474,0.42799910485891157,2.159343698169436,2.560075555334551,0.4668047834474054,2.0932707718871457
2013-06-19,4.0131578947368425,4.0,19,0.4342105263157895,0.25,19,2.0,2.0131578947368425,0.0,0.0,-0.11842105263157898,0.0,-0.9136446334662846,4.890880593512101,-5.804525226978385,6.367692480234028,7.714629899547437,-1.3469374193134098,14.939790628944927,9.61326874477318,5.326521884171748,23.768331244994776,10.932368233218526,12.835963011776252,25.146921591747606,10.9171547862301,14.229766805517507,22.935777112202782,10.187557892175958,12.748219220026824
2013-09-18,3.926470588235294,4.0,17,0.3970588235294117,0.25,17,2.0,1.926470588235294,-0.08668730650154854,0.0,-0.037151702786377805,0.0,-0.5897982381288663,-5.28047202353929,4.690673785410423,-4.876945215630258,-7.742360161435077,2.865414945804823,-9.499487272606844,-9.04681144292809,-0.4526758296787503,-13.423734321658776,-9.651948995973658,-3.7717853256851175,-12.980728469724845,-9.33731665471923,-3.643411815005604,-10.203931103174124,-8.496236942587165,-1.7076941605869589
2013-12-18,3.882352941176471,4.0,17,0.3382352941176471,0.25,17,2.0,1.8823529411764703,-0.04411764705882293,0.0,-0.05882352941176461,0.0,-1.7193142627514035,3.18373742909793,-4.903051691849333,1.3143049491950998,4.329729580153375,-3.0154246309582744,5.909455290721377,5.21510483277208,0.6943504579492998,10.768773316925229,5.8090286521325085,4.959744664792698,11.367657740740711,5.754198061302473,5.6134596794382485,9.812176531228722,5.338238256480676,4.473938274748046
2014-03-19,3.875,4.0,16,1.125,1.0,16,2.0,1.875,-0.007352941176471006,0.0,0.7867647058823529,0.75,0.5321317170441792,4.890788550543645,-4.358656833499467,8.520657270104092,10.727990053963426,-2.207332783859334,14.185723278728746,13.378322856575641,0.8074004221531039,17.341461780431654,14.634109026588348,2.707352753843306,15.243441013135417,14.19099409198228,1.0524469211531384,10.219130985409741,12.894198563727489,-2.675067578317747
2014-06-18,3.78125,3.75,16,1.203125,1.125,16,2.0,1.78125,-0.09375,-0.25,0.078125,0.125,0.46469544638626237,-2.5917035057160254,3.056398952102288,-2.5682952714926213,-5.192670466701155,2.6243751952085335,-4.816102739356365,-6.345447207862653,1.5293444685062885,-5.774113970204375,-6.818889578238729,1.044775608034354,-4.425919126022038,-6.550277368883672,2.1243582428616348,-1.6881144442864038,-5.904148381744356,4.2160339374579525
2014-09-17,3.794117647058824,3.75,17,1.2720588235294117,1.375,17,2.0,1.7941176470588234,0.012867647058823817,0.0,0.06893382352941169,0.25,1.7532994899779886,4.04627384096835,-2.292974350990362,4.385899850536457,6.162882764583555,-1.7769829140470983,6.3125416881100405,7.0517294860863,-0.7391877979762596,7.120135363901214,7.293886549252604,-0.17375118535138956,5.951295391697586,6.928350734210098,-0.9770553425125117,3.5883579609174987,6.20615629478154,-2.617798333864041
2014-12-17,3.779411764705882,3.75,17,1.125,1.125,17,2.0,1.7794117647058822,-0.014705882352942012,0.0,-0.1470588235294117,-0.25,1.626801554218471,-3.1466932199644027,4.773494774182874,7.696969522151409,-0.24714742543883172,7.94411694759024,11.170849069739997,1.1822542596668262,9.98859481007317,14.433105450516504,2.381364811976039,12.051740638540466,15.645698821976307,2.7524475740025256,12.89325124797378,16.249066632679376,2.8066481038480973,13.44241852883128
2015-03-18,3.661764705882353,3.75,17,2.022058823529412,1.875,17,2.0,1.6617647058823528,-0.117647058823529,0.0,0.8970588235294121,0.75,-1.9075352042995763,-0.4678832558480783,-1.439651948451498,-5.267323110879696,-2.3875929885987968,-2.879730122280899,-7.053345731327232,-3.244625541726043,-3.808720189601189,-8.223378599266184,-3.7555136778296694,-4.467864921436515,-8.155737906865856,-3.7367054580069503,-4.419032448858906,-7.560649743995906,-3.4654830794037306,-4.095166664592176
2015-06-17,3.647058823529412,3.75,17,1.75,1.625,17,2.0,1.6470588235294117,-0.01470588235294068,0.0,-0.27205882352941213,-0.25,-2.119483241613679,-1.9196466735791562,-0.19983656803452265,-5.005944603431878,-5.517768816959833,0.511824213527956,-4.889632614632267,-6.736682761188351,1.847050146556084,-2.365337425669578,-7.023108589180316,4.657771163510738,0.32017519454403676,-6.593018810813955,6.913194005357992,3.4254465012709456,-5.815263575894258,9.240710077165204
2015-09-17,3.463235294117647,3.5,17,1.578125,1.5,16,2.0,1.4632352941176472,-0.18382352941176494,-0.25,-0.171875,-0.125,-12.093464224031681,-11.346285951651103,-0.7471782723805775,-13.382956363360144,-10.751050395236206,-2.6319059681239376,-14.985996336809126,-10.38217671175401,-4.603819625055117,-16.80720583209483,-9.647555523293327,-7.159650308801502,-17.300967228997944,-8.911942302795683,-8.38902492620226,-17.189658984174017,-7.890283470904191,-9.299375513269826
2015-12-16,3.411764705882353,3.5,17,1.286764705882353,1.375,17,2.0,1.4117647058823528,-0.05147058823529438,0.0,-0.29136029411764697,-0.125,0.6146872437966189,1.8515527243801566,-1.2368654805835377,3.1665791961881684,5.220527081033777,-2.0539478848456083,3.3602369190226744,6.415540690802435,-3.0553037717797604,1.2993683060977146,6.722642394085265,-5.423274087987551,-1.330425380840028,6.320109737944812,-7.65053511878484,-4.620055151184443,5.578168738144962,-10.198223889329405
2016-03-16,3.3088235294117645,3.25,17,2.044117647058824,1.875,17,2.0,1.3088235294117645,-0.10294117647058831,-0.25,0.7573529411764708,0.5,-5.436145555305494,-4.757131401866566,-0.6790141534389282,-10.217849400162082,-8.787512464211034,-1.4303369359510487,-11.805246643545232,-10.265825438778432,-1.5394212047667999,-11.083187104619752,-10.65965569921623,-0.4235314054035211,-8.918978111765853,-10.109906400686652,1.1909282889208006,-5.804921382051331,-9.035283698558638,3.230362316507307
2016-06-15,3.140625,3.0,16,1.6323529411764706,1.625,17,2.0,1.140625,-0.1681985294117645,-0.25,-0.41176470588235325,-0.25,-2.742846769748719,-2.2551705741845396,-0.4876761955641795,-3.508782795995302,-2.3682335874644522,-1.14054920853085,-4.129980707693514,-2.406371751193759,-1.7236089564997559,-4.76349930954767,-2.340752015169034,-2.4227472943786355,-4.941857702749353,-2.2057119058846553,-2.7361457968646974,-4.93408868221461,-1.981197230223053,-2.9528914519915572
2016-09-21,2.90625,2.875,16,1.3088235294117647,1.125,17,2.0,0.90625,-0.234375,-0.125,-0.32352941176470584,-0.5,-3.4771402918845618,-5.981416948475237,2.504276656590676,0.27117433760243115,-1.6762282692839303,1.9474026068863615,-0.10907049613595454,-0.032110737640866915,-0.07695975849508763,-2.833789083388538,0.9666699744006468,-3.800459057789185,-5.026401783039747,1.1367504190267441,-6.163152202066491,-7.095342553717798,1.0934646362889655,-8.188807190006763
2016-12-14,2.953125,3.0,16,1.3676470588235294,1.375,17,2.0,0.953125,0.046875,0.125,0.05882352941176472,0.25,3.88947009962739,4.0810890530411426,-0.19161895341375246,11.72521056084188,9.853484393267786,1.8717261675740948,15.917227688824664,12.268749337161399,3.6484783516632646,17.527250574087773,13.35110608773249,4.176144486355282,15.539066484757003,12.915723738503493,2.6233427462535097,11.57479835202695,11.715425180916661,-0.14062682888971167
2017-03-15,2.96875,3.0,16,2.3161764705882355,2.125,17,2.0,0.96875,0.015625,0.0,0.9485294117647061,0.75,-3.924031344877754,-7.138611573523357,3.2145802286456027,-4.52097496404118,-6.949141162382411,2.4281661983412306,-6.366804058089248,-6.931369166816537,0.5645651087272885,-8.262823651779527,-6.612678770140734,-1.6501448816387931,-8.191106721816732,-6.1516854868917115,-2.0394212349250207,-7.013641655953462,-5.460335157370855,-1.5533064985826073
2017-06-14,2.9166666666666665,3.0,15,2.2265625,2.125,16,2.0,0.9166666666666664,-0.05208333333333348,0.0,-0.0896139705882355,0.0,-0.44982348169297914,0.721246756449756,-1.1710702381427351,-0.5799563683982933,1.5504386246894653,-2.1303949930877586,-1.1856220729232758,1.774450658097404,-2.96007273102068,-2.6079041835769923,1.7150129697349747,-4.322917153311967,-3.8215133596064543,1.5301413139483078,-5.351654673554762,-5.145439242930383,1.2841370335187285,-6.429576276449112
2017-09-20,2.783333333333333,2.75,15,2.0390625,2.125,16,2.0,0.7833333333333332,-0.1333333333333333,-0.25,-0.1875,0.0,1.8574616411751288,0.5596908370851361,1.2977708040899927,4.480311474634324,2.710486247187749,1.7698252274465753,5.177381495081668,3.5236914366229444,1.6536900584587233,4.780484826586728,3.8731370596012837,0.9073477669854446,3.898602292706954,3.7400596395209984,0.15854265318595573,2.7266556946945464,3.3803005170983003,-0.6536448224037539
2017-12-13,2.783333333333333,2.75,15,2.015625,2.125,16,2.0,0.7833333333333332,0.0,0.0,-0.0234375,0.0,-0.5579892920085205,1.0720440805671583,-1.6300333725756788,-1.8814318135222052,0.7946674025649081,-2.6760992160871133,-2.7399401948184687,0.5907044260049066,-3.3306446208233753,-3.8456201314461147,0.31761602938029654,-4.163236160826411,-4.558815909916625,0.160769706102748,-4.719585616019373,-5.253979559599609,0.03977885504609091,-5.2937584146456995
2018-03-21,2.8660714285714284,2.875,14,2.9166666666666665,2.875,15,2.0,0.8660714285714284,0.08273809523809517,0.125,0.9010416666666665,0.75,-2.8152137084834994,-1.296179034303746,-1.5190346741797534,-4.351535871094825,-1.8875471749822736,-2.4639886961125512,-5.1109486246013525,-2.127496481004121,-2.9834521435972317,-5.735883534421138,-2.2316886049126516,-3.504194929508486,-5.947393347238217,-2.16455096210737,-3.782842385130847,-6.047487882985347,-1.9828260452475543,-4.064661837737793
2018-06-13,2.8660714285714284,2.875,14,2.958333333333333,3.125,15,2.0,0.8660714285714284,0.0,0.0,0.04166666666666652,0.25,1.350142576025526,1.2220596708626186,0.12808290516290732,2.180935978933096,2.568585901920084,-0.38764992298698786,1.6814385464158033,2.966932205506456,-1.285493659090653,0.08337029709117871,2.967807087519647,-2.8844367904284685,-1.2225688775529875,2.7340070056869337,-3.956575883239921,-2.5513731310367938,2.375103962539571,-4.926477093576365
2018-09-26,2.8833333333333333,3.0,15,3.015625,3.125,16,2.0,0.8833333333333333,0.017261904761904923,0.125,0.05729166666666696,0.0,-0.0332014704236272,-0.5300778615699997,0.4968763911463725,-0.6963945291790008,-0.32826563794134955,-0.36812889123765125,-1.7472488566023348,-0.379963427540142,-1.3672854290621927,-3.132531193052923,-0.49611634763842005,-2.636414845414503,-3.7149609501457626,-0.5499339041528994,-3.165027045992863,-3.988160299941468,-0.5596691563068301,-3.4284911436346377
2018-12-19,2.84375,2.75,16,2.8455882352941178,2.875,17,2.0,0.84375,-0.039583333333333304,-0.25,-0.17003676470588225,-0.25,0.4436355503569356,2.245656187148226,-1.8020206367912905,1.1367707860963083,3.7069698957205244,-2.570199109624216,1.1148238418639433,4.188327707721751,-3.0735038658578073,-0.07419912231787507,4.177926396651266,-4.252125518969141,-1.6494822282078658,3.86003941720352,-5.509521645411386,-3.6946381391621763,3.3664306261169674,-7.061068765279144
2019-03-20,2.796875,2.75,16,2.669117647058824,2.625,17,2.0,0.796875,-0.046875,0.0,-0.17647058823529393,-0.25,-3.3336982298854956,-2.3929225517591135,-0.9407756781263821,-5.7451493843382995,-3.787525478319509,-1.9576239060187905,-6.994812581845666,-4.34551799853744,-2.649294583308226,-7.6582977330682755,-4.538703261181354,-3.1195944718869217,-7.385170728388424,-4.353074264415113,-3.0320964639733106,-6.662332844030505,-3.9382156198019214,-2.724117224228584
2019-06-19,2.6953125,2.5,16,2.213235294117647,2.125,17,2.0,0.6953125,-0.1015625,-0.25,-0.4558823529411766,-0.5,-12.282790625776375,-8.841041610091782,-3.441749015684592,-13.259603890656525,-10.157825227350203,-3.1017786633063205,-11.553132039230407,-10.14262970711819,-1.4105023321122179,-8.140790126248131,-9.335356001687023,1.194565875438891,-6.166383364750261,-8.437548335857015,2.271164971106754,-4.698605264991906,-7.287789968238956,2.5891847032470494
2019-09-18,2.5703125,2.5,16,1.875,1.875,17,2.0,0.5703125,-0.125,0.0,-0.3382352941176472,-0.25,0.5596879966896839,1.0472192492376742,-0.48753125254799023,1.070757740639916,2.053269788457346,-0.9825120478174298,0.8359499656297675,2.3644778945005385,-1.528527928870771,-0.19728998838790535,2.366880549823014,-2.5641705382109192,-1.2155270354369252,2.1817815545142505,-3.3973085899511757,-2.382689228230417,1.8962746782973383,-4.278963906527755
2019-12-11,2.5390625,2.5,16,1.6838235294117647,1.625,17,2.0,0.5390625,-0.03125,0.0,-0.19117647058823528,-0.25,0.5437760914906553,-0.8392199820201007,1.382996073510756,1.8935185443682334,-0.7126960234885793,2.6062145678568127,3.0480788237597256,-0.535094550813886,3.5831733745736116,4.614803978999782,-0.2556140060960832,4.870417985095865,5.534475868292987,-0.08722934617995115,5.6217052144729385,6.329251454892049,0.040851397941832346,6.288400056950216
2020-06-10,2.4921875,2.5,16,0.125,0.125,17,2.0,0.4921875,-0.046875,0.0,-1.5588235294117647,-1.5,-0.810769785889176,2.8158962530076215,-3.6266660388967975,-1.873411599731395,5.103579009801617,-6.9769906095330185,-4.43780591138902,5.612275984102899,-10.050081895491914,-9.633946382512192,5.2420133859821805,-14.875959768494374,-13.650115907113165,4.592343593355852,-18.24245950046901,-17.785566008635843,3.7901268601686633,-21.57569286880452
2020-09-16,2.4921875,2.5,16,0.125,0.125,17,2.0,0.4921875,0.0,0.0,0.0,0.0,0.05214424657597194,0.570612314744956,-0.5184680681689813,-0.33442785647201656,-0.016894408061196575,-0.31753344841081166,-0.03301538454671682,-0.20520969969817227,0.17219431515145267,0.6742657690962384,-0.2830980237051195,0.9573637928013579,1.1034578369232106,-0.26972360904611303,1.3731814459693181,1.429275642739647,-0.23154987063989108,1.660825513379538
2020-12-16,2.4921875,2.5,16,0.125,0.125,17,2.0,0.4921875,0.0,0.0,0.0,0.0,0.19583988567738186,-1.161839591477043,1.357679477154422,0.798215746344727,-0.9101205778841437,1.7083363242288763,0.8320260530154472,-0.799158272818401,1.6311843258338454,0.8584825216639835,-0.6562492584217816,1.5147317800857651,1.0704402481833908,-0.5584179557287072,1.628858203912098,1.462475718390921,-0.45752150569093875,1.9199972240818597
2021-03-17,2.4779411764705883,2.5,17,0.1944444444444444,0.125,18,2.0,0.4779411764705883,-0.014246323529411686,0.0,0.06944444444444439,0.0,-0.16530943386570962,-3.196502998555062,3.031193564689352,-0.6185359059392853,-5.570450680860983,4.9519147749217005,0.2917574542448287,-6.274212603224472,6.5659700574693005,3.363519592793407,-6.156132072748177,9.519651665541584,6.408299646986881,-5.607647824025874,12.015947471012755,9.967748645520636,-4.820087105697035,14.78783575121767
2021-06-16,2.4779411764705883,2.5,17,0.25,0.125,18,2.0,0.4779411764705883,0.0,0.0,0.05555555555555561,0.0,2.1034290535748568,9.100629812476418,-6.997200758901567,5.888298927330532,13.135440475400406,-7.247141548069874,8.933514690881527,14.751770540762566,-5.818255849881037,9.431906526626177,14.977825365755592,-5.545918839129415,6.2096188642683625,14.080689612571051,-7.871070748302689,0.4846311012769444,12.500316259523704,-12.015685158246757
2021-09-22,2.463235294117647,2.5,17,0.2916666666666667,0.25,18,2.0,0.4632352941176472,-0.014705882352941124,0.0,0.041666666666666685,0.125,1.5257961515710572,2.259531739304199,-0.733735587733142,4.791982136427006,3.8878409796595736,0.9041411567674351,7.456518991324862,4.720041701754452,2.736477289570416,9.712795115858375,5.181746307359014,4.53104880849936,9.761219565463719,5.079667416188016,4.681552149275703,8.744827404467026,4.670762943088813,4.074064461378213
2021-12-15,2.463235294117647,2.5,17,0.8055555555555556,0.875,18,2.0,0.4632352941176472,0.0,0.0,0.5138888888888888,0.625,-0.3319778133856921,-9.563953855503549,9.231976042117857,-2.3121054979315825,-11.147735654361068,8.835630156429486,-4.919813101538029,-11.97615932984526,7.0563462283072305,-5.791932071144634,-11.898703161949742,6.106771090805108,-3.4256786150696827,-11.126974630556031,7.7012960154863475,1.073052941155228,-9.854232329433499,10.927285270588726
2022-03-16,2.425,2.375,15,2.8125,2.75,16,2.0,0.4249999999999998,-0.03823529411764737,-0.125,2.0069444444444446,1.875,4.539712224861603,-3.36650411000583,7.906216334867433,9.352169273481724,0.31947583671187996,9.032693436769845,9.125388969286075,1.5916398873635274,7.533749081922547,7.210767795145756,2.3344505229162316,4.8763172722295245,6.393560254628561,2.4207475084677466,3.9728127461608143,6.322918653520526,2.280436123195395,4.042482530325131
2022-06-15,2.4338235294117645,2.5,17,3.7777777777777777,3.75,18,2.0,0.4338235294117645,0.008823529411764675,0.125,0.9652777777777777,1.0,-19.08332488746445,7.893504763203474,-26.976829650667923,-28.831615834051092,0.15382901881562105,-28.985444852866713,-27.608189250453208,-2.01822165744856,-25.589967593004648,-24.335856520367916,-3.2603000681479255,-21.075556452219992,-24.584115436671674,-3.4835381039981073,-21.100577332673566,-27.328283012328125,-3.363595523517837,-23.964687488810288
2022-09-21,2.4722222222222223,2.5,18,4.5855263157894735,4.625,19,2.0,0.4722222222222223,0.038398692810457824,0.0,0.8077485380116958,0.875,3.4349666143814517,0.5300349489025358,2.904931665478916,18.665762790286955,3.2079426094575147,15.45782018082944,19.839071452802504,5.491073332228424,14.34799812057408,15.311900460659622,7.355186777951239,7.956713682708383,13.534267886129436,7.716065932681371,5.818201953448066,14.284557517120655,7.417200669898705,6.86735684722195
2022-12-14,2.5069444444444446,2.5,18,5.217105263157895,5.125,19,2.0,0.5069444444444446,0.03472222222222232,0.0,0.6315789473684212,0.5,1.156417294255352,3.0802189110791467,-1.9238016168237948,-0.1617125952734888,3.207260901131015,-3.3689734964045037,-1.4167071508605744,3.0526539979393696,-4.469361148799944,-3.442378809206481,2.6034195982202135,-6.045798407426695,-4.896014177819685,2.219408696670655,-7.11542287449034,-6.365111946199953,1.80565323458719,-8.170765180787143
2023-03-22,2.588235294117647,2.5,17,4.402777777777778,4.25,18,2.0,0.5882352941176472,0.08129084967320255,0.0,-0.814327485380117,-0.875,-27.568057341533247,-13.866582290125873,-13.701475051407375,-40.70911782600799,-25.408439132166816,-15.300678693841174,-40.523020846313784,-28.919742618948163,-11.603278227365621,-33.02828868612346,-29.294647151339603,-3.7336415347838603,-26.455182295927226,-27.4832586779433,1.0280763820160743,-19.92965591317244,-24.364738433600852,4.435082520428413
2023-06-14,2.661764705882353,2.5,17,4.75,4.625,18,2.0,0.6617647058823528,0.07352941176470562,0.0,0.3472222222222223,0.375,-2.456951880777325,-1.0668808217663361,-1.3900710590109888,-5.116564930376644,-1.5705913128921445,-3.545973617484499,-7.545194489277041,-1.967573206951645,-5.577621282325396,-10.436315273389507,-2.344487532362649,-8.091827741026858,-11.66208430804967,-2.43000192486571,-9.23208238318396,-12.309414213771808,-2.3448449692931916,-9.964569244478616
2023-09-20,2.7569444444444446,2.5,18,5.046052631578948,5.125,19,2.0,0.7569444444444446,0.09517973856209183,0.0,0.2960526315789478,0.5,0.5748929916594925,-3.6491738919149697,4.224066883574462,2.9171896007996523,-5.090111570993905,8.007301171793557,4.904200436604711,-5.244697002486198,10.14889743909091,8.537940852497083,-4.680854597958728,13.218795450455811,11.738562512270345,-4.026691326173193,15.765253838443538,15.44246200315591,-3.277648591608351,18.72011059476426
2023-12-13,2.7291666666666665,2.5,18,4.703947368421052,4.625,19,2.0,0.7291666666666665,-0.027777777777778123,0.0,-0.3421052631578956,-0.5,-22.83486406740396,-8.240329438742933,-14.594534628661027,-33.90020720059095,-15.844574237419806,-18.055632963171142,-34.582845779633956,-18.222063613977113,-16.36078216565684,-30.984219030036275,-18.733028694639664,-12.251190335396611,-28.27008572279759,-17.763449264296494,-10.506636458501095,-26.184156321800288,-15.90907884845354,-10.27507747334675
2024-03-20,2.8125,2.5625,18,3.782894736842105,3.875,19,2.0,0.8125,0.08333333333333348,0.0625,-0.9210526315789473,-0.75,-3.9316701040296387,-1.8488236916889278,-2.082846412340711,-5.919790984290607,-3.721445985379912,-2.198344998910695,-5.72247409697173,-4.289848124293361,-1.4326259726783697,-4.28998751711287,-4.3595595388745245,0.06957202176165467,-3.1314505083840594,-4.084413167330769,0.95296265894671,-2.0284065865921797,-3.6126797491535356,1.584273162561356
2024-06-12,2.9078947368421053,2.75,19,4.164473684210527,4.125,19,2.0,0.9078947368421052,0.09539473684210531,0.1875,0.38157894736842257,0.25,-8.258993370738388,-5.07368413093614,-3.1853092398022476,-13.505875613857388,-8.14751621595482,-5.358359397902568,-15.752385256588575,-9.312801049887032,-6.439584206701543,-16.621592450421474,-9.680165786834749,-6.941426663586725,-15.965287124217653,-9.263438603767948,-6.701848520449705,-14.611639005922328,-8.366655425494418,-6.24498358042791
2024-09-18,2.9934210526315788,2.875,19,3.348684210526316,3.375,19,2.0,0.9934210526315788,0.08552631578947345,0.125,-0.8157894736842115,-0.75,-4.642609608968096,-7.770761599796572,3.128151990828476,-0.36627986629080844,-6.019519748431801,5.653239882140992,2.536947969022174,-4.8933959870814725,7.430343956103647,5.9012888507050665,-3.548513409415621,9.449802260120688,7.642581596981035,-2.779704966581731,10.422286563562766,9.023437445657478,-2.1003021101330788,11.123739555790557
2024-12-18,3.111842105263158,3.0,19,3.835526315789474,3.875,19,2.0,1.111842105263158,0.1184210526315792,0.125,0.48684210526315796,0.5,1.8157749228023157,-0.7967861438261892,2.612561066628505,7.613473431686657,1.2484141757159506,6.365059255970706,12.177316186963516,2.46829888776654,9.709017299196976,17.088851333204857,3.5456893693561753,13.543161963848682,18.87378275483531,3.850872410130446,15.022910344704865,19.526977258662548,3.807797075281538,15.71918018338101
2025-03-19,3.111842105263158,3.0,19,3.4539473684210527,3.375,19,2.0,1.111842105263158,0.0,0.0,-0.38157894736842124,-0.5,-5.584181148855105,-0.10421945142384814,-5.479961697431257,-8.537690273923548,-2.493175288350713,-6.044514985572835,-8.024547847941754,-3.201592784092977,-4.822955063848777,-6.204179014904154,-3.433497233991778,-2.7706817809123763,-5.342337806086572,-3.278878704888477,-2.063459101198095,-5.031347142448528,-2.940144191079286,-2.091202951369242
2025-06-18,3.111842105263158,3.0,19,3.506578947368421,3.625,19,2.0,1.111842105263158,0.0,0.0,0.05263157894736814,0.25,-3.1729805812854117,-1.6087236615162759,-1.5642569197691358,-4.410932529926459,-3.0978244242538366,-1.3131081056726224,-3.8278768943921015,-3.5005724811737693,-0.32730441321833226,-2.1142196851271944,-3.4756633488235433,1.361443663696349,-0.9183793708987587,-3.2111276383694154,2.2927482674706567,0.13156779350165237,-2.804839961103589,2.9364077546052414
2025-09-17,3.1184210526315788,3.0,19,3.296052631578948,3.375,19,2.0,1.1184210526315788,0.0065789473684207955,0.0,-0.210526315789473,-0.25,1.5650414245686584,-1.56279923974032,3.1278406643089784,5.458154986038943,0.7929969227172595,4.665158063321684,6.972378589585615,1.8078137409533568,5.164564848632258,7.745033292828962,2.5020966956598834,5.242936597169079,7.732525837393123,2.6160782466841503,5.116447590708972,7.491287299597715,2.4999096190662318,4.991377680531484
2025-12-10,3.131578947368421,3.0,19,3.296052631578948,3.375,19,2.0,1.1315789473684212,0.013157894736842035,0.0,0.0,0.0,-6.997087618437137,-6.511348570365216,-0.48573904807192037,-8.1033692198333,-7.8468803499573525,-0.2564888698759482,-7.688860146803034,-8.091655737361014,0.40279559055798053,-5.9177455663266265,-7.672705262895763,1.754959696569136,-4.283614540566916,-7.022806014169092,2.739191473602176,-2.487621441086496,-6.120735699963831,3.6331142588773346
2026-03-18,3.164473684210526,3.125,19,3.1907894736842106,3.125,19,2.0,1.164473684210526,0.03289473684210531,0.125,-0.10526315789473717,-0.25,11.728549580312464,13.741907902842954,-2.0133583225304896,12.030285033277499,14.47404974169646,-2.4437647084189607,11.942737654939917,14.359590391699806,-2.416852736759889,10.418977310561983,13.305316116891008,-2.886338806329025,8.275719352170263,12.10391244547897,-3.828193093308707,5.39215163182778,10.520499084902557,-5.1283474530747775
