path,kind,meeting_date,source_url,bytes,sha256,retrieved
sources/projections/fomcprojtabl20120125.htm,projections_html,2012-01-25,https://www.federalreserve.gov/monetarypolicy/fomcprojtabl20120125.htm,95965,168564ad47e488f32d6af092b2157d1dae6590006b08bab9cc794a40365fda31,2026-08-07
sources/projections/fomcprojtabl20120425.htm,projections_html,2012-04-25,https://www.federalreserve.gov/monetarypolicy/fomcprojtabl20120425.htm,95793,6bfb20381ffb556941158d4c0cf2f0312db0d15cc726d4de4c9c944aa481df72,2026-08-07
sources/projections/fomcprojtabl20120620.htm,projections_html,2012-06-20,https://www.federalreserve.gov/monetarypolicy/fomcprojtabl20120620.htm,95742,1e8439b32c02d9b0392367756f558f7f229d49536e057986eeb54473b2c5a7de,2026-08-07
sources/projections/fomcprojtabl20120913.htm,projections_html,2012-09-13,https://www.federalreserve.gov/monetarypolicy/fomcprojtabl20120913.htm,97384,7745ab7cfb6032a28ae98dfb889263fc8f263bd6781df8424cd6ffb4d6fe061b,2026-08-07
sources/projections/fomcprojtabl20121212.htm,projections_html,2012-12-12,https://www.federalreserve.gov/monetarypolicy/fomcprojtabl20121212.htm,97344,c7a8b480aec2a81d4c55a8ae5ec75626bb54dcf35f9f590c752163e56e76bdf5,2026-08-07
sources/projections/fomcprojtabl20130320.htm,projections_html,2013-03-20,https://www.federalreserve.gov/monetarypolicy/fomcprojtabl20130320.htm,106270,4280a71b2fc969013e01eab309a25e174e7fa53021ee043bb0e206eab6ed8ede,2026-08-07
sources/projections/fomcprojtabl20130619.htm,projections_html,2013-06-19,https://www.federalreserve.gov/monetarypolicy/fomcprojtabl20130619.htm,106336,47708939ff5fb46449ed7fd0fae3f82cd214b0fe31b4e7f2680c492a09053651,2026-08-07
sources/projections/fomcprojtabl20130918.htm,projections_html,2013-09-18,https://www.federalreserve.gov/monetarypolicy/fomcprojtabl20130918.htm,109080,e182479c375507303bdf94b17e0496396dcd8a2523af150679176a08339ec188,2026-08-07
sources/projections/fomcprojtabl20131218.htm,projections_html,2013-12-18,https://www.federalreserve.gov/monetarypolicy/fomcprojtabl20131218.htm,109119,328c95b81f3987b93f2034008e73b9201cb5184653838c92b1046947147a451f,2026-08-07
sources/projections/fomcprojtabl20140319.htm,projections_html,2014-03-19,https://www.federalreserve.gov/monetarypolicy/fomcprojtabl20140319.htm,105826,fd653db76c6c8cf41fce72c6594ff73c48e52a0ec3479c1d8c30157d28ae8820,2026-08-07
sources/projections/fomcprojtabl20140618.htm,projections_html,2014-06-18,https://www.federalreserve.gov/monetarypolicy/fomcprojtabl20140618.htm,105776,0aac7ec32d51668db4f53ef4368e85549a432dc184da718bea582a2656c20edb,2026-08-07
sources/projections/fomcprojtabl20140917.htm,projections_html,2014-09-17,https://www.federalreserve.gov/monetarypolicy/fomcprojtabl20140917.htm,114469,221c3bb5068f293186dd4d884c5a7d07ec5ebe95856adc82facd32375bdaa144,2026-08-07
sources/projections/fomcprojtabl20141217.htm,projections_html,2014-12-17,https://www.federalreserve.gov/monetarypolicy/fomcprojtabl20141217.htm,114012,abf338414eb577cac24ee110ca48727ff6cc21bb904f0dd93981bc6b055ec40e,2026-08-07
sources/projections/fomcprojtabl20150318.htm,projections_html,2015-03-18,https://www.federalreserve.gov/monetarypolicy/fomcprojtabl20150318.htm,109987,ffdbf94f6a7d6cbf8006a9c2d9d3f50af41594390f65c8b64c8b726c385e3123,2026-08-07
sources/projections/fomcprojtabl20150617.htm,projections_html,2015-06-17,https://www.federalreserve.gov/monetarypolicy/fomcprojtabl20150617.htm,109959,08fbe5e990455a090b947a35a4625cc0af3480b02724211fc88a167a132c55b2,2026-08-07
sources/projections/fomcprojtabl20150917.htm,projections_html,2015-09-17,https://www.federalreserve.gov/monetarypolicy/fomcprojtabl20150917.htm,123386,501b7c9e12134e7c033046c917b13ae59877cda14b9ec40f150cbf42a497d317,2026-08-07
sources/projections/fomcprojtabl20151216.htm,projections_html,2015-12-16,https://www.federalreserve.gov/monetarypolicy/fomcprojtabl20151216.htm,121413,01d8946c63b2951c64628218e808205f5681ee07ee086a03d6cf1f16c5df192b,2026-08-07
sources/projections/fomcprojtabl20160316.htm,projections_html,2016-03-16,https://www.federalreserve.gov/monetarypolicy/fomcprojtabl20160316.htm,116067,02b2dd4b71874c9860ff815409da0cd7722077e211664223159881f0c2e1fa1e,2026-08-07
sources/projections/fomcprojtabl20160615.htm,projections_html,2016-06-15,https://www.federalreserve.gov/monetarypolicy/fomcprojtabl20160615.htm,115681,c7d8b86dc9f87602dac9cd3e71ed8534901c7bd1119a8e469c2ab633f6599731,2026-08-07
sources/projections/fomcprojtabl20160921.htm,projections_html,2016-09-21,https://www.federalreserve.gov/monetarypolicy/fomcprojtabl20160921.htm,121148,9d9f14175d3002a4032834e873396b0459f2869e552a180250771a4974fcb6a5,2026-08-07
sources/projections/fomcprojtabl20161214.htm,projections_html,2016-12-14,https://www.federalreserve.gov/monetarypolicy/fomcprojtabl20161214.htm,121509,901808d3bccc1d56fb749370b1a4df7f4b38ee99f9a601a2984fc8ed4ecc3e0a,2026-08-07
sources/projections/fomcprojtabl20170315.htm,projections_html,2017-03-15,https://www.federalreserve.gov/monetarypolicy/fomcprojtabl20170315.htm,116196,801bda57ad7ed686aa9f5eebf5539a133dca4051c0a32460d0173b2e49fdfcb9,2026-08-07
sources/projections/fomcprojtabl20170614.htm,projections_html,2017-06-14,https://www.federalreserve.gov/monetarypolicy/fomcprojtabl20170614.htm,114082,6646554c1709640654ddc63f43b2e05fab06ffed7341d4f5ae916e24eba15433,2026-08-07
sources/projections/fomcprojtabl20170920.htm,projections_html,2017-09-20,https://www.federalreserve.gov/monetarypolicy/fomcprojtabl20170920.htm,118822,4d493f7e2f5e805ab81b99cfacf8946d808e2200583a2b77d30d78676d393b4d,2026-08-07
sources/projections/fomcprojtabl20171213.htm,projections_html,2017-12-13,https://www.federalreserve.gov/monetarypolicy/fomcprojtabl20171213.htm,119167,9f374bbd62f339825444c7ef2210a214104b192c9767c899b9e6b2b7f5be5c85,2026-08-07
sources/projections/fomcprojtabl20180321.htm,projections_html,2018-03-21,https://www.federalreserve.gov/monetarypolicy/fomcprojtabl20180321.htm,116760,ce57d9705f70f2924bc468ae909495ddae52c2a6c7f9696840b2b6195af251c4,2026-08-07
sources/projections/fomcprojtabl20180613.htm,projections_html,2018-06-13,https://www.federalreserve.gov/monetarypolicy/fomcprojtabl20180613.htm,114842,cbc511024edbf6028dfe763f0a572b69339138dbbb68c1d9422edf7791f33b46,2026-08-07
sources/projections/fomcprojtabl20180926.htm,projections_html,2018-09-26,https://www.federalreserve.gov/monetarypolicy/fomcprojtabl20180926.htm,123146,724be7eb9a077534746cc755d4c9924cb7373ccdebea2fbdec97daacd520365b,2026-08-07
sources/projections/fomcprojtabl20181219.htm,projections_html,2018-12-19,https://www.federalreserve.gov/monetarypolicy/fomcprojtabl20181219.htm,122777,3948b9e318b7a3284cdd38e9b3dbf14429191d2e92ddc97d51ff56cf400d11ad,2026-08-07
sources/projections/fomcprojtabl20190320.htm,projections_html,2019-03-20,https://www.federalreserve.gov/monetarypolicy/fomcprojtabl20190320.htm,116144,054e72df8d3af1f5ffe3097d8053650cd73f2955fc28f7b0a6c84825cc00880b,2026-08-07
sources/projections/fomcprojtabl20190619.htm,projections_html,2019-06-19,https://www.federalreserve.gov/monetarypolicy/fomcprojtabl20190619.htm,116537,522b431cdd4f3c1f08b936d25bf8c2cd62eb2e3450f6d01a21defd961bcf6fc5,2026-08-07
sources/projections/fomcprojtabl20190918.htm,projections_html,2019-09-18,https://www.federalreserve.gov/monetarypolicy/fomcprojtabl20190918.htm,120967,6a3d3e7e5584e004fc9fd74a25039d2a56f718332c30faa7250f56461868b67b,2026-08-07
sources/projections/fomcprojtabl20191211.htm,projections_html,2019-12-11,https://www.federalreserve.gov/monetarypolicy/fomcprojtabl20191211.htm,118406,c8d9b77be31b0e969d9e8bf9899d827cd12b16812eb0b009af7d70f9292aa8be,2026-08-07
sources/projections/fomcprojtabl20200610.htm,projections_html,2020-06-10,https://www.federalreserve.gov/monetarypolicy/fomcprojtabl20200610.htm,116480,fe000135a43d39f893b6c4eee5b12adf1781924d56250970697f69448d158a17,2026-08-07
sources/projections/fomcprojtabl20200916.htm,projections_html,2020-09-16,https://www.federalreserve.gov/monetarypolicy/fomcprojtabl20200916.htm,125556,00bf7f091e2684b55ad62949248fa0828cfe9359e79dd69e9fbfefabce156334,2026-08-07
sources/projections/fomcprojtabl20201216.htm,projections_html,2020-12-16,https://www.federalreserve.gov/monetarypolicy/fomcprojtabl20201216.htm,274080,c0626f4887a2a4cc58746df40caffff4a991f2c0eee739b71d0b0d2ed98de0b0,2026-08-07
sources/projections/fomcprojtabl20210317.htm,projections_html,2021-03-17,https://www.federalreserve.gov/monetarypolicy/fomcprojtabl20210317.htm,238859,d23145727ac60c5062e4650f67e7eea8031fa802442e687495177b47e712c754,2026-08-07
sources/projections/fomcprojtabl20210616.htm,projections_html,2021-06-16,https://www.federalreserve.gov/monetarypolicy/fomcprojtabl20210616.htm,243145,36ad4459704f11e3e2d478bca841ad91efbd537b49a3fcbe8e2f41b35d2f2353,2026-08-07
sources/projections/fomcprojtabl20210922.htm,projections_html,2021-09-22,https://www.federalreserve.gov/monetarypolicy/fomcprojtabl20210922.htm,256129,2cbdbef438dda75be4217c0865c5d491bde4fc4ca0342824a16bddd8f62658b2,2026-08-07
sources/projections/fomcprojtabl20211215.htm,projections_html,2021-12-15,https://www.federalreserve.gov/monetarypolicy/fomcprojtabl20211215.htm,262225,8cbfb44ba24413388fe16714de0d744647b110f5bc055c0501b67a6899fe5465,2026-08-07
sources/projections/fomcprojtabl20220316.htm,projections_html,2022-03-16,https://www.federalreserve.gov/monetarypolicy/fomcprojtabl20220316.htm,241263,a3e7efaed313980124a5594fe5f27024e1ed58967fe2ed6da470bf58c28fcd41,2026-08-07
sources/projections/fomcprojtabl20220615.htm,projections_html,2022-06-15,https://www.federalreserve.gov/monetarypolicy/fomcprojtabl20220615.htm,242040,452066ceb4610d3b1d1d9f67de602cf8d22589013435cc8b22490e8233e188d2,2026-08-07
sources/projections/fomcprojtabl20220921.htm,projections_html,2022-09-21,https://www.federalreserve.gov/monetarypolicy/fomcprojtabl20220921.htm,255656,d71701afdf4abbab247ec63fc951ecc360db083413b555d8b3ce7afe2175eef0,2026-08-07
sources/projections/fomcprojtabl20221214.htm,projections_html,2022-12-14,https://www.federalreserve.gov/monetarypolicy/fomcprojtabl20221214.htm,266018,33f668888530eb8fecd71038f56fa3db5e6c73832a56258ba0cd609583f4a971,2026-08-07
sources/projections/fomcprojtabl20230322.htm,projections_html,2023-03-22,https://www.federalreserve.gov/monetarypolicy/fomcprojtabl20230322.htm,246332,2987eaa050222508487ee8ea273b91d2cf65e0f8b7de73c9c9cd9fb9bfc189f3,2026-08-07
sources/projections/fomcprojtabl20230614.htm,projections_html,2023-06-14,https://www.federalreserve.gov/monetarypolicy/fomcprojtabl20230614.htm,247895,71f2496ae2c1f8330d81c29bb9f3d5bebb8eef8c637ed96e68cee189489788d1,2026-08-07
sources/projections/fomcprojtabl20230920.htm,projections_html,2023-09-20,https://www.federalreserve.gov/monetarypolicy/fomcprojtabl20230920.htm,256784,77be2994a08ee9f599f203483ff0db1cba262d49c697f98290d21657febb6704,2026-08-07
sources/projections/fomcprojtabl20231213.htm,projections_html,2023-12-13,https://www.federalreserve.gov/monetarypolicy/fomcprojtabl20231213.htm,256075,cc3597bfe2b7554fda290e429b3891063c98491612e4a2984d55131ade5ee9d5,2026-08-07
sources/projections/fomcprojtabl20240320.htm,projections_html,2024-03-20,https://www.federalreserve.gov/monetarypolicy/fomcprojtabl20240320.htm,238917,c084e8779b9d10579872a752c9551ff37b51f63a418ad5129188fd383ddfe534,2026-08-07
sources/projections/fomcprojtabl20240612.htm,projections_html,2024-06-12,https://www.federalreserve.gov/monetarypolicy/fomcprojtabl20240612.htm,236462,d588570119c0db93817f94584218c3270b388d0d84847796bbc4ffb9232aece5,2026-08-07
sources/projections/fomcprojtabl20240918.htm,projections_html,2024-09-18,https://www.federalreserve.gov/monetarypolicy/fomcprojtabl20240918.htm,245228,5075b1265d25e4f73a70b05f66dfb0485a2dbc565ae8b40c56931cf9073775ad,2026-08-07
sources/projections/fomcprojtabl20241218.htm,projections_html,2024-12-18,https://www.federalreserve.gov/monetarypolicy/fomcprojtabl20241218.htm,247287,0fb94c20484951eb5236f7de9bdecd0317b6b9396419a7c05a254207d4d298d4,2026-08-07
sources/projections/fomcprojtabl20250319.htm,projections_html,2025-03-19,https://www.federalreserve.gov/monetarypolicy/fomcprojtabl20250319.htm,236573,8e390185f5aac285e064c76828b80e4e9d1c1b059770862f7ea4061b8b894d72,2026-08-07
sources/projections/fomcprojtabl20250618.htm,projections_html,2025-06-18,https://www.federalreserve.gov/monetarypolicy/fomcprojtabl20250618.htm,237155,ef3845703b1b335c92187b7abea863d9a27b1313a54f0b5ec84716a8b7c69ef0,2026-08-07
sources/projections/fomcprojtabl20250917.htm,projections_html,2025-09-17,https://www.federalreserve.gov/monetarypolicy/fomcprojtabl20250917.htm,246240,2e911bfa247408354a909a991bd1bf2c50128226a4a96f4e53b355551537a57d,2026-08-07
sources/projections/fomcprojtabl20251210.htm,projections_html,2025-12-10,https://www.federalreserve.gov/monetarypolicy/fomcprojtabl20251210.htm,247595,082a0e1cf779e4e1f22d833d7e99f0352773a08e083da748642642662c2c8a6e,2026-08-07
sources/projections/fomcprojtabl20260318.htm,projections_html,2026-03-18,https://www.federalreserve.gov/monetarypolicy/fomcprojtabl20260318.htm,234380,dab2fce13685415cd847c8114959216798e051290f001576cd9495af69f63e35,2026-08-07
sources/compilations/FOMC20120125SEPcompilation.pdf,sep_compilation_pdf,2012-01-25,https://www.federalreserve.gov/monetarypolicy/files/FOMC20120125SEPcompilation.pdf,861018,a699e85cf5e4369ef14dcb7d2e037209e4dece19c516866a1854f88e9317a115,2026-08-07
sources/compilations/FOMC20120425SEPcompilation.pdf,sep_compilation_pdf,2012-04-25,https://www.federalreserve.gov/monetarypolicy/files/FOMC20120425SEPcompilation.pdf,881961,57413eed6505e7d7a5ce66bf1c792103df946b157571c6dcd6b75880dae616c7,2026-08-07
sources/compilations/FOMC20120620SEPcompilation.pdf,sep_compilation_pdf,2012-06-20,https://www.federalreserve.gov/monetarypolicy/files/FOMC20120620SEPcompilation.pdf,820646,fc73762409cf161cedd04452eea5db763eb95a8588837167901814ba8d98c07b,2026-08-07
sources/compilations/FOMC20120913SEPcompilation.pdf,sep_compilation_pdf,2012-09-13,https://www.federalreserve.gov/monetarypolicy/files/FOMC20120913SEPcompilation.pdf,809100,25d20e16a524b68750698bd78387d2b0f047e526a1142e068f17db34e2f4bd04,2026-08-07
sources/compilations/FOMC20121212SEPcompilation.pdf,sep_compilation_pdf,2012-12-12,https://www.federalreserve.gov/monetarypolicy/files/FOMC20121212SEPcompilation.pdf,808182,6639e39886714858484adc97092fef37736f56980804596dd617fa7428689d85,2026-08-07
sources/compilations/FOMC20130320SEPcompilation.pdf,sep_compilation_pdf,2013-03-20,https://www.federalreserve.gov/monetarypolicy/files/FOMC20130320SEPcompilation.pdf,993507,e58ded8e7073ff4c66b7be0f4f028b819f093eaaa1f96586b044ea718247b0fa,2026-08-07
sources/compilations/FOMC20130619SEPcompilation.pdf,sep_compilation_pdf,2013-06-19,https://www.federalreserve.gov/monetarypolicy/files/FOMC20130619SEPcompilation.pdf,924334,beb4338adb2b9dd28603f0d29c0e52790df5849e76cab13d8a7a8d182585930e,2026-08-07
sources/compilations/FOMC20130918SEPcompilation.pdf,sep_compilation_pdf,2013-09-18,https://www.federalreserve.gov/monetarypolicy/files/FOMC20130918SEPcompilation.pdf,926266,f35ce837d9488e14b88c6c91f65f419cb33f05810cadb603d72ecc83344c749d,2026-08-07
sources/compilations/FOMC20131218SEPcompilation.pdf,sep_compilation_pdf,2013-12-18,https://www.federalreserve.gov/monetarypolicy/files/FOMC20131218SEPcompilation.pdf,975608,7ce599eb1437bbc8f689f869a6160d4a4bab1b2563258a30a68e4a65bdb67be8,2026-08-07
sources/compilations/FOMC20140319SEPcompilation.pdf,sep_compilation_pdf,2014-03-19,https://www.federalreserve.gov/monetarypolicy/files/FOMC20140319SEPcompilation.pdf,2287046,40f3be08280e2dd5974a4d929dc0443eff45131cfd68854353092cd061621144,2026-08-07
sources/compilations/FOMC20140618SEPcompilation.pdf,sep_compilation_pdf,2014-06-18,https://www.federalreserve.gov/monetarypolicy/files/FOMC20140618SEPcompilation.pdf,1428120,563d98d136dfb7093c908073516ecb3407fc98bca0ac179d2acd293076e47eaa,2026-08-07
sources/compilations/FOMC20140917SEPcompilation.pdf,sep_compilation_pdf,2014-09-17,https://www.federalreserve.gov/monetarypolicy/files/FOMC20140917SEPcompilation.pdf,1429842,3124bc6ee579a68d88a8facfa591ba4de41e1ea6bc86f52b89804f00f54fb1f9,2026-08-07
sources/compilations/FOMC20141217SEPcompilation.pdf,sep_compilation_pdf,2014-12-17,https://www.federalreserve.gov/monetarypolicy/files/FOMC20141217SEPcompilation.pdf,1488181,8db475e41a27f4a23fe8cf3dde33900cf6912202c769d174b7fdcbf73bc27f98,2026-08-07
sources/compilations/FOMC20150318SEPcompilation.pdf,sep_compilation_pdf,2015-03-18,https://www.federalreserve.gov/monetarypolicy/files/FOMC20150318SEPcompilation.pdf,1467835,bfa32d46d24f6790a9059deb78eebf4d56a345ee267d39b44f7549f239a47ef4,2026-08-07
sources/compilations/FOMC20150617SEPcompilation.pdf,sep_compilation_pdf,2015-06-17,https://www.federalreserve.gov/monetarypolicy/files/FOMC20150617SEPcompilation.pdf,1586883,32601e8e0e1bac018267d6bb2b4e2e4ce47169caf1cfc64e7da3aba774323045,2026-08-07
sources/compilations/FOMC20150917SEPcompilation.pdf,sep_compilation_pdf,2015-09-17,https://www.federalreserve.gov/monetarypolicy/files/FOMC20150917SEPcompilation.pdf,1630538,95564f9a7aef7d96766ee0b49fde02ccbd001174f328cfb60059e583102ed9ef,2026-08-07
sources/compilations/FOMC20151216SEPcompilation.pdf,sep_compilation_pdf,2015-12-16,https://www.federalreserve.gov/monetarypolicy/files/FOMC20151216SEPcompilation.pdf,1607520,c1e2112357883d98d23ffe92c67fb1b0026f42ea9ce5007b5af2990af845b198,2026-08-07
sources/compilations/FOMC20160316SEPcompilation.pdf,sep_compilation_pdf,2016-03-16,https://www.federalreserve.gov/monetarypolicy/files/FOMC20160316SEPcompilation.pdf,1553620,097533275dfe35e487cd6d0e0cf0777c05ae9a42a6a710d2e67adc24db102be0,2026-08-07
sources/compilations/FOMC20160615SEPcompilation.pdf,sep_compilation_pdf,2016-06-15,https://www.federalreserve.gov/monetarypolicy/files/FOMC20160615SEPcompilation.pdf,1587811,78d2afb174092485edbaed0a5f0c2456384966a389f21d30336422c04fe5b593,2026-08-07
sources/compilations/FOMC20160921SEPcompilation.pdf,sep_compilation_pdf,2016-09-21,https://www.federalreserve.gov/monetarypolicy/files/FOMC20160921SEPcompilation.pdf,1601398,7af9838ac63374614f520f7f646e205946541fe750cde5bb4585ac7fc84f166c,2026-08-07
sources/compilations/FOMC20161214SEPcompilation.pdf,sep_compilation_pdf,2016-12-14,https://www.federalreserve.gov/monetarypolicy/files/FOMC20161214SEPcompilation.pdf,1636178,9e678a89ee805108fcb2388de14e1ee18ea68d6c32a2130e3009f5f7a782d11c,2026-08-07
sources/compilations/FOMC20170315SEPcompilation.pdf,sep_compilation_pdf,2017-03-15,https://www.federalreserve.gov/monetarypolicy/files/FOMC20170315SEPcompilation.pdf,1555459,4fb9e7f1a73eadd60113224c9e95e55c0b1a20addd93ee0a57904f303c8cf2fa,2026-08-07
sources/compilations/FOMC20170614SEPcompilation.pdf,sep_compilation_pdf,2017-06-14,https://www.federalreserve.gov/monetarypolicy/files/FOMC20170614SEPcompilation.pdf,1647626,a0388979689a5f06aaa3a15fee171cb9e46ceb47f26c2fca46c4dc0b1ba60108,2026-08-07
sources/compilations/FOMC20170920SEPcompilation.pdf,sep_compilation_pdf,2017-09-20,https://www.federalreserve.gov/monetarypolicy/files/FOMC20170920SEPcompilation.pdf,1574460,88c6c7a5de33111075f31bd8a0202d90677d2f63a103ddfaf92a919e5160e62f,2026-08-07
sources/compilations/FOMC20171213SEPcompilation.pdf,sep_compilation_pdf,2017-12-13,https://www.federalreserve.gov/monetarypolicy/files/FOMC20171213SEPcompilation.pdf,1560076,4f3816d55e6a190bb5fcdd05da9c4cbee102c2a296774c54fa7f4c8a0ea2ba1f,2026-08-07
sources/compilations/FOMC20180321SEPcompilation.pdf,sep_compilation_pdf,2018-03-21,https://www.federalreserve.gov/monetarypolicy/files/FOMC20180321SEPcompilation.pdf,457053,34e8d24b8aeeed8ed178b62bd837e766dd14ee7b814db30a62ae2a0b2115121e,2026-08-07
sources/compilations/FOMC20180613SEPcompilation.pdf,sep_compilation_pdf,2018-06-13,https://www.federalreserve.gov/monetarypolicy/files/FOMC20180613SEPcompilation.pdf,437560,3eabba53d05e1e6a92acdbabdce434289a432b484ac21e31c41211c20ce764a1,2026-08-07
sources/compilations/FOMC20180926SEPcompilation.pdf,sep_compilation_pdf,2018-09-26,https://www.federalreserve.gov/monetarypolicy/files/FOMC20180926SEPcompilation.pdf,423322,69e0c2e23c22f854377b09eed961618dc190a39e3a762f5819e6e558907704b6,2026-08-07
sources/compilations/FOMC20181219SEPcompilation.pdf,sep_compilation_pdf,2018-12-19,https://www.federalreserve.gov/monetarypolicy/files/FOMC20181219SEPcompilation.pdf,409339,b291d8285281938d7045feabea1f0e8a86d2b1b71deff699ab731d0b17b918f2,2026-08-07
sources/compilations/FOMC20190320SEPcompilation.pdf,sep_compilation_pdf,2019-03-20,https://www.federalreserve.gov/monetarypolicy/files/FOMC20190320SEPcompilation.pdf,1834154,e4ca87a0ee86542bc58dbd552aa448fa90d6be3aa8bfbce84e7a013f40d86705,2026-08-07
sources/compilations/FOMC20190619SEPcompilation.pdf,sep_compilation_pdf,2019-06-19,https://www.federalreserve.gov/monetarypolicy/files/FOMC20190619SEPcompilation.pdf,1929993,705235b692778b79a21e4e0ab50b4dc5e287e7fe95b133e1dc0ef4228f4d32f1,2026-08-07
sources/compilations/FOMC20190918SEPcompilation.pdf,sep_compilation_pdf,2019-09-18,https://www.federalreserve.gov/monetarypolicy/files/FOMC20190918SEPcompilation.pdf,2093551,df05353bae96fd0957b15de4daefc0daf61ed72af57a1fa4c56ac1322a0fffda,2026-08-07
sources/compilations/FOMC20191211SEPcompilation.pdf,sep_compilation_pdf,2019-12-11,https://www.federalreserve.gov/monetarypolicy/files/FOMC20191211SEPcompilation.pdf,2088145,f6ad3a4de63880d395c1d57e2a2b692848fbd3ab8b14b417fa0799c5c53d22ff,2026-08-07
sources/compilations/FOMC20200610SEPcompilation.pdf,sep_compilation_pdf,2020-06-10,https://www.federalreserve.gov/monetarypolicy/files/FOMC20200610SEPcompilation.pdf,3011537,a771f6ece9d4443124c16745db37b9d55c2c6cbbb7dea25be11e54565a71a5ef,2026-08-07
sources/compilations/FOMC20200916SEPcompilation.pdf,sep_compilation_pdf,2020-09-16,https://www.federalreserve.gov/monetarypolicy/files/FOMC20200916SEPcompilation.pdf,3027559,edcf5956070d71c894cfbc8aedd8be1f0fbf43c934671ef4b6b76030e89b2348,2026-08-07
sources/compilations/FOMC20201216SEPcompilation.pdf,sep_compilation_pdf,2020-12-16,https://www.federalreserve.gov/monetarypolicy/files/FOMC20201216SEPcompilation.pdf,3319158,26f3498feecfc8d6874dbb9cd282a0c7f810b7afe5f709f506dbcf73e4572e1a,2026-08-07
sources/keys/FOMC20120125SEPkey.pdf,sep_key_pdf,2012-01-25,https://www.federalreserve.gov/monetarypolicy/files/FOMC20120125SEPkey.pdf,795233,13bb5f9c160566e555dfc02c114e8051efe6ac4ff96e1f1d165c779266556855,2026-08-07
sources/keys/FOMC20120425SEPkey.pdf,sep_key_pdf,2012-04-25,https://www.federalreserve.gov/monetarypolicy/files/FOMC20120425SEPkey.pdf,706274,18c48a0decaabb2ce4f0593d51edbb240650bbdbff53d1ecf7fc04f4befb841e,2026-08-07
sources/keys/FOMC20120620SEPkey.pdf,sep_key_pdf,2012-06-20,https://www.federalreserve.gov/monetarypolicy/files/FOMC20120620SEPkey.pdf,768342,43de1e202aae9af49dd22a6e66c799604b1669259ac52a1b4aa10cf6b8295a0f,2026-08-07
sources/keys/FOMC20120913SEPkey.pdf,sep_key_pdf,2012-09-13,https://www.federalreserve.gov/monetarypolicy/files/FOMC20120913SEPkey.pdf,768607,3ec48c44ecfea6853384059a8081816eb35f520ca75d3e0b40c4c0d75a6b5637,2026-08-07
sources/keys/FOMC20121212SEPkey.pdf,sep_key_pdf,2012-12-12,https://www.federalreserve.gov/monetarypolicy/files/FOMC20121212SEPkey.pdf,702942,1df41313d17ce71f2016f3c92bf8114fb151f175de17733c9612cd073ce5425f,2026-08-07
sources/keys/FOMC20130320SEPkey.pdf,sep_key_pdf,2013-03-20,https://www.federalreserve.gov/monetarypolicy/files/FOMC20130320SEPkey.pdf,722835,0240f934d988ad8ba9c115b70b3ff118385ff60eaff413328def86e659369cbe,2026-08-07
sources/keys/FOMC20130619SEPkey.pdf,sep_key_pdf,2013-06-19,https://www.federalreserve.gov/monetarypolicy/files/FOMC20130619SEPkey.pdf,810109,012730ba5c61aac68dfc99100e75ed927445796ac92a7b733ef389521720d031,2026-08-07
sources/keys/FOMC20130918SEPkey.pdf,sep_key_pdf,2013-09-18,https://www.federalreserve.gov/monetarypolicy/files/FOMC20130918SEPkey.pdf,721166,f975b9bebde9db15995ca4e750e72bbd06eb9d2594aac9400229971d0fc58b07,2026-08-07
sources/keys/FOMC20131218SEPkey.pdf,sep_key_pdf,2013-12-18,https://www.federalreserve.gov/monetarypolicy/files/FOMC20131218SEPkey.pdf,721162,35755f667dd7800f6d1615529ab667ba7c637f0c831f3e5b403ad121a0748804,2026-08-07
sources/keys/FOMC20140319SEPkey.pdf,sep_key_pdf,2014-03-19,https://www.federalreserve.gov/monetarypolicy/files/FOMC20140319SEPkey.pdf,733635,858c4143fe5c27d5d762b849934fed54d78c2062edad6d21ea57918193ef9a5c,2026-08-07
sources/keys/FOMC20140618SEPkey.pdf,sep_key_pdf,2014-06-18,https://www.federalreserve.gov/monetarypolicy/files/FOMC20140618SEPkey.pdf,726871,786037d6a4cf73dcf9722b4095666e20dd65280e0c3662ccb93ab3cbd2630db9,2026-08-07
sources/keys/FOMC20140917SEPkey.pdf,sep_key_pdf,2014-09-17,https://www.federalreserve.gov/monetarypolicy/files/FOMC20140917SEPkey.pdf,727642,055d848df01505c213b088701b8b380a06926bd1633b198c7f5ff5aee54fbe08,2026-08-07
sources/keys/FOMC20141217SEPkey.pdf,sep_key_pdf,2014-12-17,https://www.federalreserve.gov/monetarypolicy/files/FOMC20141217SEPkey.pdf,741878,e1f69599eaa29529c11c97ef17a77972119e0114407358a74ff85587fa8a48d5,2026-08-07
sources/keys/FOMC20150318SEPkey.pdf,sep_key_pdf,2015-03-18,https://www.federalreserve.gov/monetarypolicy/files/FOMC20150318SEPkey.pdf,720456,75bdc53e8e3f6c7befaf38e0b940d81f60bb974db7dead03643cb342e848d6ea,2026-08-07
sources/keys/FOMC20150617SEPkey.pdf,sep_key_pdf,2015-06-17,https://www.federalreserve.gov/monetarypolicy/files/FOMC20150617SEPkey.pdf,719793,3251565de1036007e15e1b114bbf6ce8746013238377f775cdc906c9b2086e24,2026-08-07
sources/keys/FOMC20150917SEPkey.pdf,sep_key_pdf,2015-09-17,https://www.federalreserve.gov/monetarypolicy/files/FOMC20150917SEPkey.pdf,710920,673e32f27c0ef273423785c9618d047be3588e81fd4d35628e7590f684e1e69d,2026-08-07
sources/keys/FOMC20151216SEPkey.pdf,sep_key_pdf,2015-12-16,https://www.federalreserve.gov/monetarypolicy/files/FOMC20151216SEPkey.pdf,1360768,3fc0522647baee45ea1597f125edc2e36a9c8fd00fa099bcf023101d4adf5b84,2026-08-07
sources/keys/FOMC20160316SEPkey.pdf,sep_key_pdf,2016-03-16,https://www.federalreserve.gov/monetarypolicy/files/FOMC20160316SEPkey.pdf,769408,4cb5559e5a23eee3c8d0f2cb55ba8e1706dd4fcc754c3b9f523689699c02b146,2026-08-07
sources/keys/FOMC20160615SEPkey.pdf,sep_key_pdf,2016-06-15,https://www.federalreserve.gov/monetarypolicy/files/FOMC20160615SEPkey.pdf,763640,ec35181724b6984ede8a92bd33a6083fe3ead70a8bcb4101bc230cf0aa2b2fc0,2026-08-07
sources/keys/FOMC20160921SEPkey.pdf,sep_key_pdf,2016-09-21,https://www.federalreserve.gov/monetarypolicy/files/FOMC20160921SEPkey.pdf,779003,885120a7229c1a306c01072bd82ba65214d6491a29c547cf41175587c5250d7b,2026-08-07
sources/keys/FOMC20161214SEPkey.pdf,sep_key_pdf,2016-12-14,https://www.federalreserve.gov/monetarypolicy/files/FOMC20161214SEPkey.pdf,100378,cbad2672172c6ca04b5fcf8249589d111263e65441507fb0bc32f3c1cf5f9015,2026-08-07
sources/keys/FOMC20170315SEPkey.pdf,sep_key_pdf,2017-03-15,https://www.federalreserve.gov/monetarypolicy/files/FOMC20170315SEPkey.pdf,702816,c1519e9de5cb08a8c674e7026113a093236841513250b6a0134d0a9cd6c5e517,2026-08-07
sources/keys/FOMC20170614SEPkey.pdf,sep_key_pdf,2017-06-14,https://www.federalreserve.gov/monetarypolicy/files/FOMC20170614SEPkey.pdf,765120,f00e7516e53ad94e0dbc6375b38c60dba6aa3fd58216eca193eac552ff50bdac,2026-08-07
sources/keys/FOMC20170920SEPkey.pdf,sep_key_pdf,2017-09-20,https://www.federalreserve.gov/monetarypolicy/files/FOMC20170920SEPkey.pdf,765354,600b6b180daf30fb63a403172d076afa9463d37ca7583953533c80629987678e,2026-08-07
sources/keys/FOMC20171213SEPkey.pdf,sep_key_pdf,2017-12-13,https://www.federalreserve.gov/monetarypolicy/files/FOMC20171213SEPkey.pdf,702769,ec4a750d8d2c05ad2a5d46f0b8106fcad31f83d3c4d5ae5bf1f8d2982450b939,2026-08-07
sources/keys/FOMC20180321SEPkey.pdf,sep_key_pdf,2018-03-21,https://www.federalreserve.gov/monetarypolicy/files/FOMC20180321SEPkey.pdf,72275,59d50a05933de97196babb652569447d83ca17febbc9e4da1f82b40e46ec43e6,2026-08-07
sources/keys/FOMC20180613SEPkey.pdf,sep_key_pdf,2018-06-13,https://www.federalreserve.gov/monetarypolicy/files/FOMC20180613SEPkey.pdf,72680,cb575c1d03a0d041891e620b1f8b427b87686ac3073f8c1ca1ecb6002af7de7a,2026-08-07
sources/keys/FOMC20180926SEPkey.pdf,sep_key_pdf,2018-09-26,https://www.federalreserve.gov/monetarypolicy/files/FOMC20180926SEPkey.pdf,16035,0b0c4f037bf4d34c80002423d6be426eb8fe3403217e2bc35fb5fab3cf773816,2026-08-07
sources/keys/FOMC20181219SEPkey.pdf,sep_key_pdf,2018-12-19,https://www.federalreserve.gov/monetarypolicy/files/FOMC20181219SEPkey.pdf,16314,fbded31cfc8f2e15553196c41e263f18b17602d599b3b7f502c4665c4c7c6d35,2026-08-07
sources/keys/FOMC20190320SEPkey.pdf,sep_key_pdf,2019-03-20,https://www.federalreserve.gov/monetarypolicy/files/FOMC20190320SEPkey.pdf,719385,b27f24f4031da02a00c680ff9989164ac797347bf253e0a250a000b75687e61a,2026-08-07
sources/keys/FOMC20190619SEPkey.pdf,sep_key_pdf,2019-06-19,https://www.federalreserve.gov/monetarypolicy/files/FOMC20190619SEPkey.pdf,714723,c1d56b850414bb3f533973659e948cbf9cae39a32f0c72b2f130cd6a3c846b98,2026-08-07
sources/keys/FOMC20190918SEPkey.pdf,sep_key_pdf,2019-09-18,https://www.federalreserve.gov/monetarypolicy/files/FOMC20190918SEPkey.pdf,714721,3f84b0fdb6fbb7c50d95440dae632c67834e299384cecd27430aab143e9ff228,2026-08-07
sources/keys/FOMC20191211SEPkey.pdf,sep_key_pdf,2019-12-11,https://www.federalreserve.gov/monetarypolicy/files/FOMC20191211SEPkey.pdf,714634,3b7124beb5e966e85e6a0e8057198156c5476795dc6ccc0655602a05eb148f0c,2026-08-07
sources/keys/FOMC20200610SEPkey.pdf,sep_key_pdf,2020-06-10,https://www.federalreserve.gov/monetarypolicy/files/FOMC20200610SEPkey.pdf,783341,df3193b764e4639f4d0199a0056ea6de89c762f37fbdbf7d2258aa47f6c7dcea,2026-08-07
sources/keys/FOMC20200916SEPkey.pdf,sep_key_pdf,2020-09-16,https://www.federalreserve.gov/monetarypolicy/files/FOMC20200916SEPkey.pdf,792261,9dca9f7c2d9b662c196b2aa503ff884ead4d53778caac817a3b6139b0f8a815e,2026-08-07
sources/keys/FOMC20201216SEPkey.pdf,sep_key_pdf,2020-12-16,https://www.federalreserve.gov/monetarypolicy/files/FOMC20201216SEPkey.pdf,796749,97f9a81770cf369a01c7ab45716f910fec7ff6c5af99ea6a563dcfb63ff4be5a,2026-08-07
