kind,year,month,url,path,bytes,status
data,2023.0,7.0,https://www.newyorkfed.org/medialibrary/media/markets/survey/2023/jul-2023-data.xlsx,..\spd\data\2023-07_jul-2023-data.xlsx,158238,ok
data,2023.0,9.0,https://www.newyorkfed.org/medialibrary/media/markets/survey/2023/sep-2023-data.xlsx,..\spd\data\2023-09_sep-2023-data.xlsx,164030,ok
data,2023.0,10.0,https://www.newyorkfed.org/medialibrary/media/markets/survey/2023/oct-2023-data.xlsx,..\spd\data\2023-10_oct-2023-data.xlsx,162836,ok
data,2023.0,12.0,https://www.newyorkfed.org/medialibrary/media/markets/survey/2023/dec-2023-data.xlsx,..\spd\data\2023-12_dec-2023-data.xlsx,159229,ok
data,2024.0,1.0,https://www.newyorkfed.org/medialibrary/media/markets/survey/2024/jan-2024-data.xlsx,..\spd\data\2024-01_jan-2024-data.xlsx,0,"error: ('Connection aborted.', ConnectionResetError(10054, 'An existing connection was forcibly closed by the remote host', None, 10054, None))"
data,2024.0,3.0,https://www.newyorkfed.org/medialibrary/media/markets/survey/2024/mar-2024-data.xlsx,..\spd\data\2024-03_mar-2024-data.xlsx,176130,ok
data,2024.0,4.0,https://www.newyorkfed.org/medialibrary/media/markets/survey/2024/apr-may-2024-data.xlsx,..\spd\data\2024-04_apr-may-2024-data.xlsx,165387,ok
data,2024.0,6.0,https://www.newyorkfed.org/medialibrary/media/markets/survey/2024/jun-2024-data.xlsx,..\spd\data\2024-06_jun-2024-data.xlsx,178830,ok
data,2024.0,7.0,https://www.newyorkfed.org/medialibrary/media/markets/survey/2024/jul-2024-data.xlsx,..\spd\data\2024-07_jul-2024-data.xlsx,149611,ok
data,2024.0,9.0,https://www.newyorkfed.org/medialibrary/media/markets/survey/2024/sep-2024-data.xlsx,..\spd\data\2024-09_sep-2024-data.xlsx,177812,ok
data,2024.0,11.0,https://www.newyorkfed.org/medialibrary/media/markets/survey/2024/nov-2024-data.xlsx,..\spd\data\2024-11_nov-2024-data.xlsx,173730,ok
data,2024.0,12.0,https://www.newyorkfed.org/medialibrary/media/markets/survey/2024/dec-2024-data.xlsx,..\spd\data\2024-12_dec-2024-data.xlsx,201462,ok
data,2025.0,1.0,https://www.newyorkfed.org/medialibrary/media/markets/survey/2025/jan-2025-data.xlsx,..\spd\data\2025-01_jan-2025-data.xlsx,230803,ok
data,2025.0,3.0,https://www.newyorkfed.org/medialibrary/media/markets/survey/2025/mar-2025-data.xlsx,..\spd\data\2025-03_mar-2025-data.xlsx,213889,ok
data,2025.0,5.0,https://www.newyorkfed.org/medialibrary/media/markets/survey/2025/may-2025-data.xlsx,..\spd\data\2025-05_may-2025-data.xlsx,233960,ok
data,2025.0,6.0,https://www.newyorkfed.org/medialibrary/media/markets/survey/2025/jun-2025-data.xlsx,..\spd\data\2025-06_jun-2025-data.xlsx,174197,ok
data,2025.0,7.0,https://www.newyorkfed.org/medialibrary/media/markets/survey/2025/jul-2025-data.xlsx,..\spd\data\2025-07_jul-2025-data.xlsx,171749,ok
data,2025.0,9.0,https://www.newyorkfed.org/medialibrary/media/markets/survey/2025/sep-2025-data.xlsx,..\spd\data\2025-09_sep-2025-data.xlsx,191451,ok
data,2025.0,10.0,https://www.newyorkfed.org/medialibrary/media/markets/survey/2025/oct-2025-data.xlsx,..\spd\data\2025-10_oct-2025-data.xlsx,176036,ok
data,2025.0,12.0,https://www.newyorkfed.org/medialibrary/media/markets/survey/2025/dec-2025-data.xlsx,..\spd\data\2025-12_dec-2025-data.xlsx,177870,ok
data,2026.0,1.0,https://www.newyorkfed.org/medialibrary/media/markets/survey/2026/jan-2026-data.xlsx,..\spd\data\2026-01_jan-2026-data.xlsx,193859,ok
data,2026.0,3.0,https://www.newyorkfed.org/medialibrary/media/markets/survey/2026/mar-2026-data.xlsx,..\spd\data\2026-03_mar-2026-data.xlsx,256343,ok
data,2026.0,4.0,https://www.newyorkfed.org/medialibrary/media/markets/survey/2026/apr-2026-data.xlsx,..\spd\data\2026-04_apr-2026-data.xlsx,182593,ok
data,2026.0,6.0,https://www.newyorkfed.org/medialibrary/media/markets/survey/2026/jun-2026-data.xlsx,..\spd\data\2026-06_jun-2026-data.xlsx,253265,ok
questions,2012.0,1.0,https://www.newyorkfed.org/medialibrary/media/markets/survey/2012/January.pdf,..\spd\questions\2012-01_January.pdf,102108,ok
questions,2012.0,3.0,https://www.newyorkfed.org/medialibrary/media/markets/survey/2012/March.pdf,..\spd\questions\2012-03_March.pdf,100554,ok
questions,2012.0,4.0,https://www.newyorkfed.org/medialibrary/media/markets/survey/2012/April.pdf,..\spd\questions\2012-04_April.pdf,255089,ok
questions,2012.0,6.0,https://www.newyorkfed.org/medialibrary/media/markets/survey/2012/June.pdf,..\spd\questions\2012-06_June.pdf,71398,ok
questions,2012.0,8.0,https://www.newyorkfed.org/medialibrary/media/markets/survey/2012/August_survey.pdf,..\spd\questions\2012-08_August_survey.pdf,253949,ok
questions,2012.0,9.0,https://www.newyorkfed.org/medialibrary/media/markets/survey/2012/September_survey.pdf,..\spd\questions\2012-09_September_survey.pdf,256321,ok
questions,2012.0,10.0,https://www.newyorkfed.org/medialibrary/media/markets/survey/2012/October_survey.pdf,..\spd\questions\2012-10_October_survey.pdf,239034,ok
questions,2012.0,12.0,https://www.newyorkfed.org/medialibrary/media/markets/survey/2012/December_survey.pdf,..\spd\questions\2012-12_December_survey.pdf,102287,ok
questions,2013.0,1.0,https://www.newyorkfed.org/medialibrary/media/markets/survey/2013/January_survey.pdf,..\spd\questions\2013-01_January_survey.pdf,67107,ok
questions,2013.0,3.0,https://www.newyorkfed.org/medialibrary/media/markets/survey/2013/March_survey.pdf,..\spd\questions\2013-03_March_survey.pdf,63694,ok
questions,2013.0,4.0,https://www.newyorkfed.org/medialibrary/media/markets/survey/2013/April_survey.pdf,..\spd\questions\2013-04_April_survey.pdf,74849,ok
questions,2013.0,6.0,https://www.newyorkfed.org/medialibrary/media/markets/survey/2013/june_survey.pdf,..\spd\questions\2013-06_june_survey.pdf,62721,ok
questions,2013.0,7.0,https://www.newyorkfed.org/medialibrary/media/markets/survey/2013/july_survey.pdf,..\spd\questions\2013-07_july_survey.pdf,66314,ok
questions,2013.0,9.0,https://www.newyorkfed.org/medialibrary/media/markets/survey/2013/sept_survey.pdf,..\spd\questions\2013-09_sept_survey.pdf,66276,ok
questions,2013.0,10.0,https://www.newyorkfed.org/medialibrary/media/markets/survey/2013/October_survey.pdf,..\spd\questions\2013-10_October_survey.pdf,156965,ok
questions,2013.0,12.0,https://www.newyorkfed.org/medialibrary/media/markets/survey/2013/December_survey.pdf,..\spd\questions\2013-12_December_survey.pdf,68952,ok
questions,2014.0,1.0,https://www.newyorkfed.org/medialibrary/media/markets/survey/2014/January_survey.pdf,..\spd\questions\2014-01_January_survey.pdf,63570,ok
questions,2014.0,3.0,https://www.newyorkfed.org/medialibrary/media/markets/survey/2014/March_survey.pdf,..\spd\questions\2014-03_March_survey.pdf,174069,ok
questions,2014.0,4.0,https://www.newyorkfed.org/medialibrary/media/markets/survey/2014/April_survey.pdf,..\spd\questions\2014-04_April_survey.pdf,69213,ok
questions,2014.0,6.0,https://www.newyorkfed.org/medialibrary/media/markets/survey/2014/June_survey.pdf,..\spd\questions\2014-06_June_survey.pdf,70305,ok
questions,2014.0,7.0,https://www.newyorkfed.org/medialibrary/media/markets/survey/2014/July_survey.pdf,..\spd\questions\2014-07_July_survey.pdf,68626,ok
questions,2014.0,9.0,https://www.newyorkfed.org/medialibrary/media/markets/survey/2014/September_survey.pdf,..\spd\questions\2014-09_September_survey.pdf,71813,ok
questions,2014.0,10.0,https://www.newyorkfed.org/medialibrary/media/markets/survey/2014/October_survey.pdf,..\spd\questions\2014-10_October_survey.pdf,74853,ok
questions,2014.0,12.0,https://www.newyorkfed.org/medialibrary/media/markets/survey/2014/December-survey.pdf,..\spd\questions\2014-12_December-survey.pdf,89471,ok
questions,2014.0,12.0,https://www.newyorkfed.org/medialibrary/media/markets/survey/2014/mp-December-survey.pdf,..\spd\questions\2014-12_mp-December-survey.pdf,80164,ok
questions,2014.0,,https://www.newyorkfed.org/medialibrary/media/markets/survey/2014/mp_April_survey.pdf,..\spd\questions\2014_mp_April_survey.pdf,62377,ok
questions,2014.0,,https://www.newyorkfed.org/medialibrary/media/markets/survey/2014/mp_January_survey.pdf,..\spd\questions\2014_mp_January_survey.pdf,48725,ok
questions,2014.0,,https://www.newyorkfed.org/medialibrary/media/markets/survey/2014/mp_July_survey.pdf,..\spd\questions\2014_mp_July_survey.pdf,64183,ok
questions,2014.0,,https://www.newyorkfed.org/medialibrary/media/markets/survey/2014/mp_June_survey.pdf,..\spd\questions\2014_mp_June_survey.pdf,68399,ok
questions,2014.0,,https://www.newyorkfed.org/medialibrary/media/markets/survey/2014/mp_March_survey.pdf,..\spd\questions\2014_mp_March_survey.pdf,147867,ok
questions,2014.0,,https://www.newyorkfed.org/medialibrary/media/markets/survey/2014/mp_October_survey.pdf,..\spd\questions\2014_mp_October_survey.pdf,67757,ok
questions,2014.0,,https://www.newyorkfed.org/medialibrary/media/markets/survey/2014/mp_September_survey.pdf,..\spd\questions\2014_mp_September_survey.pdf,64505,ok
questions,2015.0,1.0,https://www.newyorkfed.org/medialibrary/media/markets/survey/2015/January-survey.pdf,..\spd\questions\2015-01_January-survey.pdf,70499,ok
questions,2015.0,1.0,https://www.newyorkfed.org/medialibrary/media/markets/survey/2015/mp-January-survey.pdf,..\spd\questions\2015-01_mp-January-survey.pdf,62205,ok
questions,2015.0,3.0,https://www.newyorkfed.org/medialibrary/media/markets/survey/2015/March-survey.pdf,..\spd\questions\2015-03_March-survey.pdf,176776,ok
questions,2015.0,3.0,https://www.newyorkfed.org/medialibrary/media/markets/survey/2015/mp-March-survey.pdf,..\spd\questions\2015-03_mp-March-survey.pdf,168936,ok
questions,2015.0,4.0,https://www.newyorkfed.org/medialibrary/media/markets/survey/2015/April-survey.pdf,..\spd\questions\2015-04_April-survey.pdf,185890,ok
questions,2015.0,4.0,https://www.newyorkfed.org/medialibrary/media/markets/survey/2015/mp-April-survey.pdf,..\spd\questions\2015-04_mp-April-survey.pdf,72178,ok
questions,2015.0,6.0,https://www.newyorkfed.org/medialibrary/media/markets/survey/2015/June-survey.pdf,..\spd\questions\2015-06_June-survey.pdf,67179,ok
questions,2015.0,6.0,https://www.newyorkfed.org/medialibrary/media/markets/survey/2015/mp-June-survey.pdf,..\spd\questions\2015-06_mp-June-survey.pdf,62923,ok
questions,2015.0,7.0,https://www.newyorkfed.org/medialibrary/media/markets/survey/2015/July-survey.pdf,..\spd\questions\2015-07_July-survey.pdf,69042,ok
questions,2015.0,7.0,https://www.newyorkfed.org/medialibrary/media/markets/survey/2015/mp-July-survey.pdf,..\spd\questions\2015-07_mp-July-survey.pdf,61217,ok
questions,2015.0,9.0,https://www.newyorkfed.org/medialibrary/media/markets/survey/2015/Sep-survey.pdf,..\spd\questions\2015-09_Sep-survey.pdf,75758,ok
questions,2015.0,9.0,https://www.newyorkfed.org/medialibrary/media/markets/survey/2015/mp-sep-survey.pdf,..\spd\questions\2015-09_mp-sep-survey.pdf,71462,ok
questions,2015.0,10.0,https://www.newyorkfed.org/medialibrary/media/markets/survey/2015/Oct-Survey-MP.pdf,..\spd\questions\2015-10_Oct-Survey-MP.pdf,74017,ok
questions,2015.0,10.0,https://www.newyorkfed.org/medialibrary/media/markets/survey/2015/Oct-Survey-PD.pdf,..\spd\questions\2015-10_Oct-Survey-PD.pdf,80073,ok
questions,2015.0,12.0,https://www.newyorkfed.org/medialibrary/media/markets/survey/2015/Dec-Survey-PD.pdf,..\spd\questions\2015-12_Dec-Survey-PD.pdf,202517,ok
questions,2015.0,12.0,https://www.newyorkfed.org/medialibrary/media/markets/survey/2015/dec-survey-mp.pdf?la=en&hash=514C2DCFA78411DE5EC5FDD3F4FCE87F,..\spd\questions\2015-12_dec-survey-mp.pdf,183728,ok
questions,2016.0,1.0,https://www.newyorkfed.org/medialibrary/media/markets/survey/2016/jan-survey-mp.pdf,..\spd\questions\2016-01_jan-survey-mp.pdf,55108,ok
questions,2016.0,1.0,https://www.newyorkfed.org/medialibrary/media/markets/survey/2016/jan-survey-pd.pdf,..\spd\questions\2016-01_jan-survey-pd.pdf,58630,ok
questions,2016.0,3.0,https://www.newyorkfed.org/medialibrary/media/markets/survey/2016/mar-survey-mp.pdf?la=en&hash=111574364EE70D6658535B1B036FAC1A,..\spd\questions\2016-03_mar-survey-mp.pdf,69231,ok
questions,2016.0,3.0,https://www.newyorkfed.org/medialibrary/media/markets/survey/2016/mar-survey-pd.pdf?la=en&hash=F4E5AEB1E7472322732C16EC725E68DF,..\spd\questions\2016-03_mar-survey-pd.pdf,69482,ok
questions,2016.0,4.0,https://www.newyorkfed.org/medialibrary/media/markets/survey/2016/apr-survey-mp.pdf,..\spd\questions\2016-04_apr-survey-mp.pdf,58910,ok
questions,2016.0,4.0,https://www.newyorkfed.org/medialibrary/media/markets/survey/2016/apr-survey-pd.pdf,..\spd\questions\2016-04_apr-survey-pd.pdf,62120,ok
questions,2016.0,6.0,https://www.newyorkfed.org/medialibrary/media/markets/survey/2016/jun-survey-mp.pdf,..\spd\questions\2016-06_jun-survey-mp.pdf,51506,ok
questions,2016.0,6.0,https://www.newyorkfed.org/medialibrary/media/markets/survey/2016/jun-survey-pd.pdf,..\spd\questions\2016-06_jun-survey-pd.pdf,54550,ok
questions,2016.0,7.0,https://www.newyorkfed.org/medialibrary/media/markets/survey/2016/jul-survey-mp.pdf,..\spd\questions\2016-07_jul-survey-mp.pdf,59413,ok
questions,2016.0,7.0,https://www.newyorkfed.org/medialibrary/media/markets/survey/2016/jul-survey-pd.pdf,..\spd\questions\2016-07_jul-survey-pd.pdf,62820,ok
questions,2016.0,9.0,https://www.newyorkfed.org/medialibrary/media/markets/survey/2016/sep-survey-mp.pdf,..\spd\questions\2016-09_sep-survey-mp.pdf,56994,ok
questions,2016.0,9.0,https://www.newyorkfed.org/medialibrary/media/markets/survey/2016/sep-survey-pd.pdf,..\spd\questions\2016-09_sep-survey-pd.pdf,60177,ok
questions,2016.0,11.0,https://www.newyorkfed.org/medialibrary/media/markets/survey/2016/nov-survey-mp.pdf,..\spd\questions\2016-11_nov-survey-mp.pdf,54327,ok
questions,2016.0,11.0,https://www.newyorkfed.org/medialibrary/media/markets/survey/2016/nov-survey-pd.pdf,..\spd\questions\2016-11_nov-survey-pd.pdf,57268,ok
questions,2016.0,12.0,https://www.newyorkfed.org/medialibrary/media/markets/survey/2016/December-2016-Survey-of%20Market-Participants.pdf,..\spd\questions\2016-12_December-2016-Survey-of%20Market-Participants.pdf,59662,ok
questions,2016.0,12.0,https://www.newyorkfed.org/medialibrary/media/markets/survey/2016/December-2016-Survey-of-Primary-Dealers.pdf,..\spd\questions\2016-12_December-2016-Survey-of-Primary-Dealers.pdf,69205,ok
questions,2017.0,1.0,https://www.newyorkfed.org/medialibrary/media/markets/survey/2017/jan-survey-mp.pdf,..\spd\questions\2017-01_jan-survey-mp.pdf,73105,ok
questions,2017.0,1.0,https://www.newyorkfed.org/medialibrary/media/markets/survey/2017/jan-survey-pd.pdf,..\spd\questions\2017-01_jan-survey-pd.pdf,79649,ok
questions,2017.0,3.0,https://www.newyorkfed.org/medialibrary/media/markets/survey/2017/Oct-Nov-Survey-of-Market-Participants.pdf,..\spd\questions\2017-03_Oct-Nov-Survey-of-Market-Participants.pdf,73438,ok
questions,2017.0,3.0,https://www.newyorkfed.org/medialibrary/media/markets/survey/2017/march-survey-mp-2017.pdf,..\spd\questions\2017-03_march-survey-mp-2017.pdf,77631,ok
questions,2017.0,3.0,https://www.newyorkfed.org/medialibrary/media/markets/survey/2017/march-survey-pd-2017.pdf?la=en&hash=C99A63C71EFF7B6381F3537BB5F4769F,..\spd\questions\2017-03_march-survey-pd-2017.pdf,81764,ok
questions,2017.0,5.0,https://www.newyorkfed.org/medialibrary/media/markets/survey/2017/may-survey-mp-2017.pdf,..\spd\questions\2017-05_may-survey-mp-2017.pdf,78522,ok
questions,2017.0,5.0,https://www.newyorkfed.org/medialibrary/media/markets/survey/2017/may-survey-pd.pdf,..\spd\questions\2017-05_may-survey-pd.pdf,88902,ok
questions,2017.0,6.0,https://www.newyorkfed.org/medialibrary/media/markets/survey/2017/jun-survey-mp-2017.pdf,..\spd\questions\2017-06_jun-survey-mp-2017.pdf,89511,ok
questions,2017.0,6.0,https://www.newyorkfed.org/medialibrary/media/markets/survey/2017/jun-survey-pd.pdf,..\spd\questions\2017-06_jun-survey-pd.pdf,97256,ok
questions,2017.0,7.0,https://www.newyorkfed.org/medialibrary/media/markets/survey/2017/jul-survey-mp-2017.pdf,..\spd\questions\2017-07_jul-survey-mp-2017.pdf,139982,ok
questions,2017.0,7.0,https://www.newyorkfed.org/medialibrary/media/markets/survey/2017/jul-survey-pd.pdf,..\spd\questions\2017-07_jul-survey-pd.pdf,84521,ok
questions,2017.0,9.0,https://www.newyorkfed.org/medialibrary/media/markets/survey/2017/sep-survey-mp-2017.pdf,..\spd\questions\2017-09_sep-survey-mp-2017.pdf,71032,ok
questions,2017.0,9.0,https://www.newyorkfed.org/medialibrary/media/markets/survey/2017/sep-survey-pd.pdf,..\spd\questions\2017-09_sep-survey-pd.pdf,75397,ok
questions,2017.0,10.0,https://www.newyorkfed.org/medialibrary/media/markets/survey/2017/Oct-Nov-Survey-of-Primary-Dealers.pdf,..\spd\questions\2017-10_Oct-Nov-Survey-of-Primary-Dealers.pdf,77196,ok
questions,2017.0,12.0,https://www.newyorkfed.org/medialibrary/media/markets/survey/2017/dec-survey-mp.pdf,..\spd\questions\2017-12_dec-survey-mp.pdf,84739,ok
questions,2017.0,12.0,https://www.newyorkfed.org/medialibrary/media/markets/survey/2017/dec-survey-pd.pdf,..\spd\questions\2017-12_dec-survey-pd.pdf,88836,ok
questions,2018.0,1.0,https://www.newyorkfed.org/medialibrary/media/markets/survey/2018/January-Survey-of-Market-Participants.pdf,..\spd\questions\2018-01_January-Survey-of-Market-Participants.pdf,75200,ok
questions,2018.0,1.0,https://www.newyorkfed.org/medialibrary/media/markets/survey/2018/January-Survey-of-Primary-Dealers.pdf,..\spd\questions\2018-01_January-Survey-of-Primary-Dealers.pdf,79896,ok
questions,2018.0,3.0,https://www.newyorkfed.org/medialibrary/media/markets/survey/2018/mar-survey-mp.pdf,..\spd\questions\2018-03_mar-survey-mp.pdf,73232,ok
questions,2018.0,3.0,https://www.newyorkfed.org/medialibrary/media/markets/survey/2018/mar-survey-pd.pdf,..\spd\questions\2018-03_mar-survey-pd.pdf,76022,ok
questions,2018.0,5.0,https://www.newyorkfed.org/medialibrary/media/markets/survey/2018/may-survey-mp.pdf,..\spd\questions\2018-05_may-survey-mp.pdf,73478,ok
questions,2018.0,5.0,https://www.newyorkfed.org/medialibrary/media/markets/survey/2018/may-survey-pd.pdf,..\spd\questions\2018-05_may-survey-pd.pdf,77281,ok
questions,2018.0,6.0,https://www.newyorkfed.org/medialibrary/media/markets/survey/2018/jun-survey-mp.pdf,..\spd\questions\2018-06_jun-survey-mp.pdf,81411,ok
questions,2018.0,6.0,https://www.newyorkfed.org/medialibrary/media/markets/survey/2018/jun-survey-pd.pdf,..\spd\questions\2018-06_jun-survey-pd.pdf,86553,ok
questions,2018.0,7.0,https://www.newyorkfed.org/medialibrary/media/markets/survey/2018/jul-aug-survey-mp-2018.pdf,..\spd\questions\2018-07_jul-aug-survey-mp-2018.pdf,72004,ok
questions,2018.0,7.0,https://www.newyorkfed.org/medialibrary/media/markets/survey/2018/jul-aug-survey-pd-2018.pdf,..\spd\questions\2018-07_jul-aug-survey-pd-2018.pdf,76267,ok
questions,2018.0,9.0,https://www.newyorkfed.org/medialibrary/media/markets/survey/2018/sep-survey-mp-2018.pdf,..\spd\questions\2018-09_sep-survey-mp-2018.pdf,80179,ok
questions,2018.0,9.0,https://www.newyorkfed.org/medialibrary/media/markets/survey/2018/sep-survey-pd-2018.pdf,..\spd\questions\2018-09_sep-survey-pd-2018.pdf,82305,ok
questions,2018.0,11.0,https://www.newyorkfed.org/medialibrary/media/markets/survey/2018/nov-survey-mp-2018.pdf,..\spd\questions\2018-11_nov-survey-mp-2018.pdf,126829,ok
questions,2018.0,11.0,https://www.newyorkfed.org/medialibrary/media/markets/survey/2018/nov-survey-pd-2018.pdf,..\spd\questions\2018-11_nov-survey-pd-2018.pdf,134845,ok
questions,2018.0,12.0,https://www.newyorkfed.org/medialibrary/media/markets/survey/2018/dec-survey-mp-2018.pdf,..\spd\questions\2018-12_dec-survey-mp-2018.pdf,85042,ok
questions,2018.0,12.0,https://www.newyorkfed.org/medialibrary/media/markets/survey/2018/dec-survey-pd-2018.pdf,..\spd\questions\2018-12_dec-survey-pd-2018.pdf,88167,ok
questions,2019.0,1.0,https://www.newyorkfed.org/medialibrary/media/markets/survey/2019/jan-survey-mp.pdf,..\spd\questions\2019-01_jan-survey-mp.pdf,98921,ok
questions,2019.0,1.0,https://www.newyorkfed.org/medialibrary/media/markets/survey/2019/jan-survey-pd.pdf,..\spd\questions\2019-01_jan-survey-pd.pdf,101322,ok
questions,2019.0,3.0,https://www.newyorkfed.org/medialibrary/media/markets/survey/2019/mar-survey-mp.pdf,..\spd\questions\2019-03_mar-survey-mp.pdf,103412,ok
questions,2019.0,3.0,https://www.newyorkfed.org/medialibrary/media/markets/survey/2019/mar-survey-pd.pdf,..\spd\questions\2019-03_mar-survey-pd.pdf,104876,ok
questions,2019.0,4.0,https://www.newyorkfed.org/medialibrary/media/markets/survey/2019/apr-may-survey-mp.pdf,..\spd\questions\2019-04_apr-may-survey-mp.pdf,98183,ok
questions,2019.0,4.0,https://www.newyorkfed.org/medialibrary/media/markets/survey/2019/apr-may-survey-pd.pdf,..\spd\questions\2019-04_apr-may-survey-pd.pdf,99800,ok
questions,2019.0,6.0,https://www.newyorkfed.org/medialibrary/media/markets/survey/2019/jun-survey-mp.pdf,..\spd\questions\2019-06_jun-survey-mp.pdf,108073,ok
questions,2019.0,6.0,https://www.newyorkfed.org/medialibrary/media/markets/survey/2019/jun-survey-pd.pdf,..\spd\questions\2019-06_jun-survey-pd.pdf,110753,ok
questions,2019.0,7.0,https://www.newyorkfed.org/medialibrary/media/markets/survey/2019/jul-survey-mp.pdf,..\spd\questions\2019-07_jul-survey-mp.pdf,185160,ok
questions,2019.0,7.0,https://www.newyorkfed.org/medialibrary/media/markets/survey/2019/jul-survey-pd.pdf,..\spd\questions\2019-07_jul-survey-pd.pdf,187271,ok
questions,2019.0,9.0,https://www.newyorkfed.org/medialibrary/media/markets/survey/2019/sep-survey-mp.pdf,..\spd\questions\2019-09_sep-survey-mp.pdf,232895,ok
questions,2019.0,9.0,https://www.newyorkfed.org/medialibrary/media/markets/survey/2019/sep-survey-pd.pdf,..\spd\questions\2019-09_sep-survey-pd.pdf,236627,ok
questions,2019.0,10.0,https://www.newyorkfed.org/medialibrary/media/markets/survey/2019/oct-survey-mp.pdf,..\spd\questions\2019-10_oct-survey-mp.pdf,223339,ok
questions,2019.0,10.0,https://www.newyorkfed.org/medialibrary/media/markets/survey/2019/oct-survey-pd.pdf,..\spd\questions\2019-10_oct-survey-pd.pdf,227117,ok
questions,2019.0,12.0,https://www.newyorkfed.org/medialibrary/media/markets/survey/2019/dec-survey-mp.pdf,..\spd\questions\2019-12_dec-survey-mp.pdf,197934,ok
questions,2019.0,12.0,https://www.newyorkfed.org/medialibrary/media/markets/survey/2019/dec-survey-pd.pdf,..\spd\questions\2019-12_dec-survey-pd.pdf,199354,ok
questions,2020.0,1.0,https://www.newyorkfed.org/medialibrary/media/markets/survey/2020/jan-survey-mp.pdf,..\spd\questions\2020-01_jan-survey-mp.pdf,201298,ok
questions,2020.0,1.0,https://www.newyorkfed.org/medialibrary/media/markets/survey/2020/jan-survey-pd.pdf,..\spd\questions\2020-01_jan-survey-pd.pdf,202697,ok
questions,2020.0,3.0,https://www.newyorkfed.org/medialibrary/media/markets/survey/2020/december-2020-survey-of-market-participants.pdf,..\spd\questions\2020-03_december-2020-survey-of-market-participants.pdf,205748,ok
questions,2020.0,3.0,https://www.newyorkfed.org/medialibrary/media/markets/survey/2020/mar-survey-mp.pdf,..\spd\questions\2020-03_mar-survey-mp.pdf,201801,ok
questions,2020.0,3.0,https://www.newyorkfed.org/medialibrary/media/markets/survey/2020/mar-survey-pd.pdf,..\spd\questions\2020-03_mar-survey-pd.pdf,203445,ok
questions,2020.0,4.0,https://www.newyorkfed.org/medialibrary/media/markets/survey/2020/apr-survey-mp.pdf,..\spd\questions\2020-04_apr-survey-mp.pdf,208546,ok
questions,2020.0,4.0,https://www.newyorkfed.org/medialibrary/media/markets/survey/2020/apr-survey-pd.pdf,..\spd\questions\2020-04_apr-survey-pd.pdf,209578,ok
questions,2020.0,6.0,https://www.newyorkfed.org/medialibrary/media/markets/survey/2020/jun-survey-mp.pdf,..\spd\questions\2020-06_jun-survey-mp.pdf,353927,ok
questions,2020.0,6.0,https://www.newyorkfed.org/medialibrary/media/markets/survey/2020/jun-survey-pd.pdf,..\spd\questions\2020-06_jun-survey-pd.pdf,354928,ok
questions,2020.0,7.0,https://www.newyorkfed.org/medialibrary/media/markets/survey/2020/jul-survey-mp.pdf,..\spd\questions\2020-07_jul-survey-mp.pdf,196481,ok
questions,2020.0,7.0,https://www.newyorkfed.org/medialibrary/media/markets/survey/2020/jul-survey-pd.pdf,..\spd\questions\2020-07_jul-survey-pd.pdf,198039,ok
questions,2020.0,9.0,https://www.newyorkfed.org/medialibrary/media/markets/survey/2020/sep-survey-mp.pdf,..\spd\questions\2020-09_sep-survey-mp.pdf,204000,ok
questions,2020.0,9.0,https://www.newyorkfed.org/medialibrary/media/markets/survey/2020/sep-survey-pd.pdf,..\spd\questions\2020-09_sep-survey-pd.pdf,206175,ok
questions,2020.0,11.0,https://www.newyorkfed.org/medialibrary/media/markets/survey/2020/nov-survey-mp.pdf,..\spd\questions\2020-11_nov-survey-mp.pdf,204795,ok
questions,2020.0,11.0,https://www.newyorkfed.org/medialibrary/media/markets/survey/2020/nov-survey-pd.pdf,..\spd\questions\2020-11_nov-survey-pd.pdf,207023,ok
questions,2020.0,12.0,https://www.newyorkfed.org/medialibrary/media/markets/survey/2020/december-2020-survey-of-primary-dealers.pdf,..\spd\questions\2020-12_december-2020-survey-of-primary-dealers.pdf,206968,ok
questions,2021.0,1.0,https://www.newyorkfed.org/medialibrary/media/markets/survey/2021/jan-survey-mp.pdf,..\spd\questions\2021-01_jan-survey-mp.pdf,231330,ok
questions,2021.0,1.0,https://www.newyorkfed.org/medialibrary/media/markets/survey/2021/jan-survey-pd.pdf,..\spd\questions\2021-01_jan-survey-pd.pdf,233961,ok
questions,2021.0,3.0,https://www.newyorkfed.org/medialibrary/media/markets/survey/2021/mar-survey-mp.pdf,..\spd\questions\2021-03_mar-survey-mp.pdf,207599,ok
questions,2021.0,3.0,https://www.newyorkfed.org/medialibrary/media/markets/survey/2021/mar-survey-pd.pdf,..\spd\questions\2021-03_mar-survey-pd.pdf,209462,ok
questions,2021.0,4.0,https://www.newyorkfed.org/medialibrary/media/markets/survey/2021/apr-survey-mp.pdf,..\spd\questions\2021-04_apr-survey-mp.pdf,203249,ok
questions,2021.0,4.0,https://www.newyorkfed.org/medialibrary/media/markets/survey/2021/apr-survey-pd.pdf,..\spd\questions\2021-04_apr-survey-pd.pdf,205168,ok
questions,2021.0,6.0,https://www.newyorkfed.org/medialibrary/media/markets/survey/2021/jun-survey-mp.pdf,..\spd\questions\2021-06_jun-survey-mp.pdf,212930,ok
questions,2021.0,6.0,https://www.newyorkfed.org/medialibrary/media/markets/survey/2021/jun-survey-pd.pdf,..\spd\questions\2021-06_jun-survey-pd.pdf,214443,ok
questions,2021.0,7.0,https://www.newyorkfed.org/medialibrary/media/markets/survey/2021/jul-survey-mp.pdf,..\spd\questions\2021-07_jul-survey-mp.pdf,214590,ok
questions,2021.0,7.0,https://www.newyorkfed.org/medialibrary/media/markets/survey/2021/jul-survey-pd.pdf,..\spd\questions\2021-07_jul-survey-pd.pdf,216213,ok
questions,2021.0,9.0,https://www.newyorkfed.org/medialibrary/media/markets/survey/2021/sep-survey-mp.pdf,..\spd\questions\2021-09_sep-survey-mp.pdf,215263,ok
questions,2021.0,9.0,https://www.newyorkfed.org/medialibrary/media/markets/survey/2021/sep-survey-pd.pdf,..\spd\questions\2021-09_sep-survey-pd.pdf,217509,ok
questions,2021.0,11.0,https://www.newyorkfed.org/medialibrary/media/markets/survey/2021/nov-survey-mp.pdf,..\spd\questions\2021-11_nov-survey-mp.pdf,218178,ok
questions,2021.0,11.0,https://www.newyorkfed.org/medialibrary/media/markets/survey/2021/nov-survey-pd.pdf,..\spd\questions\2021-11_nov-survey-pd.pdf,220741,ok
questions,2021.0,12.0,https://www.newyorkfed.org/medialibrary/media/markets/survey/2021/dec-survey-mp.pdf,..\spd\questions\2021-12_dec-survey-mp.pdf,213624,ok
questions,2021.0,12.0,https://www.newyorkfed.org/medialibrary/media/markets/survey/2021/dec-survey-pd.pdf,..\spd\questions\2021-12_dec-survey-pd.pdf,215532,ok
questions,2022.0,1.0,https://www.newyorkfed.org/medialibrary/media/markets/survey/2022/jan-survey-mp.pdf,..\spd\questions\2022-01_jan-survey-mp.pdf,242570,ok
questions,2022.0,1.0,https://www.newyorkfed.org/medialibrary/media/markets/survey/2022/jan-survey-pd.pdf,..\spd\questions\2022-01_jan-survey-pd.pdf,244191,ok
questions,2022.0,3.0,https://www.newyorkfed.org/medialibrary/media/markets/survey/2022/mar-survey-mp.pdf,..\spd\questions\2022-03_mar-survey-mp.pdf,1757983,ok
questions,2022.0,3.0,https://www.newyorkfed.org/medialibrary/media/markets/survey/2022/mar-survey-pd.pdf,..\spd\questions\2022-03_mar-survey-pd.pdf,1824485,ok
questions,2022.0,5.0,https://www.newyorkfed.org/medialibrary/media/markets/survey/2022/may-survey-mp.pdf,..\spd\questions\2022-05_may-survey-mp.pdf,205626,ok
questions,2022.0,5.0,https://www.newyorkfed.org/medialibrary/media/markets/survey/2022/may-survey-pd.pdf,..\spd\questions\2022-05_may-survey-pd.pdf,208779,ok
questions,2022.0,6.0,https://www.newyorkfed.org/medialibrary/media/markets/survey/2022/jun-survey-mp.pdf,..\spd\questions\2022-06_jun-survey-mp.pdf,205287,ok
questions,2022.0,6.0,https://www.newyorkfed.org/medialibrary/media/markets/survey/2022/jun-survey-pd.pdf,..\spd\questions\2022-06_jun-survey-pd.pdf,206846,ok
questions,2022.0,7.0,https://www.newyorkfed.org/medialibrary/media/markets/survey/2022/jul-survey-mp.pdf,..\spd\questions\2022-07_jul-survey-mp.pdf,206854,ok
questions,2022.0,7.0,https://www.newyorkfed.org/medialibrary/media/markets/survey/2022/jul-survey-pd.pdf,..\spd\questions\2022-07_jul-survey-pd.pdf,210835,ok
questions,2022.0,9.0,https://www.newyorkfed.org/medialibrary/media/markets/survey/2022/sep-survey-mp.pdf,..\spd\questions\2022-09_sep-survey-mp.pdf,210063,ok
questions,2022.0,9.0,https://www.newyorkfed.org/medialibrary/media/markets/survey/2022/sep-survey-pd.pdf,..\spd\questions\2022-09_sep-survey-pd.pdf,213187,ok
questions,2022.0,11.0,https://www.newyorkfed.org/medialibrary/media/markets/survey/2022/nov-survey-mp.pdf,..\spd\questions\2022-11_nov-survey-mp.pdf,213784,ok
questions,2022.0,11.0,https://www.newyorkfed.org/medialibrary/media/markets/survey/2022/nov-survey-pd.pdf,..\spd\questions\2022-11_nov-survey-pd.pdf,217157,ok
questions,2022.0,12.0,https://www.newyorkfed.org/medialibrary/media/markets/survey/2022/dec-survey-mp.pdf,..\spd\questions\2022-12_dec-survey-mp.pdf,209653,ok
questions,2022.0,12.0,https://www.newyorkfed.org/medialibrary/media/markets/survey/2022/dec-survey-pd.pdf,..\spd\questions\2022-12_dec-survey-pd.pdf,212525,ok
questions,2023.0,1.0,https://www.newyorkfed.org/medialibrary/media/markets/survey/2023/jan-survey-mp.pdf,..\spd\questions\2023-01_jan-survey-mp.pdf,206816,ok
questions,2023.0,1.0,https://www.newyorkfed.org/medialibrary/media/markets/survey/2023/jan-survey-pd.pdf,..\spd\questions\2023-01_jan-survey-pd.pdf,210089,ok
questions,2023.0,3.0,https://www.newyorkfed.org/medialibrary/media/markets/survey/2023/mar-survey-mp.pdf,..\spd\questions\2023-03_mar-survey-mp.pdf,213622,ok
questions,2023.0,3.0,https://www.newyorkfed.org/medialibrary/media/markets/survey/2023/mar-survey-pd.pdf,..\spd\questions\2023-03_mar-survey-pd.pdf,214993,ok
questions,2023.0,5.0,https://www.newyorkfed.org/medialibrary/media/markets/survey/2023/may-survey-mp.pdf,..\spd\questions\2023-05_may-survey-mp.pdf,203533,ok
questions,2023.0,5.0,https://www.newyorkfed.org/medialibrary/media/markets/survey/2023/may-survey-pd.pdf,..\spd\questions\2023-05_may-survey-pd.pdf,207612,ok
questions,2023.0,6.0,https://www.newyorkfed.org/medialibrary/media/markets/survey/2023/jun-survey-mp.pdf,..\spd\questions\2023-06_jun-survey-mp.pdf,211462,ok
questions,2023.0,6.0,https://www.newyorkfed.org/medialibrary/media/markets/survey/2023/jun-survey-pd.pdf,..\spd\questions\2023-06_jun-survey-pd.pdf,215919,ok
questions,2023.0,7.0,https://www.newyorkfed.org/medialibrary/media/markets/survey/2023/jul-survey-mp.pdf,..\spd\questions\2023-07_jul-survey-mp.pdf,209317,ok
questions,2023.0,7.0,https://www.newyorkfed.org/medialibrary/media/markets/survey/2023/jul-survey-pd.pdf,..\spd\questions\2023-07_jul-survey-pd.pdf,214521,ok
questions,2023.0,9.0,https://www.newyorkfed.org/medialibrary/media/markets/survey/2023/sep-survey-mp.pdf,..\spd\questions\2023-09_sep-survey-mp.pdf,166747,ok
questions,2023.0,9.0,https://www.newyorkfed.org/medialibrary/media/markets/survey/2023/sep-survey-pd.pdf,..\spd\questions\2023-09_sep-survey-pd.pdf,185505,ok
questions,2023.0,10.0,https://www.newyorkfed.org/medialibrary/media/markets/survey/2023/oct-survey-mp.pdf,..\spd\questions\2023-10_oct-survey-mp.pdf,195195,ok
questions,2023.0,10.0,https://www.newyorkfed.org/medialibrary/media/markets/survey/2023/oct-survey-pd.pdf,..\spd\questions\2023-10_oct-survey-pd.pdf,210902,ok
questions,2023.0,12.0,https://www.newyorkfed.org/medialibrary/media/markets/survey/2023/dec-survey-mp.pdf,..\spd\questions\2023-12_dec-survey-mp.pdf,172458,ok
questions,2023.0,12.0,https://www.newyorkfed.org/medialibrary/media/markets/survey/2023/dec-survey-pd.pdf,..\spd\questions\2023-12_dec-survey-pd.pdf,185394,ok
questions,2024.0,1.0,https://www.newyorkfed.org/medialibrary/media/markets/survey/2024/jan-survey-mp.pdf,..\spd\questions\2024-01_jan-survey-mp.pdf,224556,ok
questions,2024.0,1.0,https://www.newyorkfed.org/medialibrary/media/markets/survey/2024/jan-survey-pd.pdf,..\spd\questions\2024-01_jan-survey-pd.pdf,243880,ok
questions,2024.0,3.0,https://www.newyorkfed.org/medialibrary/media/markets/survey/2024/mar-survey-mp.pdf,..\spd\questions\2024-03_mar-survey-mp.pdf,214256,ok
questions,2024.0,3.0,https://www.newyorkfed.org/medialibrary/media/markets/survey/2024/mar-survey-pd.pdf,..\spd\questions\2024-03_mar-survey-pd.pdf,196226,ok
questions,2024.0,4.0,https://www.newyorkfed.org/medialibrary/media/markets/survey/2024/apr-may-survey-mp.pdf,..\spd\questions\2024-04_apr-may-survey-mp.pdf,216550,ok
questions,2024.0,4.0,https://www.newyorkfed.org/medialibrary/media/markets/survey/2024/apr-may-survey-pd.pdf,..\spd\questions\2024-04_apr-may-survey-pd.pdf,228136,ok
questions,2024.0,6.0,https://www.newyorkfed.org/medialibrary/media/markets/survey/2024/jun-survey-mp.pdf,..\spd\questions\2024-06_jun-survey-mp.pdf,170340,ok
questions,2024.0,6.0,https://www.newyorkfed.org/medialibrary/media/markets/survey/2024/jun-survey-pd.pdf,..\spd\questions\2024-06_jun-survey-pd.pdf,180362,ok
questions,2024.0,7.0,https://www.newyorkfed.org/medialibrary/media/markets/survey/2024/jul-survey-mp.pdf,..\spd\questions\2024-07_jul-survey-mp.pdf,163706,ok
questions,2024.0,7.0,https://www.newyorkfed.org/medialibrary/media/markets/survey/2024/jul-survey-pd.pdf,..\spd\questions\2024-07_jul-survey-pd.pdf,176119,ok
questions,2024.0,9.0,https://www.newyorkfed.org/medialibrary/media/markets/survey/2024/sep-survey-mp.pdf,..\spd\questions\2024-09_sep-survey-mp.pdf,274697,ok
questions,2024.0,9.0,https://www.newyorkfed.org/medialibrary/media/markets/survey/2024/sep-survey-pd.pdf,..\spd\questions\2024-09_sep-survey-pd.pdf,263641,ok
questions,2024.0,11.0,https://www.newyorkfed.org/medialibrary/media/markets/survey/2024/nov-survey-mp.pdf,..\spd\questions\2024-11_nov-survey-mp.pdf,244255,ok
questions,2024.0,11.0,https://www.newyorkfed.org/medialibrary/media/markets/survey/2024/nov-survey-pd.pdf,..\spd\questions\2024-11_nov-survey-pd.pdf,260529,ok
questions,2024.0,12.0,https://www.newyorkfed.org/medialibrary/media/markets/survey/2024/dec-survey-mp.pdf,..\spd\questions\2024-12_dec-survey-mp.pdf,244667,ok
questions,2024.0,12.0,https://www.newyorkfed.org/medialibrary/media/markets/survey/2024/dec-survey-pd.pdf,..\spd\questions\2024-12_dec-survey-pd.pdf,258400,ok
questions,2025.0,1.0,https://www.newyorkfed.org/medialibrary/media/markets/survey/2025/jan-survey-sme.pdf,..\spd\questions\2025-01_jan-survey-sme.pdf,256597,ok
questions,2025.0,3.0,https://www.newyorkfed.org/medialibrary/media/markets/survey/2025/mar-survey-sme.pdf,..\spd\questions\2025-03_mar-survey-sme.pdf,259817,ok
questions,2025.0,5.0,https://www.newyorkfed.org/medialibrary/media/markets/survey/2025/may-survey-sme.pdf,..\spd\questions\2025-05_may-survey-sme.pdf,256865,ok
questions,2025.0,6.0,https://www.newyorkfed.org/medialibrary/media/markets/survey/2025/jun-survey-sme.pdf,..\spd\questions\2025-06_jun-survey-sme.pdf,301552,ok
questions,2025.0,7.0,https://www.newyorkfed.org/medialibrary/media/markets/survey/2025/jul-survey-sme.pdf,..\spd\questions\2025-07_jul-survey-sme.pdf,296632,ok
questions,2025.0,9.0,https://www.newyorkfed.org/medialibrary/media/markets/survey/2025/sep-survey-sme.pdf,..\spd\questions\2025-09_sep-survey-sme.pdf,262113,ok
questions,2025.0,10.0,https://www.newyorkfed.org/medialibrary/media/markets/survey/2025/oct-survey-sme.pdf,..\spd\questions\2025-10_oct-survey-sme.pdf,280073,ok
questions,2025.0,12.0,https://www.newyorkfed.org/medialibrary/media/markets/survey/2025/dec-survey-sme.pdf,..\spd\questions\2025-12_dec-survey-sme.pdf,251675,ok
questions,2026.0,1.0,https://www.newyorkfed.org/medialibrary/media/markets/survey/2026/jan-survey-sme.pdf,..\spd\questions\2026-01_jan-survey-sme.pdf,255234,ok
questions,2026.0,3.0,https://www.newyorkfed.org/medialibrary/media/markets/survey/2026/mar-survey-sme.pdf,..\spd\questions\2026-03_mar-survey-sme.pdf,263821,ok
questions,2026.0,4.0,https://www.newyorkfed.org/medialibrary/media/markets/survey/2026/apr-survey-sme.pdf,..\spd\questions\2026-04_apr-survey-sme.pdf,248749,ok
questions,2026.0,6.0,https://www.newyorkfed.org/medialibrary/media/markets/survey/2026/jun-survey-sme.pdf,..\spd\questions\2026-06_jun-survey-sme.pdf,261554,ok
questions,2026.0,7.0,https://www.newyorkfed.org/medialibrary/media/markets/survey/2026/jul-survey-sme.pdf,..\spd\questions\2026-07_jul-survey-sme.pdf,242782,ok
questions,,1.0,https://www.newyorkfed.org/medialibrary/media/markets/survey/January.pdf,..\spd\questions\January.pdf,68425,ok
questions,,3.0,https://www.newyorkfed.org/medialibrary/media/markets/survey/March.pdf,..\spd\questions\March.pdf,66970,ok
questions,,4.0,https://www.newyorkfed.org/medialibrary/media/markets/survey/April.pdf,..\spd\questions\April.pdf,73608,ok
questions,,6.0,https://www.newyorkfed.org/medialibrary/media/markets/survey/June.pdf,..\spd\questions\June.pdf,74008,ok
questions,,8.0,https://www.newyorkfed.org/medialibrary/media/markets/survey/August.pdf,..\spd\questions\August.pdf,67085,ok
questions,,9.0,https://www.newyorkfed.org/medialibrary/media/markets/survey/September.pdf,..\spd\questions\September.pdf,116527,ok
questions,,11.0,https://www.newyorkfed.org/medialibrary/media/markets/survey/November.pdf,..\spd\questions\November.pdf,152705,ok
questions,,12.0,https://www.newyorkfed.org/medialibrary/media/markets/survey/December.pdf,..\spd\questions\December.pdf,69661,ok
results,2011.0,1.0,https://www.newyorkfed.org/medialibrary/media/markets/survey/2011/January_result.pdf,..\spd\results\2011-01_January_result.pdf,324180,ok
results,2011.0,3.0,https://www.newyorkfed.org/medialibrary/media/markets/survey/2011/March_result.pdf,..\spd\results\2011-03_March_result.pdf,462302,ok
results,2011.0,4.0,https://www.newyorkfed.org/medialibrary/media/markets/survey/2011/April_result.pdf,..\spd\results\2011-04_April_result.pdf,319572,ok
results,2011.0,6.0,https://www.newyorkfed.org/medialibrary/media/markets/survey/2011/June_result.pdf,..\spd\results\2011-06_June_result.pdf,387850,ok
results,2011.0,8.0,https://www.newyorkfed.org/medialibrary/media/markets/survey/2011/August_result.pdf,..\spd\results\2011-08_August_result.pdf,292197,ok
results,2011.0,9.0,https://www.newyorkfed.org/medialibrary/media/markets/survey/2011/September_result.pdf,..\spd\results\2011-09_September_result.pdf,344461,ok
results,2011.0,11.0,https://www.newyorkfed.org/medialibrary/media/markets/survey/2011/November_result.pdf,..\spd\results\2011-11_November_result.pdf,167124,ok
results,2012.0,6.0,https://www.newyorkfed.org/medialibrary/media/markets/survey/2012/June_result.pdf,..\spd\results\2012-06_June_result.pdf,450853,ok
results,2012.0,8.0,https://www.newyorkfed.org/medialibrary/media/markets/survey/2012/august_result.pdf,..\spd\results\2012-08_august_result.pdf,440595,ok
results,2012.0,9.0,https://www.newyorkfed.org/medialibrary/media/markets/survey/2012/September_result.pdf,..\spd\results\2012-09_September_result.pdf,252222,ok
results,2012.0,10.0,https://www.newyorkfed.org/medialibrary/media/markets/survey/2012/October_result.pdf,..\spd\results\2012-10_October_result.pdf,185412,ok
results,2012.0,12.0,https://www.newyorkfed.org/medialibrary/media/markets/survey/2012/December_result.pdf,..\spd\results\2012-12_December_result.pdf,123288,ok
results,2013.0,1.0,https://www.newyorkfed.org/medialibrary/media/markets/survey/2013/January_result.pdf,..\spd\results\2013-01_January_result.pdf,135489,ok
results,2013.0,3.0,https://www.newyorkfed.org/medialibrary/media/markets/survey/2013/March_result.pdf,..\spd\results\2013-03_March_result.pdf,362314,ok
results,2013.0,4.0,https://www.newyorkfed.org/medialibrary/media/markets/survey/2013/April_result.pdf,..\spd\results\2013-04_April_result.pdf,125661,ok
results,2013.0,6.0,https://www.newyorkfed.org/medialibrary/media/markets/survey/2013/June_result.pdf,..\spd\results\2013-06_June_result.pdf,273129,ok
results,2013.0,7.0,https://www.newyorkfed.org/medialibrary/media/markets/survey/2013/July_result.pdf,..\spd\results\2013-07_July_result.pdf,67955,ok
results,2013.0,9.0,https://www.newyorkfed.org/medialibrary/media/markets/survey/2013/September_result.pdf,..\spd\results\2013-09_September_result.pdf,186274,ok
results,2013.0,10.0,https://www.newyorkfed.org/medialibrary/media/markets/survey/2013/October_result.pdf,..\spd\results\2013-10_October_result.pdf,162081,ok
results,2013.0,12.0,https://www.newyorkfed.org/medialibrary/media/markets/survey/2013/December_result.pdf,..\spd\results\2013-12_December_result.pdf,69608,ok
results,2014.0,1.0,https://www.newyorkfed.org/medialibrary/media/markets/survey/2014/January_result.pdf,..\spd\results\2014-01_January_result.pdf,164041,ok
results,2014.0,3.0,https://www.newyorkfed.org/medialibrary/media/markets/survey/2014/March_result.pdf,..\spd\results\2014-03_March_result.pdf,192557,ok
results,2014.0,4.0,https://www.newyorkfed.org/medialibrary/media/markets/survey/2014/April_result.pdf,..\spd\results\2014-04_April_result.pdf,159707,ok
results,2014.0,6.0,https://www.newyorkfed.org/medialibrary/media/markets/survey/2014/June_result.pdf,..\spd\results\2014-06_June_result.pdf,168000,ok
results,2014.0,7.0,https://www.newyorkfed.org/medialibrary/media/markets/survey/2014/July_result.pdf,..\spd\results\2014-07_July_result.pdf,158088,ok
results,2014.0,9.0,https://www.newyorkfed.org/medialibrary/media/markets/survey/2014/September_result.pdf,..\spd\results\2014-09_September_result.pdf,178841,ok
results,2014.0,10.0,https://www.newyorkfed.org/medialibrary/media/markets/survey/2014/October_result.pdf,..\spd\results\2014-10_October_result.pdf,176520,ok
results,2014.0,12.0,https://www.newyorkfed.org/medialibrary/media/markets/survey/2014/December_result.pdf,..\spd\results\2014-12_December_result.pdf,177809,ok
results,2014.0,,https://www.newyorkfed.org/medialibrary/media/markets/survey/2014/mp_April_result.pdf,..\spd\results\2014_mp_April_result.pdf,99751,ok
results,2014.0,,https://www.newyorkfed.org/medialibrary/media/markets/survey/2014/mp_December_result.pdf,..\spd\results\2014_mp_December_result.pdf,100946,ok
results,2014.0,,https://www.newyorkfed.org/medialibrary/media/markets/survey/2014/mp_January_result.pdf,..\spd\results\2014_mp_January_result.pdf,91702,ok
results,2014.0,,https://www.newyorkfed.org/medialibrary/media/markets/survey/2014/mp_July_result.pdf,..\spd\results\2014_mp_July_result.pdf,99792,ok
results,2014.0,,https://www.newyorkfed.org/medialibrary/media/markets/survey/2014/mp_June_result.pdf,..\spd\results\2014_mp_June_result.pdf,103185,ok
results,2014.0,,https://www.newyorkfed.org/medialibrary/media/markets/survey/2014/mp_March_result.pdf,..\spd\results\2014_mp_March_result.pdf,115827,ok
results,2014.0,,https://www.newyorkfed.org/medialibrary/media/markets/survey/2014/mp_October_result.pdf,..\spd\results\2014_mp_October_result.pdf,107767,ok
results,2014.0,,https://www.newyorkfed.org/medialibrary/media/markets/survey/2014/mp_September_result.pdf,..\spd\results\2014_mp_September_result.pdf,110130,ok
results,2015.0,1.0,https://www.newyorkfed.org/medialibrary/media/markets/survey/2015/January-result.pdf,..\spd\results\2015-01_January-result.pdf,83096,ok
results,2015.0,1.0,https://www.newyorkfed.org/medialibrary/media/markets/survey/2015/mp-January-result.pdf,..\spd\results\2015-01_mp-January-result.pdf,78708,ok
results,2015.0,3.0,https://www.newyorkfed.org/medialibrary/media/markets/survey/2015/March-result.pdf,..\spd\results\2015-03_March-result.pdf,93986,ok
results,2015.0,3.0,https://www.newyorkfed.org/medialibrary/media/markets/survey/2015/mp-March-result.pdf,..\spd\results\2015-03_mp-March-result.pdf,89379,ok
results,2015.0,4.0,https://www.newyorkfed.org/medialibrary/media/markets/survey/2015/April-result.pdf,..\spd\results\2015-04_April-result.pdf,107612,ok
results,2015.0,4.0,https://www.newyorkfed.org/medialibrary/media/markets/survey/2015/mp-April-result.pdf,..\spd\results\2015-04_mp-April-result.pdf,95479,ok
results,2015.0,6.0,https://www.newyorkfed.org/medialibrary/media/markets/survey/2015/June-result.pdf,..\spd\results\2015-06_June-result.pdf,263773,ok
results,2015.0,6.0,https://www.newyorkfed.org/medialibrary/media/markets/survey/2015/mp-June-result.pdf,..\spd\results\2015-06_mp-June-result.pdf,255960,ok
results,2015.0,7.0,https://www.newyorkfed.org/medialibrary/media/markets/survey/2015/July-result.pdf,..\spd\results\2015-07_July-result.pdf,107500,ok
results,2015.0,7.0,https://www.newyorkfed.org/medialibrary/media/markets/survey/2015/mp-July-result.pdf,..\spd\results\2015-07_mp-July-result.pdf,98099,ok
results,2015.0,9.0,https://www.newyorkfed.org/medialibrary/media/markets/survey/2015/Sep-results.pdf,..\spd\results\2015-09_Sep-results.pdf,112421,ok
results,2015.0,9.0,https://www.newyorkfed.org/medialibrary/media/markets/survey/2015/mp-sep-result.pdf,..\spd\results\2015-09_mp-sep-result.pdf,99451,ok
results,2015.0,10.0,https://www.newyorkfed.org/medialibrary/media/markets/survey/2015/mp-oct-result.pdf?la=en&hash=2BA7C4F988BC70D75C8A50B5BA6C8149,..\spd\results\2015-10_mp-oct-result.pdf,92116,ok
results,2015.0,10.0,https://www.newyorkfed.org/medialibrary/media/markets/survey/2015/oct-results.pdf?la=en&hash=43DB7761D3A4F404FF14C549E2C05327,..\spd\results\2015-10_oct-results.pdf,100256,ok
results,2015.0,12.0,https://www.newyorkfed.org/medialibrary/media/markets/survey/2015/Dec-2015-results.pdf,..\spd\results\2015-12_Dec-2015-results.pdf,119440,ok
results,2015.0,12.0,https://www.newyorkfed.org/medialibrary/media/markets/survey/2015/mp-Dec-2015-results.pdf,..\spd\results\2015-12_mp-Dec-2015-results.pdf,112457,ok
results,2016.0,1.0,https://www.newyorkfed.org/medialibrary/media/markets/survey/2016/jan-2016-results.pdf,..\spd\results\2016-01_jan-2016-results.pdf,91588,ok
results,2016.0,1.0,https://www.newyorkfed.org/medialibrary/media/markets/survey/2016/jan-results-mp.pdf,..\spd\results\2016-01_jan-results-mp.pdf,81103,ok
results,2016.0,3.0,https://www.newyorkfed.org/medialibrary/media/markets/survey/2016/mar-2016-results.pdf,..\spd\results\2016-03_mar-2016-results.pdf,111101,ok
results,2016.0,3.0,https://www.newyorkfed.org/medialibrary/media/markets/survey/2016/mar-results-mp.pdf,..\spd\results\2016-03_mar-results-mp.pdf,107312,ok
results,2016.0,4.0,https://www.newyorkfed.org/medialibrary/media/markets/survey/2016/apr-2016-results.pdf,..\spd\results\2016-04_apr-2016-results.pdf,90560,ok
results,2016.0,4.0,https://www.newyorkfed.org/medialibrary/media/markets/survey/2016/apr-results-mp.pdf,..\spd\results\2016-04_apr-results-mp.pdf,90543,ok
results,2016.0,6.0,https://www.newyorkfed.org/medialibrary/media/markets/survey/2016/jun-2016-results.pdf,..\spd\results\2016-06_jun-2016-results.pdf,78843,ok
results,2016.0,6.0,https://www.newyorkfed.org/medialibrary/media/markets/survey/2016/jun-results-mp.pdf,..\spd\results\2016-06_jun-results-mp.pdf,73741,ok
results,2016.0,7.0,https://www.newyorkfed.org/medialibrary/media/markets/survey/2016/jul-2016-results.pdf,..\spd\results\2016-07_jul-2016-results.pdf,86394,ok
results,2016.0,7.0,https://www.newyorkfed.org/medialibrary/media/markets/survey/2016/jul-results-mp.pdf,..\spd\results\2016-07_jul-results-mp.pdf,81100,ok
results,2016.0,9.0,https://www.newyorkfed.org/medialibrary/media/markets/survey/2016/sep-2016-results.pdf,..\spd\results\2016-09_sep-2016-results.pdf,85224,ok
results,2016.0,9.0,https://www.newyorkfed.org/medialibrary/media/markets/survey/2016/sep-results-mp.pdf,..\spd\results\2016-09_sep-results-mp.pdf,77857,ok
results,2016.0,11.0,https://www.newyorkfed.org/medialibrary/media/markets/survey/2016/Nov-2016-SMP-Results.pdf,..\spd\results\2016-11_Nov-2016-SMP-Results.pdf,168306,ok
results,2016.0,11.0,https://www.newyorkfed.org/medialibrary/media/markets/survey/2016/Nov-2016-SPD-Results.pdf,..\spd\results\2016-11_Nov-2016-SPD-Results.pdf,175895,ok
results,2016.0,12.0,https://www.newyorkfed.org/medialibrary/media/markets/survey/2016/Dec-2016-Flash-SMP-Results-Public-Release.pdf,..\spd\results\2016-12_Dec-2016-Flash-SMP-Results-Public-Release.pdf,106593,ok
results,2016.0,12.0,https://www.newyorkfed.org/medialibrary/media/markets/survey/2016/Dec-2016-SPD-Results-Public-Release.pdf,..\spd\results\2016-12_Dec-2016-SPD-Results-Public-Release.pdf,110509,ok
results,2017.0,1.0,https://www.newyorkfed.org/medialibrary/media/markets/survey/2017/Jan-2017-SMP-Results-Public-Release.pdf,..\spd\results\2017-01_Jan-2017-SMP-Results-Public-Release.pdf,137397,ok
results,2017.0,1.0,https://www.newyorkfed.org/medialibrary/media/markets/survey/2017/Jan-2017-SPD-Results-Public-Release.pdf,..\spd\results\2017-01_Jan-2017-SPD-Results-Public-Release.pdf,127069,ok
results,2017.0,3.0,https://www.newyorkfed.org/medialibrary/media/markets/survey/2017/Mar-2017-SMP-Results-Public-Release.pdf,..\spd\results\2017-03_Mar-2017-SMP-Results-Public-Release.pdf,161513,ok
results,2017.0,3.0,https://www.newyorkfed.org/medialibrary/media/markets/survey/2017/Mar-2017-SPD-Results-Public-Release.pdf,..\spd\results\2017-03_Mar-2017-SPD-Results-Public-Release.pdf,145234,ok
results,2017.0,5.0,https://www.newyorkfed.org/medialibrary/media/markets/survey/2017/may-2017-SMP-Results-Public-Release.pdf,..\spd\results\2017-05_may-2017-SMP-Results-Public-Release.pdf,143047,ok
results,2017.0,5.0,https://www.newyorkfed.org/medialibrary/media/markets/survey/2017/may-2017-spd-results-public-release.pdf?la=en&hash=9E1A844E028FB6E8E16B49E3BD62F863,..\spd\results\2017-05_may-2017-spd-results-public-release.pdf,140881,ok
results,2017.0,6.0,https://www.newyorkfed.org/medialibrary/media/markets/survey/2017/jun-2017-smp-results.pdf,..\spd\results\2017-06_jun-2017-smp-results.pdf,169032,ok
results,2017.0,6.0,https://www.newyorkfed.org/medialibrary/media/markets/survey/2017/jun-2017-spd-results.pdf,..\spd\results\2017-06_jun-2017-spd-results.pdf,179358,ok
results,2017.0,7.0,https://www.newyorkfed.org/medialibrary/media/markets/survey/2017/jul-2017-smp-results.pdf,..\spd\results\2017-07_jul-2017-smp-results.pdf,175646,ok
results,2017.0,7.0,https://www.newyorkfed.org/medialibrary/media/markets/survey/2017/jul-2017-spd-results.pdf,..\spd\results\2017-07_jul-2017-spd-results.pdf,169893,ok
results,2017.0,9.0,https://www.newyorkfed.org/medialibrary/media/markets/survey/2017/sep-2017-smp-results.pdf,..\spd\results\2017-09_sep-2017-smp-results.pdf,147174,ok
results,2017.0,9.0,https://www.newyorkfed.org/medialibrary/media/markets/survey/2017/sep-2017-spd-results.pdf,..\spd\results\2017-09_sep-2017-spd-results.pdf,156851,ok
results,2017.0,10.0,https://www.newyorkfed.org/medialibrary/media/markets/survey/2017/oct-nov-2017-smp-results.pdf,..\spd\results\2017-10_oct-nov-2017-smp-results.pdf,217086,ok
results,2017.0,10.0,https://www.newyorkfed.org/medialibrary/media/markets/survey/2017/oct-nov-2017-spd-results.pdf,..\spd\results\2017-10_oct-nov-2017-spd-results.pdf,154750,ok
results,2017.0,12.0,https://www.newyorkfed.org/medialibrary/media/markets/survey/2017/dec-2017-smp-results.pdf,..\spd\results\2017-12_dec-2017-smp-results.pdf,163145,ok
results,2017.0,12.0,https://www.newyorkfed.org/medialibrary/media/markets/survey/2017/dec-2017-spd-results.pdf,..\spd\results\2017-12_dec-2017-spd-results.pdf,170415,ok
results,2018.0,1.0,https://www.newyorkfed.org/medialibrary/media/markets/survey/2018/jan-2018-smp-results.pdf,..\spd\results\2018-01_jan-2018-smp-results.pdf,165996,ok
results,2018.0,1.0,https://www.newyorkfed.org/medialibrary/media/markets/survey/2018/jan-2018-spd-results.pdf,..\spd\results\2018-01_jan-2018-spd-results.pdf,175665,ok
results,2018.0,3.0,https://www.newyorkfed.org/medialibrary/media/markets/survey/2018/mar-2018-smp-results.pdf,..\spd\results\2018-03_mar-2018-smp-results.pdf,163065,ok
results,2018.0,3.0,https://www.newyorkfed.org/medialibrary/media/markets/survey/2018/mar-2018-spd-results.pdf,..\spd\results\2018-03_mar-2018-spd-results.pdf,168764,ok
results,2018.0,5.0,https://www.newyorkfed.org/medialibrary/media/markets/survey/2018/may-2018-smp-results.pdf,..\spd\results\2018-05_may-2018-smp-results.pdf,162531,ok
results,2018.0,5.0,https://www.newyorkfed.org/medialibrary/media/markets/survey/2018/may-2018-spd-results.pdf,..\spd\results\2018-05_may-2018-spd-results.pdf,166895,ok
results,2018.0,6.0,https://www.newyorkfed.org/medialibrary/media/markets/survey/2018/jun-2018-smp-results.pdf,..\spd\results\2018-06_jun-2018-smp-results.pdf,173162,ok
results,2018.0,6.0,https://www.newyorkfed.org/medialibrary/media/markets/survey/2018/jun-2018-spd-results.pdf,..\spd\results\2018-06_jun-2018-spd-results.pdf,180501,ok
results,2018.0,7.0,https://www.newyorkfed.org/medialibrary/media/markets/survey/2018/jul-aug-2018-smp-results.pdf,..\spd\results\2018-07_jul-aug-2018-smp-results.pdf,165867,ok
results,2018.0,7.0,https://www.newyorkfed.org/medialibrary/media/markets/survey/2018/jul-aug-2018-spd-results.pdf,..\spd\results\2018-07_jul-aug-2018-spd-results.pdf,193659,ok
results,2018.0,9.0,https://www.newyorkfed.org/medialibrary/media/markets/survey/2018/sep-2018-smp-results.pdf,..\spd\results\2018-09_sep-2018-smp-results.pdf,167590,ok
results,2018.0,9.0,https://www.newyorkfed.org/medialibrary/media/markets/survey/2018/sep-2018-spd-results.pdf,..\spd\results\2018-09_sep-2018-spd-results.pdf,176278,ok
results,2018.0,11.0,https://www.newyorkfed.org/medialibrary/media/markets/survey/2018/nov-2018-smp-results.pdf,..\spd\results\2018-11_nov-2018-smp-results.pdf,186264,ok
results,2018.0,11.0,https://www.newyorkfed.org/medialibrary/media/markets/survey/2018/nov-2018-spd-results.pdf,..\spd\results\2018-11_nov-2018-spd-results.pdf,194486,ok
results,2018.0,12.0,https://www.newyorkfed.org/medialibrary/media/markets/survey/2018/dec-2018-smp-results.pdf,..\spd\results\2018-12_dec-2018-smp-results.pdf,241053,ok
results,2018.0,12.0,https://www.newyorkfed.org/medialibrary/media/markets/survey/2018/dec-2018-spd-results.pdf,..\spd\results\2018-12_dec-2018-spd-results.pdf,245118,ok
results,2019.0,1.0,https://www.newyorkfed.org/medialibrary/media/markets/survey/2019/jan-2019-smp-results.pdf,..\spd\results\2019-01_jan-2019-smp-results.pdf,223916,ok
results,2019.0,1.0,https://www.newyorkfed.org/medialibrary/media/markets/survey/2019/jan-2019-spd-results.pdf,..\spd\results\2019-01_jan-2019-spd-results.pdf,211109,ok
results,2019.0,3.0,https://www.newyorkfed.org/medialibrary/media/markets/survey/2019/mar-2019-smp-results.pdf,..\spd\results\2019-03_mar-2019-smp-results.pdf,209342,ok
results,2019.0,3.0,https://www.newyorkfed.org/medialibrary/media/markets/survey/2019/mar-2019-spd-results.pdf,..\spd\results\2019-03_mar-2019-spd-results.pdf,215157,ok
results,2019.0,4.0,https://www.newyorkfed.org/medialibrary/media/markets/survey/2019/apr-may-2019-smp-results.pdf,..\spd\results\2019-04_apr-may-2019-smp-results.pdf,178155,ok
results,2019.0,4.0,https://www.newyorkfed.org/medialibrary/media/markets/survey/2019/apr-may-2019-spd-results.pdf,..\spd\results\2019-04_apr-may-2019-spd-results.pdf,164341,ok
results,2019.0,6.0,https://www.newyorkfed.org/medialibrary/media/markets/survey/2019/jun-2019-smp-results.pdf,..\spd\results\2019-06_jun-2019-smp-results.pdf,352119,ok
results,2019.0,6.0,https://www.newyorkfed.org/medialibrary/media/markets/survey/2019/jun-2019-spd-results.pdf,..\spd\results\2019-06_jun-2019-spd-results.pdf,356566,ok
results,2019.0,7.0,https://www.newyorkfed.org/medialibrary/media/markets/survey/2019/jul-2019-smp-results.pdf,..\spd\results\2019-07_jul-2019-smp-results.pdf,325221,ok
results,2019.0,7.0,https://www.newyorkfed.org/medialibrary/media/markets/survey/2019/jul-2019-spd-results.pdf,..\spd\results\2019-07_jul-2019-spd-results.pdf,331261,ok
results,2019.0,9.0,https://www.newyorkfed.org/medialibrary/media/markets/survey/2019/sep-2019-smp-results.pdf,..\spd\results\2019-09_sep-2019-smp-results.pdf,351438,ok
results,2019.0,9.0,https://www.newyorkfed.org/medialibrary/media/markets/survey/2019/sep-2019-spd-results.pdf,..\spd\results\2019-09_sep-2019-spd-results.pdf,356460,ok
results,2019.0,10.0,https://www.newyorkfed.org/medialibrary/media/markets/survey/2019/oct-2019-smp-results.pdf,..\spd\results\2019-10_oct-2019-smp-results.pdf,566898,ok
results,2019.0,10.0,https://www.newyorkfed.org/medialibrary/media/markets/survey/2019/oct-2019-spd-results.pdf,..\spd\results\2019-10_oct-2019-spd-results.pdf,614520,ok
results,2019.0,12.0,https://www.newyorkfed.org/medialibrary/media/markets/survey/2019/dec-2019-smp-results.pdf,..\spd\results\2019-12_dec-2019-smp-results.pdf,330929,ok
results,2019.0,12.0,https://www.newyorkfed.org/medialibrary/media/markets/survey/2019/dec-2019-spd-results.pdf,..\spd\results\2019-12_dec-2019-spd-results.pdf,336736,ok
results,2020.0,1.0,https://www.newyorkfed.org/medialibrary/media/markets/survey/2020/jan-2020-smp-results.pdf,..\spd\results\2020-01_jan-2020-smp-results.pdf,367653,ok
results,2020.0,1.0,https://www.newyorkfed.org/medialibrary/media/markets/survey/2020/jan-2020-spd-results.pdf,..\spd\results\2020-01_jan-2020-spd-results.pdf,371525,ok
results,2020.0,3.0,https://www.newyorkfed.org/medialibrary/media/markets/survey/2020/mar-2020-smp-results.pdf,..\spd\results\2020-03_mar-2020-smp-results.pdf,340812,ok
results,2020.0,3.0,https://www.newyorkfed.org/medialibrary/media/markets/survey/2020/mar-2020-spd-results.pdf,..\spd\results\2020-03_mar-2020-spd-results.pdf,344809,ok
results,2020.0,4.0,https://www.newyorkfed.org/medialibrary/media/markets/survey/2020/apr-2020-smp-results.pdf,..\spd\results\2020-04_apr-2020-smp-results.pdf,346677,ok
results,2020.0,4.0,https://www.newyorkfed.org/medialibrary/media/markets/survey/2020/apr-2020-spd-results.pdf,..\spd\results\2020-04_apr-2020-spd-results.pdf,349509,ok
results,2020.0,6.0,https://www.newyorkfed.org/medialibrary/media/markets/survey/2020/jun-2020-smp-results.pdf,..\spd\results\2020-06_jun-2020-smp-results.pdf,328597,ok
results,2020.0,6.0,https://www.newyorkfed.org/medialibrary/media/markets/survey/2020/jun-2020-spd-results.pdf,..\spd\results\2020-06_jun-2020-spd-results.pdf,333332,ok
results,2020.0,7.0,https://www.newyorkfed.org/medialibrary/media/markets/survey/2020/jul-2020-smp-results.pdf,..\spd\results\2020-07_jul-2020-smp-results.pdf,330531,ok
results,2020.0,7.0,https://www.newyorkfed.org/medialibrary/media/markets/survey/2020/jul-2020-spd-results.pdf,..\spd\results\2020-07_jul-2020-spd-results.pdf,333576,ok
results,2020.0,9.0,https://www.newyorkfed.org/medialibrary/media/markets/survey/2020/sep-2020-smp-results.pdf,..\spd\results\2020-09_sep-2020-smp-results.pdf,342596,ok
results,2020.0,9.0,https://www.newyorkfed.org/medialibrary/media/markets/survey/2020/sep-2020-spd-results.pdf,..\spd\results\2020-09_sep-2020-spd-results.pdf,346515,ok
results,2020.0,11.0,https://www.newyorkfed.org/medialibrary/media/markets/survey/2020/nov-2020-smp-results.pdf,..\spd\results\2020-11_nov-2020-smp-results.pdf,339185,ok
results,2020.0,11.0,https://www.newyorkfed.org/medialibrary/media/markets/survey/2020/nov-2020-spd-results.pdf,..\spd\results\2020-11_nov-2020-spd-results.pdf,342547,ok
results,2020.0,12.0,https://www.newyorkfed.org/medialibrary/media/markets/survey/2020/dec-2020-smp-results.pdf,..\spd\results\2020-12_dec-2020-smp-results.pdf,342744,ok
results,2020.0,12.0,https://www.newyorkfed.org/medialibrary/media/markets/survey/2020/dec-2020-spd-results.pdf,..\spd\results\2020-12_dec-2020-spd-results.pdf,344959,ok
results,2021.0,1.0,https://www.newyorkfed.org/medialibrary/media/markets/survey/2021/jan-2021-smp-results.pdf,..\spd\results\2021-01_jan-2021-smp-results.pdf,466775,ok
results,2021.0,1.0,https://www.newyorkfed.org/medialibrary/media/markets/survey/2021/jan-2021-spd-results.pdf,..\spd\results\2021-01_jan-2021-spd-results.pdf,513339,ok
results,2021.0,3.0,https://www.newyorkfed.org/medialibrary/media/markets/survey/2021/mar-2021-smp-results.pdf,..\spd\results\2021-03_mar-2021-smp-results.pdf,347641,ok
results,2021.0,3.0,https://www.newyorkfed.org/medialibrary/media/markets/survey/2021/mar-2021-spd-results.pdf,..\spd\results\2021-03_mar-2021-spd-results.pdf,335940,ok
results,2021.0,4.0,https://www.newyorkfed.org/medialibrary/media/markets/survey/2021/apr-2021-smp-results.pdf,..\spd\results\2021-04_apr-2021-smp-results.pdf,357857,ok
results,2021.0,4.0,https://www.newyorkfed.org/medialibrary/media/markets/survey/2021/apr-2021-spd-results.pdf,..\spd\results\2021-04_apr-2021-spd-results.pdf,359117,ok
results,2021.0,6.0,https://www.newyorkfed.org/medialibrary/media/markets/survey/2021/jun-2021-smp-results.pdf,..\spd\results\2021-06_jun-2021-smp-results.pdf,357395,ok
results,2021.0,6.0,https://www.newyorkfed.org/medialibrary/media/markets/survey/2021/jun-2021-spd-results.pdf,..\spd\results\2021-06_jun-2021-spd-results.pdf,360022,ok
results,2021.0,7.0,https://www.newyorkfed.org/medialibrary/media/markets/survey/2021/jul-2021-smp-results.pdf,..\spd\results\2021-07_jul-2021-smp-results.pdf,432497,ok
results,2021.0,7.0,https://www.newyorkfed.org/medialibrary/media/markets/survey/2021/jul-2021-spd-results.pdf,..\spd\results\2021-07_jul-2021-spd-results.pdf,384832,ok
results,2021.0,9.0,https://www.newyorkfed.org/medialibrary/media/markets/survey/2021/sep-2021-smp-results.pdf,..\spd\results\2021-09_sep-2021-smp-results.pdf,315865,ok
results,2021.0,9.0,https://www.newyorkfed.org/medialibrary/media/markets/survey/2021/sep-2021-spd-results.pdf,..\spd\results\2021-09_sep-2021-spd-results.pdf,308009,ok
results,2021.0,11.0,https://www.newyorkfed.org/medialibrary/media/markets/survey/2021/nov-2021-smp-results.pdf,..\spd\results\2021-11_nov-2021-smp-results.pdf,261954,ok
results,2021.0,11.0,https://www.newyorkfed.org/medialibrary/media/markets/survey/2021/nov-2021-spd-results.pdf,..\spd\results\2021-11_nov-2021-spd-results.pdf,254877,ok
results,2021.0,12.0,https://www.newyorkfed.org/medialibrary/media/markets/survey/2021/dec-2021-smp-results.pdf,..\spd\results\2021-12_dec-2021-smp-results.pdf,309309,ok
results,2021.0,12.0,https://www.newyorkfed.org/medialibrary/media/markets/survey/2021/dec-2021-spd-results.pdf,..\spd\results\2021-12_dec-2021-spd-results.pdf,320265,ok
results,2022.0,1.0,https://www.newyorkfed.org/medialibrary/media/markets/survey/2022/jan-2022-smp-results.pdf,..\spd\results\2022-01_jan-2022-smp-results.pdf,296287,ok
results,2022.0,1.0,https://www.newyorkfed.org/medialibrary/media/markets/survey/2022/jan-2022-spd-results.pdf,..\spd\results\2022-01_jan-2022-spd-results.pdf,299718,ok
results,2022.0,3.0,https://www.newyorkfed.org/medialibrary/media/markets/survey/2022/mar-2022-smp-results.pdf,..\spd\results\2022-03_mar-2022-smp-results.pdf,273891,ok
results,2022.0,3.0,https://www.newyorkfed.org/medialibrary/media/markets/survey/2022/mar-2022-spd-results.pdf,..\spd\results\2022-03_mar-2022-spd-results.pdf,277882,ok
results,2022.0,5.0,https://www.newyorkfed.org/medialibrary/media/markets/survey/2022/may-2022-smp-results.pdf,..\spd\results\2022-05_may-2022-smp-results.pdf,286572,ok
results,2022.0,5.0,https://www.newyorkfed.org/medialibrary/media/markets/survey/2022/may-2022-spd-results.pdf,..\spd\results\2022-05_may-2022-spd-results.pdf,226261,ok
results,2022.0,6.0,https://www.newyorkfed.org/medialibrary/media/markets/survey/2022/jun-2022-smp-results.pdf,..\spd\results\2022-06_jun-2022-smp-results.pdf,420853,ok
results,2022.0,6.0,https://www.newyorkfed.org/medialibrary/media/markets/survey/2022/jun-2022-spd-results.pdf,..\spd\results\2022-06_jun-2022-spd-results.pdf,399956,ok
results,2022.0,7.0,https://www.newyorkfed.org/medialibrary/media/markets/survey/2022/jul-2022-smp-results.pdf,..\spd\results\2022-07_jul-2022-smp-results.pdf,365189,ok
results,2022.0,7.0,https://www.newyorkfed.org/medialibrary/media/markets/survey/2022/jul-2022-spd-results.pdf,..\spd\results\2022-07_jul-2022-spd-results.pdf,336689,ok
results,2022.0,9.0,https://www.newyorkfed.org/medialibrary/media/markets/survey/2022/sep-2022-smp-results.pdf,..\spd\results\2022-09_sep-2022-smp-results.pdf,439364,ok
results,2022.0,9.0,https://www.newyorkfed.org/medialibrary/media/markets/survey/2022/sep-2022-spd-results.pdf,..\spd\results\2022-09_sep-2022-spd-results.pdf,414310,ok
results,2022.0,11.0,https://www.newyorkfed.org/medialibrary/media/markets/survey/2022/nov-2022-smp-results.pdf,..\spd\results\2022-11_nov-2022-smp-results.pdf,1750364,ok
results,2022.0,11.0,https://www.newyorkfed.org/medialibrary/media/markets/survey/2022/nov-2022-spd-results.pdf,..\spd\results\2022-11_nov-2022-spd-results.pdf,1793488,ok
results,2022.0,12.0,https://www.newyorkfed.org/medialibrary/media/markets/survey/2022/dec-2022-smp-results.pdf,..\spd\results\2022-12_dec-2022-smp-results.pdf,1569796,ok
results,2022.0,12.0,https://www.newyorkfed.org/medialibrary/media/markets/survey/2022/dec-2022-spd-results.pdf,..\spd\results\2022-12_dec-2022-spd-results.pdf,1690240,ok
results,2023.0,1.0,https://www.newyorkfed.org/medialibrary/media/markets/survey/2023/jan-feb-2023-smp-results.pdf,..\spd\results\2023-01_jan-feb-2023-smp-results.pdf,1491445,ok
results,2023.0,1.0,https://www.newyorkfed.org/medialibrary/media/markets/survey/2023/jan-feb-2023-spd-results.pdf,..\spd\results\2023-01_jan-feb-2023-spd-results.pdf,1579484,ok
results,2023.0,3.0,https://www.newyorkfed.org/medialibrary/media/markets/survey/2023/mar-2023-smp-results.pdf,..\spd\results\2023-03_mar-2023-smp-results.pdf,1544712,ok
results,2023.0,3.0,https://www.newyorkfed.org/medialibrary/media/markets/survey/2023/mar-2023-spd-results.pdf,..\spd\results\2023-03_mar-2023-spd-results.pdf,1585561,ok
results,2023.0,5.0,https://www.newyorkfed.org/medialibrary/media/markets/survey/2023/may-2023-smp-results.pdf,..\spd\results\2023-05_may-2023-smp-results.pdf,1053130,ok
results,2023.0,5.0,https://www.newyorkfed.org/medialibrary/media/markets/survey/2023/may-2023-spd-results.pdf,..\spd\results\2023-05_may-2023-spd-results.pdf,1233405,ok
results,2023.0,6.0,https://www.newyorkfed.org/medialibrary/media/markets/survey/2023/jun-2023-smp-results.pdf,..\spd\results\2023-06_jun-2023-smp-results.pdf,1514989,ok
results,2023.0,6.0,https://www.newyorkfed.org/medialibrary/media/markets/survey/2023/jun-2023-spd-results.pdf,..\spd\results\2023-06_jun-2023-spd-results.pdf,1735341,ok
results,2023.0,7.0,https://www.newyorkfed.org/medialibrary/media/markets/survey/2023/jul-2023-smp-results.pdf,..\spd\results\2023-07_jul-2023-smp-results.pdf,1502881,ok
results,2023.0,7.0,https://www.newyorkfed.org/medialibrary/media/markets/survey/2023/jul-2023-spd-results.pdf,..\spd\results\2023-07_jul-2023-spd-results.pdf,1691022,ok
results,2023.0,9.0,https://www.newyorkfed.org/medialibrary/media/markets/survey/2023/sep-2023-smp-results.pdf,..\spd\results\2023-09_sep-2023-smp-results.pdf,1745405,ok
results,2023.0,9.0,https://www.newyorkfed.org/medialibrary/media/markets/survey/2023/sep-2023-spd-results.pdf,..\spd\results\2023-09_sep-2023-spd-results.pdf,2043278,ok
results,2023.0,10.0,https://www.newyorkfed.org/medialibrary/media/markets/survey/2023/oct-2023-smp-results.pdf,..\spd\results\2023-10_oct-2023-smp-results.pdf,407168,ok
results,2023.0,10.0,https://www.newyorkfed.org/medialibrary/media/markets/survey/2023/oct-2023-spd-results.pdf,..\spd\results\2023-10_oct-2023-spd-results.pdf,425850,ok
results,2023.0,12.0,https://www.newyorkfed.org/medialibrary/media/markets/survey/2023/dec-2023-smp-results.pdf,..\spd\results\2023-12_dec-2023-smp-results.pdf,1561710,ok
results,2023.0,12.0,https://www.newyorkfed.org/medialibrary/media/markets/survey/2023/dec-2023-spd-results.pdf,..\spd\results\2023-12_dec-2023-spd-results.pdf,1828403,ok
results,2024.0,1.0,https://www.newyorkfed.org/medialibrary/media/markets/survey/2024/jan-2024-smp-results.pdf,..\spd\results\2024-01_jan-2024-smp-results.pdf,1960383,ok
results,2024.0,1.0,https://www.newyorkfed.org/medialibrary/media/markets/survey/2024/jan-2024-spd-results.pdf,..\spd\results\2024-01_jan-2024-spd-results.pdf,2078987,ok
results,2024.0,3.0,https://www.newyorkfed.org/medialibrary/media/markets/survey/2024/mar-2024-smp-results.pdf,..\spd\results\2024-03_mar-2024-smp-results.pdf,1698112,ok
results,2024.0,3.0,https://www.newyorkfed.org/medialibrary/media/markets/survey/2024/mar-2024-spd-results.pdf,..\spd\results\2024-03_mar-2024-spd-results.pdf,2027724,ok
results,2024.0,4.0,https://www.newyorkfed.org/medialibrary/media/markets/survey/2024/apr-may-2024-smp-results.pdf,..\spd\results\2024-04_apr-may-2024-smp-results.pdf,1628215,ok
results,2024.0,4.0,https://www.newyorkfed.org/medialibrary/media/markets/survey/2024/apr-may-2024-spd-results.pdf,..\spd\results\2024-04_apr-may-2024-spd-results.pdf,1959629,ok
results,2024.0,6.0,https://www.newyorkfed.org/medialibrary/media/markets/survey/2024/jun-2024-smp-results.pdf,..\spd\results\2024-06_jun-2024-smp-results.pdf,403425,ok
results,2024.0,6.0,https://www.newyorkfed.org/medialibrary/media/markets/survey/2024/jun-2024-spd-results.pdf,..\spd\results\2024-06_jun-2024-spd-results.pdf,418769,ok
results,2024.0,7.0,https://www.newyorkfed.org/medialibrary/media/markets/survey/2024/jul-2024-smp-results.pdf,..\spd\results\2024-07_jul-2024-smp-results.pdf,389641,ok
results,2024.0,7.0,https://www.newyorkfed.org/medialibrary/media/markets/survey/2024/jul-2024-spd-results.pdf,..\spd\results\2024-07_jul-2024-spd-results.pdf,404787,ok
results,2024.0,9.0,https://www.newyorkfed.org/medialibrary/media/markets/survey/2024/sep-2024-smp-results.pdf,..\spd\results\2024-09_sep-2024-smp-results.pdf,395074,ok
results,2024.0,9.0,https://www.newyorkfed.org/medialibrary/media/markets/survey/2024/sep-2024-spd-results.pdf,..\spd\results\2024-09_sep-2024-spd-results.pdf,412041,ok
results,2024.0,11.0,https://www.newyorkfed.org/medialibrary/media/markets/survey/2024/nov-2024-smp-results.pdf,..\spd\results\2024-11_nov-2024-smp-results.pdf,392797,ok
results,2024.0,11.0,https://www.newyorkfed.org/medialibrary/media/markets/survey/2024/nov-2024-spd-results.pdf,..\spd\results\2024-11_nov-2024-spd-results.pdf,408579,ok
results,2024.0,12.0,https://www.newyorkfed.org/medialibrary/media/markets/survey/2024/dec-2024-smp-results.pdf,..\spd\results\2024-12_dec-2024-smp-results.pdf,395085,ok
results,2024.0,12.0,https://www.newyorkfed.org/medialibrary/media/markets/survey/2024/dec-2024-spd-results.pdf,..\spd\results\2024-12_dec-2024-spd-results.pdf,408934,ok
results,2025.0,1.0,https://www.newyorkfed.org/medialibrary/media/markets/survey/2025/jan-2025-sme-results.pdf,..\spd\results\2025-01_jan-2025-sme-results.pdf,333852,ok
results,2025.0,3.0,https://www.newyorkfed.org/medialibrary/media/markets/survey/2025/mar-2025-sme-results.pdf,..\spd\results\2025-03_mar-2025-sme-results.pdf,339703,ok
results,2025.0,5.0,https://www.newyorkfed.org/medialibrary/media/markets/survey/2025/may-2025-sme-results.pdf,..\spd\results\2025-05_may-2025-sme-results.pdf,370845,ok
results,2025.0,6.0,https://www.newyorkfed.org/medialibrary/media/markets/survey/2025/jun-2025-sme-results.pdf,..\spd\results\2025-06_jun-2025-sme-results.pdf,323231,ok
results,2025.0,7.0,https://www.newyorkfed.org/medialibrary/media/markets/survey/2025/jul-2025-sme-results.pdf,..\spd\results\2025-07_jul-2025-sme-results.pdf,368311,ok
results,2025.0,9.0,https://www.newyorkfed.org/medialibrary/media/markets/survey/2025/sep-2025-sme-results.pdf,..\spd\results\2025-09_sep-2025-sme-results.pdf,374838,ok
results,2025.0,10.0,https://www.newyorkfed.org/medialibrary/media/markets/survey/2025/oct-2025-sme-results.pdf,..\spd\results\2025-10_oct-2025-sme-results.pdf,260978,ok
results,2025.0,12.0,https://www.newyorkfed.org/medialibrary/media/markets/survey/2025/dec-2025-sme-results.pdf,..\spd\results\2025-12_dec-2025-sme-results.pdf,261670,ok
results,2026.0,1.0,https://www.newyorkfed.org/medialibrary/media/markets/survey/2026/jan-2026-sme-results.pdf,..\spd\results\2026-01_jan-2026-sme-results.pdf,286661,ok
results,2026.0,3.0,https://www.newyorkfed.org/medialibrary/media/markets/survey/2026/mar-2026-sme-results.pdf,..\spd\results\2026-03_mar-2026-sme-results.pdf,304729,ok
results,2026.0,4.0,https://www.newyorkfed.org/medialibrary/media/markets/survey/2026/apr-2026-sme-results.pdf,..\spd\results\2026-04_apr-2026-sme-results.pdf,263697,ok
results,2026.0,6.0,https://www.newyorkfed.org/medialibrary/media/markets/survey/2026/jun-2026-sme-results.pdf,..\spd\results\2026-06_jun-2026-sme-results.pdf,305404,ok
results,,1.0,https://www.newyorkfed.org/medialibrary/media/markets/survey/January_2012_result.pdf,..\spd\results\January_2012_result.pdf,341132,ok
results,,3.0,https://www.newyorkfed.org/medialibrary/media/markets/survey/March_2012_result.pdf,..\spd\results\March_2012_result.pdf,341190,ok
results,,4.0,https://www.newyorkfed.org/medialibrary/media/markets/survey/April_2012_result.pdf,..\spd\results\April_2012_result.pdf,412699,ok
results,,12.0,https://www.newyorkfed.org/medialibrary/media/markets/survey/December_result.pdf,..\spd\results\December_result.pdf,332256,ok
