meeting,is_sep,fed_date,fed_source,n_fed,rstar_fed,rstar_fed_mean,rstar_fed_sd,rstar_fed_iqr,fed_date_at,rstar_fed_at,sep_revision,rstar_spd,i_star_spd,pi_star_spd,i_star_iqr_spd,pi_source_spd,acm_date,rstar_acm,rn_fwd_9y1y,tp_fwd_9y1y,wedge_spd,wedge_acm,dy1_d1,drn1_d1,dtp1_d1,dy2_d1,drn2_d1,dtp2_d1,dy3_d1,drn3_d1,dtp3_d1,dy4_d1,drn4_d1,dtp4_d1,dy5_d1,drn5_d1,dtp5_d1,dy6_d1,drn6_d1,dtp6_d1,dy7_d1,drn7_d1,dtp7_d1,dy8_d1,drn8_d1,dtp8_d1,dy9_d1,drn9_d1,dtp9_d1,dy10_d1,drn10_d1,dtp10_d1,dy1_d2,drn1_d2,dtp1_d2,dy2_d2,drn2_d2,dtp2_d2,dy3_d2,drn3_d2,dtp3_d2,dy4_d2,drn4_d2,dtp4_d2,dy5_d2,drn5_d2,dtp5_d2,dy6_d2,drn6_d2,dtp6_d2,dy7_d2,drn7_d2,dtp7_d2,dy8_d2,drn8_d2,dtp8_d2,dy9_d2,drn9_d2,dtp9_d2,dy10_d2,drn10_d2,dtp10_d2,istar_fed,istar_acm,br_date,istar_rt,istar_ese,band_width,wedge_br_rt,wedge_br_ese
2012-03-13,False,2012-01-25,table2_compilation,17.0,2.2,2.2029411764705884,0.2403860793141476,0.5,,,,,,,,,2012-03-12,0.4181761094625944,2.4181761094625944,1.418687362607132,,1.7818238905374058,1.2938581576167618,-0.8674359815070976,2.16129413912386,3.013066095200956,-1.158889621371353,4.17195571657231,4.812039553676134,-1.070853543505279,5.882893097181413,6.327090391729384,-0.9022684995711738,7.229358891300558,7.537857380168367,-0.7347827725595613,8.272640152727927,8.50036722646108,-0.5902803198497786,9.090647546310858,9.273279142556955,-0.4717822418100481,9.745061384367004,9.902721207729616,-0.3765563244370717,10.279277532166686,10.42244868765698,-0.3005808539046528,10.723029541561637,10.856868158715605,-0.2400232693262172,11.096891428041822,2.022187200936626,-3.556010389274069,5.578197590210696,8.72071321536813,-2.399009946128239,11.11972316149637,14.368068968596276,-1.3379994270005635,15.70606839559684,18.56371437879555,-0.5380093959844012,19.10172377477995,21.59442219096097,0.0450930558759665,21.549329135085003,23.79999964111872,0.4656938024066859,23.334305838712037,25.438879189828256,0.7670297703923024,24.671849419435954,26.68681195465608,0.9810781600057216,25.705733794650357,27.65976908326364,1.1310904872017025,26.528678596061937,28.43444335654421,1.233940995011884,27.20050236153233,4.2,2.4181761094625944,2011-12-30,3.15167679522034,1.98757210653668,5.290416298792245,1.0483232047796602,2.21242789346332
2012-04-25,True,2012-01-25,table2_compilation,17.0,2.2,2.2029411764705884,0.2403860793141476,0.5,2012-04-25,2.2,0.0,,,,,,2012-04-24,0.3978725397266025,2.3978725397266025,1.40775969415645,,1.8021274602733977,-1.9611777499150411,-2.847613690820788,0.8864359409057471,-1.381667942950349,-2.7900949877499026,1.408427044799554,-0.9172731692512924,-2.6483974474265426,1.73112427817525,-0.5008240838175859,-2.485677650827456,1.98485356700987,-0.1214337898395312,-2.327920607550493,2.206486817710962,0.2207751837572047,-2.1832241837627557,2.40399936751996,0.5258743438552926,-2.052893995567706,2.5787683394229988,0.7956774838740355,-1.9359310197770263,2.731608503651062,1.033183761444301,-1.8307277834688664,2.863911544913167,1.2418798074828263,-1.7356750834979229,2.977554890980749,0.3362242526929598,0.1690067654041421,0.1672174872888177,-0.9557087814972276,-0.7124291976976643,-0.2432795837995632,-1.8115353705503767,-1.128665000327822,-0.6828703702225547,-2.241176820267854,-1.3154523329508172,-0.9257244873170368,-2.383999250946567,-1.3916624404409217,-0.9923368105056452,-2.3593654363558203,-1.4123318339694046,-0.9470336023864157,-2.245988387626596,-1.4038433614039114,-0.8421450262226848,-2.0909293285127584,-1.3795695935982175,-0.7113597349145406,-1.920897080614381,-1.346682007702138,-0.574215072912243,-1.7504363259079891,-1.3092243708174855,-0.4412119550905036,4.2,2.3978725397266025,2012-03-30,3.08897374427443,2.11851251931931,5.21445526816734,1.1110262557255703,2.08148748068069
2012-06-20,True,2012-04-25,table2_compilation,17.0,2.2,2.1852941176470586,0.2939411234976232,0.5,2012-06-20,2.2,0.0,,,,,,2012-06-19,0.5054437331476294,2.5054437331476294,0.50493705656335,,1.6945562668523708,2.3081825989498124,2.470310124544972,-0.1621275255951598,2.7649042290320947,2.7868985375543334,-0.0219943085222384,3.0094244227239275,2.858575405989694,0.1508490167342335,3.054095194232332,2.819997015800979,0.2340981784313522,2.9720213284471497,2.736041730699912,0.2359795977472378,2.8235422764111284,2.635048377064164,0.1884938993469642,2.647133968892379,2.529488929004442,0.1176450398879369,2.4647584734122097,2.4249428291645447,0.0398156442476649,2.287999178024336,2.32389922469185,-0.0359000466675141,2.122400173094108,2.2274116112687814,-0.1050114381746736,2.139532725394036,3.3216414669211938,-1.1821087415271574,2.296212975020845,3.846504810071166,-1.5502918350503214,2.293223093369395,3.953979562886234,-1.6607564695168386,2.0651351723419142,3.8817317711058896,-1.8165965987639756,1.6932403833027632,3.741431097250114,-2.048190713947351,1.2569301167605906,3.579861065045553,-2.3229309482849625,0.8079888188886386,3.416278829960895,-2.608290011072256,0.3750970343159521,3.2584105796664486,-2.883313545350497,-0.0279198397300506,3.109089104204532,-3.1370089439345827,-0.3958201614014944,2.969053268527544,-3.3648734299290384,4.2,2.5054437331476294,2012-03-30,3.08897374427443,2.11851251931931,5.21445526816734,1.1110262557255703,2.08148748068069
2012-08-01,False,2012-06-20,table2_compilation,19.0,2.2,2.110526315789474,0.3736656778206468,0.3999999999999999,,,,,,,,,2012-07-31,0.4621729509805838,2.462172950980584,0.4614964376673067,,1.7378270490194163,0.6500863551574948,-0.4829024749008315,1.1329888300583262,1.6249265354394138,-0.6355941677949728,2.260520703234387,2.670351882142485,-0.5777241913909603,3.2480760735334457,3.545825285694443,-0.4789043680360927,4.024729653730535,4.23673012908271,-0.3831079078803201,4.619838036963031,4.778421024030832,-0.3014704484578412,5.079891472488674,5.207819495735011,-0.2350947289888383,5.442914224723849,5.5536156308352735,-0.1821404430579098,5.735756073893183,5.836484403071296,-0.1401857084292634,5.976670111500559,6.071124276015194,-0.1069873089799555,6.17811158499515,1.2698036453043238,1.9679628432491716,-0.6981591979448476,1.311965069942314,2.204545047920919,-0.8925799779786053,1.3220310698844329,2.242724254916495,-0.920693185032062,1.2168654951875968,2.1924600012804274,-0.9755945060928306,1.0294902961995869,2.109077689533112,-1.0795873933335254,0.8020384350726495,2.0160198377973337,-1.2139814027246842,0.5638476863390807,1.9229038603641333,-1.3590561740250529,0.3317897610464859,1.8335281614471064,-1.501738400400621,0.1143297964634859,1.7492269642092495,-1.6348971677457635,-0.0850525215805309,1.6702882596271618,-1.7553407812076929,4.2,2.462172950980584,2012-06-29,3.15170286974135,1.92429018901582,5.239806117899793,1.0482971302586503,2.2757098109841802
2012-09-13,True,2012-06-20,table2_compilation,19.0,2.2,2.110526315789474,0.3736656778206468,0.3999999999999999,2012-09-13,2.0,-0.2000000000000001,,,,,,2012-09-12,0.4061248160997692,2.406124816099769,1.02034882444108,,1.793875183900231,0.0659573635185956,-1.5972199772208706,1.663177340739466,-0.6793819437773962,-1.7785556758415089,1.0991737320641126,-2.124379269483984,-1.9721875360669492,-0.1521917334170341,-3.1709812955624974,-2.0603112983460345,-1.1106699972164624,-3.740816545860615,-2.081041262869177,-1.659775282991438,-3.967269301743781,-2.063780428351869,-1.903488873391912,-3.9822779519403273,-2.025294850794479,-1.9569831011458485,-3.878343082904445,-1.975015732910768,-1.9033273499936776,-3.713373303513468,-1.91841642595465,-1.7949568775588176,-3.521720025658581,-1.8587871611033255,-1.6629328645552557,0.3234063108750046,-5.343913070432402,5.667319381307406,0.8776538726405075,-7.110372894170852,7.98802676681136,1.4438041158548742,-7.598644812509548,9.042448928364422,2.509924161143984,-7.532343719596901,10.042267880740884,3.926949063044416,-7.25680092021247,11.183749983256885,5.488587616651608,-6.915411458750754,12.40399907540236,7.051828478292155,-6.565947803394112,13.617776281686266,8.536953038464778,-6.230721741489065,14.767674779953843,9.906849880134816,-5.917314808174301,15.824164688309118,11.149356909698938,-5.62722608994255,16.776582999641487,4.2,2.4061248160997692,2012-06-29,3.15170286974135,1.92429018901582,5.239806117899793,1.0482971302586503,2.2757098109841802
2012-10-24,False,2012-09-13,table2_compilation,19.0,2.0,2.071052631578948,0.3700340629674958,0.2999999999999998,,,,,,,,,2012-10-23,0.4535500965166967,2.4535500965166968,0.886046969310887,,1.5464499034833032,0.2752395365051424,-0.6839755062088698,0.9592150427140124,-0.7733831489079024,-1.962452749478466,1.1890696005705637,-1.1512330603226872,-2.4554307124613484,1.3041976521386611,-1.0736545067827064,-2.6096658654074845,1.536011358624778,-0.7460974042249324,-2.6184968267737307,1.8723994225487983,-0.3047225191205038,-2.564405962221284,2.2596834431007795,0.1717164472661236,-2.483708152988417,2.655424600254541,0.6413317200589796,-2.392974073713239,3.0343057937722184,1.083722895460015,-2.2999818770697456,3.383704772529761,1.490390481613546,-2.208430488950963,3.698820970564509,-1.5081685497252837,-3.251431516518716,1.7432629667934323,1.187627454698814,-2.275917061543492,3.4635445162423064,3.1702350053863797,-1.638505233891907,4.808740239278286,4.531425662363386,-1.213158042149698,5.744583704513085,5.455811055097293,-0.9172967912222664,6.373107846319559,6.09229178992412,-0.7044029968739096,6.79669478679803,6.541322246800507,-0.5472137593219406,7.088536006122448,6.866986314345236,-0.4288211607988312,7.295807475144067,7.109693731300504,-0.3382179612285263,7.44791169252903,7.295149813789603,-0.2679623717636747,7.563112185553278,4.0,2.4535500965166968,2012-09-28,3.13761945907104,1.89711865783386,5.229088484692295,0.8623805409289602,2.10288134216614
2012-12-12,True,2012-09-13,table2_compilation,19.0,2.0,2.071052631578948,0.3700340629674958,0.2999999999999998,2012-12-12,2.0,0.0,,,,,,2012-12-11,0.4322198548448952,2.4322198548448952,0.7413298751268953,,1.5677801451551048,-0.2423063445951973,-2.307907426435385,2.0656010818401875,0.0199341184383555,-3.225601528954253,3.245535647392608,0.627248081972176,-3.449095046212103,4.076343128184279,1.4162026910261694,-3.4056775223299085,4.821880213356078,2.259745495986343,-3.2673433394795337,5.527088835465877,3.0835027079667565,-3.101774274039637,6.1852769820063935,3.8508335324927145,-2.935264389051317,6.786097921544032,4.547422429794978,-2.7774919717120428,7.324914401507021,5.170915047079538,-2.6314056198589064,7.802320666938445,5.724833545000374,-2.497263497016333,8.222097042016706,-0.0958602224374743,-1.8712296592900133,1.775369436852539,1.2573799230410077,-2.3303281066752057,3.5877080297162136,2.945435464733559,-2.28181132610204,5.227246790835599,4.444715461536236,-2.1039254003746954,6.548640861910932,5.674544237003032,-1.9068876596635145,7.581431896666546,6.66783763940434,-1.7244090746823535,8.392246714086692,7.474204345314628,-1.5648251180722994,9.039029463386928,8.136217831326075,-1.4279345033883173,9.564152334714391,8.686309250342216,-1.310967315580713,9.997276565922933,9.14849566131226,-1.210717445341003,10.359213106653264,4.0,2.4322198548448952,2012-09-28,3.13761945907104,1.89711865783386,5.229088484692295,0.8623805409289602,2.10288134216614
2013-01-30,False,2012-12-12,table2_compilation,19.0,2.0,2.0473684210526315,0.3632722931944715,0.375,,,,2.0,4.0,2.0,0.0,assumed,2013-01-29,0.4058226617648159,2.405822661764816,1.3874121480365655,0.0,1.594177338235184,-2.1332958283986487,-2.7620926249464355,0.628796796547787,-1.9873086424815332,-2.860499465287547,0.8731908228060137,-1.8354995977100883,-2.808090265193075,0.9725906674829864,-1.6228540831522698,-2.6958338961271364,1.0729798129748669,-1.371609418718278,-2.56668706480212,1.195077646083842,-1.1091266055712756,-2.4376986398251588,1.3285720342538831,-0.8535990338706112,-2.3150862383518933,1.461487204481282,-0.6146544728791836,-2.200715799665276,1.5860613267860924,-0.3963084717138798,-2.094744902387502,1.6984364306736222,-0.1993711346406357,-1.996699848251016,1.79732871361038,-1.8752633684692568,-1.7181975367891456,-0.1570658316801115,-2.431752145550176,-2.328425455157407,-0.1033266903927687,-2.3809549276989306,-2.4921646167532394,0.111209689054309,-2.129231540206955,-2.4905758527813515,0.3613443125743965,-1.8272314275755157,-2.425027701714988,0.5977962741394727,-1.529911060342748,-2.335754910403387,0.8058438500606391,-1.2560692169886645,-2.239551275036677,0.983482058048013,-1.0106176706959458,-2.14360316292912,1.132985492233174,-0.793148219253692,-2.050964202320138,1.257815983066446,-0.6013296680243752,-1.96284467721386,1.3615150091894843,4.0,2.405822661764816,2012-12-31,2.98643535257049,1.89428187706418,5.154028407574838,1.0135646474295101,2.10571812293582
2013-03-20,True,2012-12-12,table2_compilation,19.0,2.0,2.0473684210526315,0.3632722931944715,0.375,2013-03-20,2.0,0.0,2.0,4.0,2.0,0.25,assumed,2013-03-19,0.3794540657374696,2.3794540657374696,1.312178047626925,0.0,1.6205459342625304,0.1588781357748231,-1.204245756444497,1.36312389221932,0.5574557292694488,-1.8039179474867857,2.3613736767562346,1.2454496027367037,-1.927462899230703,3.1729125019674065,1.9822521629553336,-1.8842799391011853,3.866532102056519,2.6791217500175546,-1.7870433459668544,4.466165095984409,3.307496117334608,-1.6777910834888776,4.985287200823485,3.8625116706099583,-1.5718682718173893,5.434379942427348,4.348346800648328,-1.4742849928075952,5.822631793455924,4.772215718265516,-1.3860524163756829,6.158268134641198,5.141893372095918,-1.3067025121910714,6.4485958842869895,-0.5831429350239281,-1.1203959224247857,0.5372529874008575,0.7759350640273305,-0.3909407056327391,1.1668757696600696,1.6337832449578316,-0.0100308874477039,1.6438141324055355,2.129896032025336,0.1979509535930013,1.9319450784323344,2.39844944641332,0.3169614012274446,2.0814880451858757,2.5318772896098185,0.3869137557368507,2.144963533872968,2.5873428030283474,0.4279991048589115,2.159343698169436,2.598734705868133,0.4511824574250589,2.1475522484430742,2.5858221533797687,0.4628199923253584,2.1230021610544103,2.560075555334551,0.4668047834474054,2.0932707718871457,4.0,2.3794540657374696,2012-12-31,2.98643535257049,1.89428187706418,5.154028407574838,1.0135646474295101,2.10571812293582
2013-05-01,False,2013-03-20,table2_compilation,19.0,2.0,2.0210526315789474,0.3313909241339267,0.2749999999999999,,,,,,,,,2013-04-30,0.4108295448501184,2.4108295448501185,0.8671230466351356,,1.5891704551498815,0.3141067992233626,1.9065485375826392,-1.5924417383592764,-0.474085790285253,2.134709316852987,-2.60879510713824,-1.2112012022252872,2.101646922286249,-3.312848124511536,-1.899339711978476,1.9830206653709936,-3.8823603773494697,-2.527366128572905,1.8459198231503549,-4.37328595172326,-3.0896046880160566,1.713940608697817,-4.803545296713874,-3.5866828314237376,1.594202105052267,-5.180884936476005,-4.023056279310189,1.48775832471999,-5.510814604030179,-4.40487796923561,1.393589506445836,-5.798467475681446,-4.738694824288614,1.3101221533756036,-6.0488169776642176,-0.5303244949815544,0.886984955909137,-1.4173094508906914,-1.09683181828836,1.2009733333200046,-2.297805151608365,-1.6612582010433474,1.244431378103572,-2.9056895791469195,-2.213416633375859,1.1919667268253664,-3.405383360201225,-2.7324836820100677,1.11174407997211,-3.8442277619821774,-3.205894618434713,1.0289129884767156,-4.234807606911428,-3.6294669590338113,0.9520315335164063,-4.581498492550217,-4.004252168241851,0.8833356965298078,-4.887587864771659,-4.333933837406367,0.8227361041150738,-5.156669941521441,-4.623220409078854,0.7693820120994177,-5.392602421178272,4.0,2.4108295448501185,2013-03-28,2.88445178143071,1.87743220486559,5.039548315538046,1.1155482185692902,2.12256779513441
2013-06-19,True,2013-03-20,table2_compilation,19.0,2.0,2.0210526315789474,0.3313909241339267,0.2749999999999999,2013-06-19,2.0,0.0,2.0,4.0,2.0,0.25,assumed,2013-06-18,0.4106072954812543,2.4106072954812543,1.6735792344534437,0.0,1.5893927045187457,-0.3224068219227771,7.7492489273586065,-8.071655749281383,3.9459562950094176,9.511907139489878,-5.565950844480461,10.446859939941175,10.748701874210935,-0.3018419342697587,14.808463715647868,11.25437206577304,3.55409164987483,16.92988957233532,11.34766677687299,5.582222795462332,17.506208070258445,11.223681421253373,6.282526649005071,17.164088868189054,10.985287354340969,6.178801513848087,16.32884835463986,10.687269345859772,5.641579008780084,15.261033257189991,10.359932375115166,4.901100882074827,14.111895685260832,10.020696328716872,4.091199356543962,-0.9136446334662846,4.890880593512101,-5.804525226978385,6.367692480234028,7.714629899547437,-1.3469374193134098,14.939790628944928,9.61326874477318,5.326521884171748,20.69621491170126,10.548415789147509,10.147799122553751,23.768331244994776,10.932368233218526,12.835963011776252,25.009595360089754,11.011162628367376,13.998432731722376,25.146921591747606,10.9171547862301,14.229766805517508,24.66792917518825,10.723293239249545,13.94463593593871,23.872164039106902,10.471648676510824,13.400515362596078,22.935777112202786,10.187557892175958,12.748219220026824,4.0,2.4106072954812543,2013-03-28,2.88445178143071,1.87743220486559,5.039548315538046,1.1155482185692902,2.12256779513441
2013-07-31,False,2013-06-19,table2_compilation,19.0,2.0,2.0210526315789474,0.3313909241339267,0.2749999999999999,,,,2.0,4.0,2.0,0.5,assumed,2013-07-30,0.426007055105515,2.426007055105515,2.2795046435366952,0.0,1.573992944894485,0.4125089138994064,1.3679845614396335,-0.9554756475402272,0.1880949483420269,1.6571803461230132,-1.4690853977809866,-0.104124115971238,1.7028015112631023,-1.8069256272343404,-0.448853510156133,1.6547431312177063,-2.1035966413738394,-0.8092124786482913,1.5757015445309608,-2.384914023179252,-1.159041571285102,1.490146126801695,-2.6491876980867968,-1.4844513121798908,1.4072348502435994,-2.8916861624235013,-1.7798351006978574,1.3300363016106154,-3.109871402308473,-2.044296621513153,1.2592152899926212,-3.3035119115057743,-2.279330706822291,1.1945250889568548,-3.473855795779146,0.7915301209461545,2.211074101551372,-1.4195439806052177,2.3813818462438405,1.3826285153662603,0.9987533308775776,5.8129864673372005,1.4179927289376115,4.394993738399588,8.661679815955225,1.5565283715836264,7.105151444371605,10.629159217214635,1.676528464507665,8.95263075270697,11.900248050263396,1.7593321832564346,10.140915867006973,12.697638585319648,1.8077855220008043,10.889853063318844,13.189323945560982,1.828848603649602,11.36047534191138,13.487211114795272,1.829275546856857,11.657935567938416,13.662646907890386,1.81462937010346,11.848017537786928,4.0,2.426007055105515,2013-06-28,2.87491660573514,2.02797773767855,4.835718612457476,1.12508339426486,1.9720222623214498
2013-09-18,True,2013-06-19,table2_compilation,19.0,2.0,2.0210526315789474,0.3313909241339267,0.2749999999999999,2013-09-18,2.0,0.0,2.0,4.0,2.0,0.5,assumed,2013-09-17,0.5022314183559491,2.502231418355949,2.3711855360713177,0.0,1.497768581644051,-1.1983483371894033,-9.084796508907823,7.886448171718421,-5.456408530708706,-10.4214464047004,4.965037873991696,-12.282272470293677,-11.499862879666054,-0.7824095906276196,-16.985389770805348,-11.934104354225722,-5.051285416579631,-19.392264907454493,-11.988227121218886,-7.404037786235607,-20.194261816139196,-11.83759271439272,-8.356669101746483,-20.02938298020776,-11.57747412811283,-8.451908852094924,-19.334734482068505,-11.25969093335224,-8.075043548716266,-18.380097941513405,-10.913432284858128,-7.46666565665528,-17.323439364066218,-10.5557496616286,-6.767689702437618,-0.5897982381288663,-5.28047202353929,4.690673785410423,-4.876945215630258,-7.742360161435077,2.865414945804823,-9.499487272606844,-9.04681144292809,-0.4526758296787503,-12.278623052377192,-9.553065800646175,-2.7255572517310256,-13.423734321658776,-9.651948995973658,-3.7717853256851175,-13.50479605774746,-9.546439526368268,-3.958356531379215,-12.980728469724845,-9.33731665471923,-3.643411815005604,-12.15010347904868,-9.076195757027184,-3.073907722021496,-11.190931974072749,-8.790702989115552,-2.400228984957198,-10.203931103174124,-8.496236942587165,-1.7076941605869589,4.0,2.502231418355949,2013-06-28,2.87491660573514,2.02797773767855,4.835718612457476,1.12508339426486,1.9720222623214498
2013-10-30,False,2013-09-18,table2_compilation,17.0,2.0,1.9411764705882355,0.2761261935066726,0.0,,,,,,,,,2013-10-29,0.4083136567036245,2.4083136567036245,2.195058430788057,,1.5916863432963757,-0.6084242705572951,0.239866942968181,-0.8482912135254761,-0.4328707404226861,-0.0517240754013131,-0.3811466650213757,0.413152697423258,-0.058413026991036,0.4715657244142912,1.1438025366807714,-0.0218904381411144,1.1656929748218858,1.6441169377165332,0.0164988732457294,1.6276180644708038,1.9569162255488104,0.0484681306069156,1.9084480949418947,2.142120726207497,0.0731527309265955,2.0689679952808904,2.246038811594575,0.0914914064290783,2.1545474051654967,2.2996301631311056,0.104728442856361,2.1949017202747445,2.3225271334157416,0.1139972893871021,2.2085298440286394,-1.102490818741808,-0.4871514026220935,-0.6153394161197145,-0.9829396969215254,-1.3181595346780512,0.335219837756523,0.3500750124462382,-1.4516641289868015,1.80173914143304,1.6370055628813662,-1.405664927959166,3.0426704908405378,2.6349731451544844,-1.311563425763218,3.9465365709177034,3.3662548388615487,-1.2106447074004767,4.576899546262025,3.8987619991058375,-1.116217878893866,5.014979877999704,4.291735810126252,-1.0318563731562147,5.323592183282466,4.587798590281578,-0.9576775218762767,5.545476112157854,4.815889782941785,-0.8926653304922594,5.708555113434044,4.0,2.4083136567036245,2013-09-30,2.86233812378642,2.04066755056136,4.68258194455265,1.13766187621358,1.95933244943864
2013-12-18,True,2013-09-18,table2_compilation,17.0,2.0,1.9411764705882355,0.2761261935066726,0.0,2013-12-18,2.0,0.0,,,,,,2013-12-17,0.3986825135254612,2.398682513525461,2.736958914570595,,1.6013174864745388,-0.4994489347623365,1.884607087793075,-2.3840560225554115,-1.641407501990555,-0.033320964123451,-1.608086537867104,-0.2446168102210322,-0.5935596299202123,0.3489428196991828,1.3285772667714246,-0.7594294566026782,2.088006723374103,2.56413169819858,-0.7866162090142126,3.350747907212792,3.447111100587485,-0.7629465693832271,4.210057669970713,4.062774205175401,-0.7220485781598174,4.78482278333523,4.493173022532382,-0.677320395526182,5.170493418058553,4.798450937661025,-0.6340282796275076,5.432479217288533,5.019232571582144,-0.5940459954141275,5.613278566996272,-1.7193142627514035,3.18373742909793,-4.903051691849333,1.3143049491950998,4.329729580153375,-3.0154246309582744,5.909455290721377,5.21510483277208,0.6943504579492998,9.093577329815638,5.646338335915313,3.4472389939003145,10.768773316925229,5.8090286521325085,4.959744664792698,11.38809542857997,5.823185250344687,5.564910178235283,11.367657740740713,5.754198061302473,5.6134596794382485,10.992669074324413,5.638033205031679,5.354635869292723,10.439585249475147,5.495284007753543,4.944301241721605,9.812176531228722,5.338238256480676,4.473938274748046,4.0,2.3986825135254612,2013-09-30,2.86233812378642,2.04066755056136,4.68258194455265,1.13766187621358,1.95933244943864
2014-01-29,False,2013-12-18,table2_compilation,17.0,2.0,1.894117647058824,0.2513974781924482,0.25,,,,,,,,,2014-01-28,0.5147653365153282,2.514765336515328,2.2157140705434504,,1.4852346634846718,-0.5203054833455983,0.0919279483890117,-0.6122334317346101,-1.8734836183802173,0.209404887951542,-2.0828885063317597,-3.5719382209467576,0.0720460583106263,-3.643984279257384,-4.937228497380319,-0.0759291535686101,-4.861299343811709,-5.922989456665295,-0.1967347549318709,-5.726254701733424,-6.616784775562379,-0.2878720104621868,-6.328912765100192,-7.10769144494261,-0.3539599741002375,-6.753731470842372,-7.461367085537152,-0.4004113201590886,-7.060955765378063,-7.721990498058773,-0.4319134040943195,-7.290077093964453,-7.918521080394925,-0.4521840631302343,-7.46633701726469,0.5817148109921177,4.716169837104268,-4.13445502611215,-1.994781136548457,3.389571895605972,-5.384353032154429,-2.691568329179961,2.765480811511756,-5.4570491406917165,-3.012730526747509,2.3675405520932835,-5.380271078840792,-3.3198368509032017,2.0812781692187143,-5.401115020121916,-3.6651320012071498,1.8624083919513423,-5.527540393158481,-4.031605522118964,1.6885334868048218,-5.720139008923786,-4.396573544108495,1.546529651810724,-5.943103195919219,-4.744641718731968,1.4280180747733962,-6.172659793505364,-5.0677094174716775,1.3273489521559825,-6.39505836962766,4.0,2.514765336515328,2013-12-31,2.84200565408487,2.14558441637568,4.471630976992137,1.1579943459151298,1.85441558362432
2014-03-19,True,2013-12-18,table2_compilation,17.0,2.0,1.894117647058824,0.2513974781924482,0.25,2014-03-19,2.0,0.0,,,,,,2014-03-18,0.5608257629520157,2.560825762952016,1.9062727632776597,,1.4391742370479843,2.8733428145411715,8.380553858721715,-5.507211044180544,10.572729910771278,14.329059598672885,-3.756329687901605,15.97043863475015,16.91204817851154,-0.9416095437613904,18.272808876138647,17.78106460986605,0.4917442662725979,18.40328824465825,17.85450571555819,0.5487825291000559,17.283166277014452,17.556902292170896,-0.2737360151564449,15.54019523043988,17.08620565025585,-1.5460104198159683,13.550459803539638,16.538396278805088,-2.987936475265452,11.523797112456124,15.961971417492492,-4.438174305036369,9.570068119457709,15.382275650016153,-5.812207530558444,0.5321317170441792,4.890788550543645,-4.358656833499467,8.520657270104092,10.727990053963426,-2.207332783859334,14.185723278728746,13.37832285657564,0.8074004221531039,16.827960104242567,14.392941513309488,2.43501859093308,17.341461780431654,14.634109026588348,2.707352753843306,16.61174397233216,14.503560787178571,2.1081831851535893,15.243441013135415,14.19099409198228,1.0524469211531384,13.600924363201283,13.790019955469202,-0.1890955922679182,11.889634826073303,13.349057676014665,-1.4594228499413608,10.21913098540974,12.894198563727487,-2.675067578317747,4.0,2.5608257629520157,2013-12-31,2.84200565408487,2.14558441637568,4.471630976992137,1.1579943459151298,1.85441558362432
2014-04-30,False,2014-03-19,table2_compilation,16.0,2.0,1.884375,0.2590359229431315,0.3125,,,,,,,,,2014-04-29,0.7124453769156212,2.712445376915621,1.4278011203083023,,1.2875546230843788,-0.6987932383895751,-2.045521699963193,1.346728461573618,-2.4709469087944025,-3.169446943302873,0.6985000345084702,-3.909853344099168,-3.702647760706612,-0.2072055833925556,-4.642881414512745,-3.893341019764185,-0.7495403947485602,-4.844654940376403,-3.917795253805978,-0.9268596865704248,-4.725521559912815,-3.8618668441884103,-0.8636547157244046,-4.435878926335324,-3.766822075586096,-0.6690568507492278,-4.068450453078087,-3.6532322248172377,-0.4152182282608496,-3.676435457056604,-3.531808822147431,-0.1446266349091729,-3.288762091151831,-3.408345996807016,0.119583905655185,-0.7789627691286161,-0.9935412848260272,0.2145785156974111,-3.249751435100351,-1.8295835998134724,-1.4201678352868785,-5.5262387486576525,-2.3661862516273,-3.1600524970303523,-7.022248419260579,-2.643643662142703,-4.378604757117877,-7.872287804360667,-2.7720378179627136,-5.100249986397953,-8.294763444550313,-2.8155019924814173,-5.479261452068895,-8.457785903206139,-2.8090933185521028,-5.648692584654036,-8.470909747956146,-2.7726504272383323,-5.698259320717813,-8.40113116577137,-2.7179517997065084,-5.683179366064861,-8.288255173723647,-2.6522967660576047,-5.635958407666042,4.0,2.712445376915621,2014-03-31,2.80147161238275,2.0290317893244,4.335030562590716,1.19852838761725,1.9709682106756001
2014-06-18,True,2014-03-19,table2_compilation,16.0,2.0,1.884375,0.2590359229431315,0.3125,2014-06-18,1.75,-0.25,,,,,,2014-06-17,0.7587070219506007,2.7587070219506007,1.2038137729797975,,1.2412929780493993,0.5206773646239393,-0.4340395921018092,0.9547169567257484,-1.1920809859870818,-1.1554118993024831,-0.0366690866845986,-3.0331349003215324,-1.61702374170819,-1.4161111586133424,-4.255714039569436,-1.854605160797884,-2.401108878771552,-4.914851434925871,-1.9659289505914448,-2.9489224843344264,-5.193637603214185,-2.006983559608755,-3.1866540436054303,-5.243309065239732,-2.0076611948928624,-3.2356478703468694,-5.164412488524972,-1.9844534286903803,-3.179959059834592,-5.018556188269985,-1.946916209398375,-3.0716399788716098,-4.841999543539677,-1.9008455290147497,-2.941154014524927,0.4646954463862623,-2.5917035057160254,3.056398952102288,-2.5682952714926213,-5.192670466701155,2.624375195208533,-4.816102739356365,-6.345447207862653,1.5293444685062885,-5.765452107535163,-6.754725864032352,0.9892737564971888,-5.774113970204375,-6.818889578238729,1.044775608034354,-5.2359997959488425,-6.722193827123313,1.4861940311744704,-4.425919126022038,-6.550277368883672,2.1243582428616348,-3.509993772228892,-6.344456913893781,2.834463141664889,-2.5811874026199444,-6.125486707745842,3.544299305125897,-1.6881144442864038,-5.904148381744356,4.2160339374579525,4.0,2.7587070219506007,2014-03-31,2.80147161238275,2.0290317893244,4.335030562590716,1.19852838761725,1.9709682106756001
2014-07-30,False,2014-06-18,table2_compilation,16.0,1.75,1.778125,0.2651466280664342,0.2374999999999998,,,,,,,,,2014-07-29,0.8376260488224041,2.837626048822404,0.6539231798030647,,0.912373951177596,2.8004605965535614,3.801248284853593,-1.000787688300031,2.616121380726799,2.0583504452988843,0.5577709354279148,4.387287567401232,1.5380048680736391,2.8492826993275933,6.145298132272448,1.3579427373198394,4.787355394952608,7.5052709457897215,1.290261153779282,6.21500979201044,8.490366793550708,1.259721682224613,7.230645111326095,9.196085876621751,1.239331460464932,7.956754416156819,9.706981599560203,1.2195030590279377,8.487478540532267,10.083926059298951,1.1972705600992173,8.886655499199737,10.368074956960928,1.1721849302553933,9.195890026705534,-0.0171738871656418,0.1600418509520307,-0.1772157381176697,0.2354925130955476,-1.6193265479693577,1.854819061064905,2.757081866830169,-2.003615384866997,4.760697251697166,5.2539277412482654,-1.991858522670742,7.245786263919007,7.247960805428444,-1.8616805403622203,9.109641345790664,8.757623467729392,-1.7055245895644775,10.46314805729387,9.895522263070378,-1.5550725880756566,11.450594851146034,10.764893023970146,-1.4200387357717004,12.184931759741849,11.442090495306578,-1.3020158510455682,12.744106346352147,11.980219920051384,-1.199737866808115,13.179957786859497,3.75,2.837626048822404,2014-06-30,2.78729818166003,1.95924047379602,4.238869774916779,0.96270181833997,1.79075952620398
2014-09-17,True,2014-06-18,table2_compilation,16.0,1.75,1.778125,0.2651466280664342,0.2374999999999998,2014-09-17,1.75,0.0,1.5,3.5,2.0,0.5,assumed,2014-09-16,0.8353272174459185,2.8353272174459185,0.8691287884645522,0.25,0.9146727825540816,2.041650065958897,2.5550467380003994,-0.5133966720415051,3.202719161528378,3.4770703033960126,-0.2743511418676347,3.723735027080077,3.810552250432064,-0.086817223351987,3.7890982787731176,3.871811377783097,-0.0827130990099789,3.5990467850580687,3.81435326613182,-0.2153064810737515,3.285684043466208,3.705927037817069,-0.4202429943508612,2.925506774361297,3.576988254900182,-0.6514814805388847,2.559768265918993,3.441684572654302,-0.8819163067353086,2.2092657073793376,3.306765349797236,-1.0974996424178984,1.883425195653388,3.1754790937965627,-1.292053898143175,1.7532994899779886,4.04627384096835,-2.292974350990362,4.385899850536457,6.162882764583555,-1.7769829140470983,6.3125416881100405,7.0517294860863,-0.7391877979762596,7.119949916350787,7.316163875880077,-0.19621395952929,7.120135363901214,7.293886549252604,-0.1737511853513895,6.651992716805566,7.140581178641425,-0.4885884618358593,5.951295391697586,6.928350734210098,-0.9770553425125116,5.160395216557934,6.691790666734199,-1.531395450176265,4.358887271677547,6.448121877416413,-2.089234605738865,3.5883579609174987,6.20615629478154,-2.617798333864041,3.75,2.8353272174459185,2014-06-30,2.78729818166003,1.95924047379602,4.238869774916779,0.96270181833997,1.79075952620398
2014-10-29,False,2014-09-17,table2_compilation,17.0,1.75,1.798529411764706,0.2629681523206719,0.25,,,,1.5,3.5,2.0,0.5,assumed,2014-10-28,0.7795788379948014,2.779578837994801,0.6382969024175473,0.25,0.9704211620051986,1.9950269339114035,3.887654937310137,-1.892628003398733,6.7832939490391375,8.09544122474658,-1.3121472757074426,8.988432853214068,9.781909388063603,-0.7934765348495354,9.404639123446668,10.329871367464882,-0.9252322440182148,8.810313772441457,10.37220403238326,-1.5618902599418003,7.718705628601463,10.186331077618416,-2.4676254490169525,6.428713753909587,9.897826364596929,-3.4691126106873416,5.102840153849808,9.56601909513175,-4.463178941281942,3.8240455985405486,9.220060351500026,-5.396014752959477,2.630851610478979,8.874691650480449,-6.243840040001469,2.2608177361758965,4.125766898689376,-1.8649491625134795,5.446677239389142,7.147191376324291,-1.7005141369351495,6.8412157267866425,8.306012818710684,-1.4647970919240416,6.959144933459038,8.62913501362459,-1.669990080165551,6.355284286571727,8.587478424539153,-2.232194137967425,5.4031998973357975,8.386176824459568,-2.9829769271237705,4.32157010300207,8.117013769942115,-3.795443666940046,3.2288622206283257,7.822602835049652,-4.593740614421327,2.184766171952335,7.523360142588231,-5.3385939706358965,1.2161269395838392,7.229237743267625,-6.0131108036837855,3.75,2.7795788379948014,2014-09-30,2.78104810964782,1.97301200013849,4.143136057319618,0.9689518903521801,1.77698799986151
2014-12-17,True,2014-09-17,table2_compilation,17.0,1.75,1.798529411764706,0.2629681523206719,0.25,2014-12-17,1.75,0.0,1.5,3.5,2.0,0.5,assumed,2014-12-16,0.9366455883393988,2.936645588339399,-0.2132714366061501,0.25,0.8133544116606011,0.9757740211163712,-1.7045676934031362,2.6803417145195074,5.041779423777193,0.7506998466644266,4.291079577112766,6.995102959582944,1.8476851828792773,5.147417776703667,7.914484059513138,2.3710146110900165,5.543469448423122,8.307697509593304,2.6216276327551524,5.686069876838151,8.429679074788666,2.731281947571107,5.698397127217558,8.412294398147724,2.763207466170825,5.649086931976899,8.325219760947444,2.7502197494178926,5.575000011529552,8.205812666268297,2.7105349298988117,5.495277736369486,8.07422160383977,2.6548452283147395,5.419376375525031,1.626801554218471,-3.1466932199644027,4.773494774182874,7.696969522151409,-0.2471474254388317,7.94411694759024,11.170849069739996,1.1822542596668262,9.98859481007317,13.210943432623212,1.9507120437382448,11.260231388884968,14.433105450516504,2.381364811976039,12.051740638540466,15.18024596069225,2.6232714243689337,12.556974536323317,15.645698821976309,2.7524475740025256,12.89325124797378,15.94018912264148,2.811000793334584,13.129188329306896,16.12842028836208,2.823875829074129,13.304544459287948,16.249066632679376,2.8066481038480973,13.44241852883128,3.75,2.936645588339399,2014-09-30,2.78104810964782,1.97301200013849,4.143136057319618,0.9689518903521801,1.77698799986151
2015-01-28,False,2014-12-17,table2_compilation,17.0,1.75,1.7794117647058822,0.255560988190923,0.25,,,,1.5,3.5,2.0,0.5,assumed,2015-01-27,0.8929723869534385,2.8929723869534385,-0.3997858290664766,0.25,0.8570276130465615,-2.2520948872009616,-2.803720738586568,0.5516258513856065,-4.2530972096193445,-3.105670875092892,-1.1474263345264524,-6.548150630710603,-3.4044728508885846,-3.1436777798220183,-8.164010224523043,-3.5504555728915754,-4.6135546516314685,-9.129840571735205,-3.5940219705313803,-5.535818601203824,-9.64322753070046,-3.575907104847209,-6.067320425853251,-9.873756955802882,-3.520833517052946,-6.352923438749936,-9.936574164608537,-3.443655297500592,-6.492918867107944,-9.903721998774271,-3.353553714543045,-6.550168284231228,-9.818730808083645,-3.256372792328221,-6.562358015755421,-4.642283171368625,-8.560330495386715,3.918047324018087,-2.9736522427911027,-6.9242591635184425,3.95060692072734,-3.734372542670095,-6.223666740605527,2.489294197935432,-4.571598269542254,-5.766291507458354,1.1946932379161002,-5.04012828955791,-5.409157412223098,0.3690291226651876,-5.177944220410802,-5.107042490939029,-0.0709017294717728,-5.099355616249857,-4.841047954503774,-0.2583076617460822,-4.898449879437705,-4.601642767434711,-0.2968071120029947,-4.637490666940392,-4.383315620823414,-0.2541750461169778,-4.354110445552606,-4.182526514779417,-0.1715839307731892,3.75,2.8929723869534385,2014-12-31,2.7750275572651,1.86106220359571,4.1006729288601615,0.9749724427349,1.88893779640429
2015-03-18,True,2014-12-17,table2_compilation,17.0,1.75,1.7794117647058822,0.255560988190923,0.25,2015-03-18,1.75,0.0,1.5,3.5,2.0,0.5,assumed,2015-03-17,0.9405862153217016,2.940586215321701,-0.1836182602097404,0.25,0.8094137846782985,-4.950482654232507,-2.7004098869639503,-2.250072767268557,-11.555959136544324,-7.204038936526258,-4.351920200018067,-14.46863937835172,-9.04047766373326,-5.428161714618462,-15.42478691057516,-9.727193436214243,-5.697593474360918,-15.385192519789914,-9.89181874528522,-5.493373774504695,-14.864977514778689,-9.807573963582604,-5.057403551196082,-14.136119107940084,-9.600987425475282,-4.535131682464799,-13.34018019999952,-9.334319507672406,-4.005860692327112,-12.54908868709399,-9.039916472193488,-3.5091722149005022,-11.797604554489991,-8.735351010079784,-3.062253544410209,-1.9075352042995763,-0.4678832558480783,-1.439651948451498,-5.267323110879696,-2.3875929885987968,-2.879730122280899,-7.053345731327232,-3.244625541726043,-3.808720189601189,-7.901118833503262,-3.616118956927816,-4.284999876575446,-8.223378599266184,-3.755513677829669,-4.467864921436515,-8.26261340331591,-3.777337163985073,-4.485276239330838,-8.155737906865856,-3.7367054580069503,-4.419032448858906,-7.978626781889875,-3.661960880310633,-4.316665901579242,-7.772807377873825,-3.568586942435825,-4.204220435438,-7.560649743995906,-3.4654830794037306,-4.095166664592176,3.75,2.9405862153217015,2014-12-31,2.7750275572651,1.86106220359571,4.1006729288601615,0.9749724427349,1.88893779640429
2015-04-29,False,2015-03-18,table2_compilation,17.0,1.75,1.661764705882353,0.2703643575125035,0.25,,,,1.5,3.5,2.0,0.5,assumed,2015-04-28,0.8324028202249636,2.832402820224964,0.0683376135280886,0.25,0.9175971797750364,-0.8718518791797636,-3.681735103978412,2.8098832247986483,0.8731113206214558,-3.467402589613444,4.3405139102349,2.0923537412112503,-3.1952024481661567,5.287556189377407,3.095559571006312,-2.915519209029793,6.011078780036105,3.965186410498922,-2.66024374934104,6.625430159839962,4.727196957665836,-2.437419750054137,7.164616707719973,5.394499324469626,-2.245607520223225,7.640106844692851,5.977584655644375,-2.080581893905431,8.058166549549806,6.486471616960143,-1.9378438963506104,8.424315513310754,6.930663996903741,-1.8134265961994969,8.744090593103238,-0.5157649872675862,-4.189876972566226,3.674111985298639,1.7474024432870272,-3.2600919533668726,5.0074943966539,2.640657331143648,-2.7686222442318664,5.409279575375514,3.216503674721216,-2.420518356511736,5.637022031232952,3.730030864383171,-2.15261377471494,5.882644639098111,4.224557150722674,-1.939127553440545,6.163684704163219,4.695538606473582,-1.7651368830633452,6.460675489536927,5.133642413850525,-1.620730241165802,6.754372655016327,5.533549972726037,-1.498957675214374,7.032507647940411,5.894048745839253,-1.3948122221285386,7.288860967967792,3.75,2.8324028202249636,2015-03-31,2.77382515135303,1.79226792702504,4.100698312781713,0.9761748486469699,1.95773207297496
2015-06-17,True,2015-03-18,table2_compilation,17.0,1.75,1.661764705882353,0.2703643575125035,0.25,2015-06-17,1.75,0.0,1.5,3.5,2.0,0.5,assumed,2015-06-16,0.8708007886226383,2.8708007886226383,0.4495160841001269,0.25,0.8791992113773617,0.3260147117587653,1.4181279973594862,-1.092113285600721,-4.181340471050432,-2.765908502392189,-1.4154319686582428,-5.397774832990776,-4.422315781951602,-0.9754590510391736,-5.236936529092806,-5.067958261416172,-0.1689782676766338,-4.517835374444834,-5.273929269882127,0.7560938954372931,-3.603586508938861,-5.277923241587512,1.6743367326486511,-2.657269488199532,-5.185985960756501,2.528716472556969,-1.7507786912112966,-5.0482928911865566,3.29751419997526,-0.9132624113431298,-4.889811531802724,3.9765491204595937,-0.1535554937414307,-4.723487359783252,4.569931866041821,-2.119483241613679,-1.919646673579156,-0.1998365680345226,-5.005944603431878,-5.517768816959833,0.511824213527956,-4.889632614632267,-6.736682761188351,1.847050146556084,-3.7629367405505487,-7.060733337304903,3.2977965967543543,-2.365337425669578,-7.023108589180316,4.657771163510738,-0.971796067417019,-6.837033921460378,5.865237854043359,0.3201751945440367,-6.593018810813955,6.913194005357992,1.4824939786955316,-6.331029856621884,7.813523835317415,2.5143978815931334,-6.069086172087457,8.58348405368059,3.4254465012709456,-5.815263575894258,9.240710077165204,3.75,2.8708007886226383,2015-03-31,2.77382515135303,1.79226792702504,4.100698312781713,0.9761748486469699,1.95773207297496
2015-07-29,False,2015-06-17,table2_compilation,17.0,1.75,1.6470588235294117,0.2719594413074548,0.25,,,,1.38,3.38,2.0,0.5,assumed,2015-07-28,0.8542624694963052,2.854262469496305,0.365689101643829,0.3700000000000001,0.8957375305036948,0.7548873107494192,-0.3047690582898998,1.059656369039319,1.6117012040131606,-0.0239101039780531,1.6356113079912138,2.054039169443045,0.1200644671029316,1.9339747023401133,2.332747672438717,0.2057137852347956,2.127033887203922,2.5361100355383748,0.2590275152115628,2.277082520326812,2.697333743968411,0.2923069551947987,2.405026788773612,2.830488156376365,0.3124576403141343,2.5180305160622307,2.9426623880073333,0.3237296713463955,2.6189327166609377,3.03815773149414,0.328887251363863,2.709270480130277,3.1199860888603936,0.3297933776763351,2.7901927111840585,3.1286499641863807,4.655746221177215,-1.5270962569908342,3.387520060723559,5.075617987971148,-1.6880979272475891,3.6610703007965206,5.146592387206184,-1.485522086409663,3.6359868862628097,5.038448825427011,-1.4024619391642013,3.374130260971664,4.859033397189583,-1.4849031362179188,2.980450032864334,4.656732747339532,-1.6762827144751968,2.532575912838375,4.452222246322957,-1.9196463334845812,2.077379081346642,4.254110318973181,-2.176731237626539,1.640084164093647,4.065739358285914,-2.4256551941922666,1.2326953443915212,3.888128816941183,-2.655433472549662,3.75,2.8542624694963052,2015-06-30,2.73975698771312,1.93988066382205,4.073136843509909,1.01024301228688,1.81011933617795
2015-09-17,True,2015-06-17,table2_compilation,17.0,1.75,1.6470588235294117,0.2719594413074548,0.25,2015-09-17,1.5,-0.25,1.38,3.38,2.0,0.75,assumed,2015-09-16,0.8526771315002861,2.852677131500286,0.5147532407617659,0.3700000000000001,0.8973228684997139,-7.037800061988136,-2.8036869368874173,-4.234113125100719,-11.706709744752208,-6.213076206399714,-5.493633538352494,-12.586578354968903,-7.394027628181932,-5.192550726786971,-12.285044713677618,-7.754755232078914,-4.530289481598704,-11.666290300256344,-7.769377668583144,-3.8969126316732,-11.01073125019576,-7.628654859211892,-3.382076390983868,-10.403035733383811,-7.417064032573695,-2.9859717008101194,-9.862836864615288,-7.174666465415824,-2.688170399199463,-9.388946951537047,-6.92148540920241,-2.467461542334637,-8.974283130406846,-6.667913244797119,-2.306369885609727,-12.09346422403168,-11.346285951651105,-0.7471782723805775,-13.382956363360144,-10.751050395236206,-2.6319059681239376,-14.985996336809126,-10.38217671175401,-4.603819625055117,-16.129019915989538,-10.018422675676252,-6.110597240313287,-16.80720583209483,-9.647555523293327,-7.159650308801502,-17.157155163400418,-9.27658535701794,-7.880569806382476,-17.300967228997944,-8.911942302795683,-8.38902492620226,-17.32260180402956,-8.55785717142119,-8.764744632608368,-17.274851182486863,-8.216850167259636,-9.058001015227225,-17.189658984174017,-7.890283470904191,-9.299375513269826,3.75,2.852677131500286,2015-06-30,2.73975698771312,1.93988066382205,4.073136843509909,1.01024301228688,1.81011933617795
2015-10-28,False,2015-09-17,table2_compilation,17.0,1.5,1.463235294117647,0.2491334462661384,0.375,,,,1.25,3.25,2.0,0.5,assumed,2015-10-27,0.7977457968029675,2.7977457968029675,0.2823604133050397,0.25,0.7022542031970325,4.547261880764808,3.318808227532477,1.228453653232331,8.511199334581555,6.561041511437271,1.9501578231442829,9.751778753792074,7.7475887240150865,2.0041900297769866,9.75293152237009,8.1026577352606,1.6502737871094908,9.20749063234727,8.099707115320198,1.1077835170270722,8.446311282302442,7.937245234022061,0.5090660482803822,7.6280415755757724,7.703848986095241,-0.0758074105194683,6.827406244470935,7.44120741851273,-0.6138011740417948,6.077545204929757,7.169810336832061,-1.0922651319023036,5.390846430177643,6.900034830295554,-1.5091884001179112,5.291477325864785,3.9298158677312456,1.3616614581335396,10.459216633123546,6.819273032697348,3.639943600426199,13.552409602621918,8.066453679804608,5.485955922817309,15.076569741243674,8.532225185841336,6.544344555402337,15.624150457810249,8.626603923186039,6.9975465346242105,15.618442985788072,8.537655734535686,7.080787251252385,15.3213349896824,8.355604142257222,6.965730847425178,14.8850302449566,8.126310711161434,6.7587195337951655,14.394884784784834,7.874395159642966,6.520489625141868,13.897314891400026,7.613685055439601,6.283629835960425,3.5,2.7977457968029675,2015-09-30,2.74823669677544,1.88122835369075,4.041513512006107,0.7517633032245601,1.61877164630925
2015-12-16,True,2015-09-17,table2_compilation,17.0,1.5,1.463235294117647,0.2491334462661384,0.375,2015-12-16,1.5,0.0,1.25,3.25,2.0,0.5,assumed,2015-12-15,0.9512264930476776,2.951226493047677,0.2404833501355652,0.25,0.5487735069523225,1.4512182099188364,0.3577604288836022,1.0934577810352342,4.3030072240367145,2.644217553743755,1.6587896702929594,5.211361760084365,3.5404839071699667,1.6708778529143986,5.281792414356801,3.87370992392686,1.4080824904299405,4.997435824589491,3.9595800967118233,1.037855727877668,4.575980637157251,3.93082839077894,0.645152246378311,4.117293691233481,3.847352731918319,0.2699409593151625,3.666958230253714,3.737877530309852,-0.0709193000561381,3.24478053918833,3.616915472096816,-0.3721349329084855,2.858094294503566,3.492114030541238,-0.634019736037672,0.6146872437966189,1.8515527243801568,-1.2368654805835375,3.1665791961881684,5.220527081033777,-2.0539478848456083,3.3602369190226744,6.415540690802435,-3.0553037717797604,2.5284063377232435,6.7470080332316495,-4.218601695508406,1.2993683060977146,6.722642394085265,-5.423274087987551,-0.0319513585664399,6.550582606453448,-6.582533965019888,-1.330425380840028,6.320109737944812,-7.65053511878484,-2.538346171315897,6.070881238429893,-8.60922740974579,-3.635595190522478,5.820865734299208,-9.456460924821686,-4.620055151184443,5.578168738144962,-10.198223889329403,3.5,2.9512264930476775,2015-09-30,2.74823669677544,1.88122835369075,4.041513512006107,0.7517633032245601,1.61877164630925
2016-01-27,False,2015-12-16,table2_compilation,17.0,1.5,1.411764705882353,0.2564058202082749,0.25,,,,1.25,3.25,2.0,0.6000000000000001,assumed,2016-01-26,0.8692488320548009,2.869248832054801,0.0839211449715635,0.25,0.6307511679451991,0.0287417898946928,-0.7454383844724521,0.774180174367145,-0.2765067705985613,-1.1084685827639884,0.8319618121654271,-0.5737223431942828,-1.2594492240434183,0.6857268808491357,-0.68649943186887,-1.2986605614945246,0.6121611296256546,-0.6490844711174448,-1.287507783096875,0.6384233119794303,-0.522048373494588,-1.254356031169901,0.7323076576753129,-0.3511809240169139,-1.212091662310821,0.8609107382939074,-0.1649104894051012,-1.1666941682332954,1.0017836788281942,0.0207656602127181,-1.1209997802065883,1.1417654404193067,0.1975695574596425,-1.07636461427556,1.2739341717352026,-1.1249488267468075,-1.963502745447665,0.8385539187008573,-2.223493828055545,-2.878452434435808,0.6549586063802626,-2.966916283718102,-3.24233765831008,0.2754213745919776,-3.2464589167734204,-3.338256137771678,0.0917972209982576,-3.202610617561663,-3.3134939405760067,0.1108833230143435,-2.975341790145225,-3.234713702112435,0.25937191196721,-2.6598303726299566,-3.132443568030574,0.4726131954006174,-2.312783437549837,-3.0211666123854064,0.7083831748355696,-1.9655089344635448,-2.907991531812404,0.9424825973488592,-1.6340800164381442,-2.796486407303433,1.1624063908652893,3.5,2.869248832054801,2015-12-31,2.63092526386786,1.9407733064644,4.003575902606614,0.86907473613214,1.5592266935356
2016-03-16,True,2015-12-16,table2_compilation,17.0,1.5,1.411764705882353,0.2564058202082749,0.25,2016-03-16,1.25,-0.25,1.25,3.25,2.0,0.3799999999999999,assumed,2016-03-15,0.9474731573650494,2.947473157365049,-0.2066625826539219,0.25,0.5525268426349506,-3.755166564321577,-1.95817879176865,-1.796987772552927,-9.36320322140326,-7.124238335603361,-2.238964885799899,-10.511996068726791,-9.027448123596438,-1.4845479451303545,-9.93361334274827,-9.651347289561516,-0.2822660531867527,-8.728754656856408,-9.731994317628056,1.0032396607716487,-7.351127919869627,-9.572314064936194,2.221186145066567,-5.98876621880311,-9.305683275688173,3.3169170568850603,-4.716480943485335,-8.994076222866433,4.277595279381097,-3.559417006822674,-8.66754493151114,5.108127924688466,-2.520704888904479,-8.341097265179087,5.820392376274608,-5.436145555305494,-4.757131401866566,-0.6790141534389282,-10.217849400162082,-8.787512464211034,-1.4303369359510487,-11.805246643545232,-10.265825438778432,-1.5394212047668,-11.813358103273863,-10.6898882875766,-1.1234698156972645,-11.083187104619752,-10.65965569921623,-0.4235314054035211,-10.045932307144367,-10.428644898919792,0.3827125917754248,-8.918978111765853,-10.109906400686652,1.1909282889208006,-7.808762365483557,-9.756382742605684,1.947620377122128,-6.764279496627901,-9.393873976469358,2.629594479841457,-5.804921382051331,-9.035283698558638,3.230362316507307,3.5,2.9474731573650494,2015-12-31,2.63092526386786,1.9407733064644,4.003575902606614,0.86907473613214,1.5592266935356
2016-04-27,False,2016-03-16,table2_compilation,17.0,1.25,1.3088235294117647,0.291161615782696,0.5,,,,1.25,3.25,2.0,0.3500000000000001,assumed,2016-04-26,0.8768227067756484,2.8768227067756484,-0.0813642647270747,0.0,0.3731772932243515,0.8752757555041679,3.117668123882311,-2.2423923683781437,-2.1131436086369693,1.900725511248469,-4.013869119885438,-4.033018878368599,1.1940886206974977,-5.227107499066097,-5.277316313136371,0.7522139087167146,-6.0295302218530855,-6.103878892197723,0.4598216936738009,-6.563700585871524,-6.67085443572768,0.2585790600808213,-6.929433495808501,-7.073141140686179,0.1163441781685925,-7.189485318854771,-7.367905748594539,0.0140346181431771,-7.381940366737716,-7.590207401840798,-0.0603713102649727,-7.529836091575826,-7.762097625724773,-0.1147978897886758,-7.647299735936097,-2.176174758653082,1.506870028469276,-3.683044787122358,-7.38619476110709,-1.5085998508742593,-5.877594910232831,-9.705405485169472,-2.8414333888887144,-6.863972096280757,-10.726711237138131,-3.464646702342966,-7.262064534795165,-11.14003756297517,-3.751416799997687,-7.388620762977482,-11.259363339104356,-3.8649030621816127,-7.394460276922743,-11.234595353522314,-3.8833551272676736,-7.351240226254641,-11.140336259924943,-3.847358853737637,-7.292977406187306,-11.014899539128663,-3.7794208601916734,-7.235478678936991,-10.878323657695365,-3.692728892473784,-7.185594765221581,3.25,2.8768227067756484,2016-03-31,2.67066431060034,1.7926841377089,3.9932257857848117,0.57933568939966,1.4573158622911
2016-06-15,True,2016-03-16,table2_compilation,17.0,1.25,1.3088235294117647,0.291161615782696,0.5,2016-06-15,1.0,-0.25,1.13,3.13,2.0,0.5,assumed,2016-06-14,0.8535142138961689,2.853514213896169,-0.4671506248348809,0.1200000000000001,0.3964857861038311,-3.2705684094111453,-3.9011158858473514,0.6305474764362051,-4.212588890542202,-4.771219530891524,0.5586306403493224,-4.635150622858686,-5.026703493216833,0.3915528703581472,-4.629340040503072,-5.011838805500268,0.3824987649971967,-4.367254409106236,-4.884848538937492,0.5175941298312559,-3.978914769830389,-4.713897311858184,0.7349825420277956,-3.544112159486157,-4.528790243231451,0.984678083745294,-3.1070678083836567,-4.342831378893042,1.235763570509385,-2.6902901341869123,-4.161984584093359,1.4716944499064466,-2.303901937088626,-3.9888306472924295,1.6849287102038035,-2.742846769748719,-2.25517057418454,-0.4876761955641795,-3.508782795995302,-2.368233587464452,-1.14054920853085,-4.129980707693514,-2.406371751193759,-1.723608956499756,-4.531142404899036,-2.388687243108367,-2.1424551617906684,-4.76349930954767,-2.340752015169034,-2.4227472943786355,-4.886076739500922,-2.277112510041768,-2.608964229459154,-4.941857702749353,-2.2057119058846557,-2.7361457968646974,-4.958383492698326,-2.1310260670022174,-2.8273574256961087,-4.952448913490559,-2.055667536282213,-2.896781377208346,-4.93408868221461,-1.981197230223053,-2.952891451991557,3.25,2.853514213896169,2016-03-31,2.67066431060034,1.7926841377089,3.9932257857848117,0.57933568939966,1.4573158622911
2016-07-27,False,2016-06-15,table2_compilation,16.0,1.0,1.140625,0.3057872779809519,0.25,,,,1.0,3.0,2.0,0.6200000000000001,assumed,2016-07-26,0.88865203482613,2.88865203482613,-0.6654168467799151,0.0,0.11134796517387,-2.698650341278963,-3.188357171370615,0.4897068300916518,-2.786568775068754,-2.6886371411891874,-0.0979316338795666,-3.508563316315572,-2.5034295085317515,-1.00513380778382,-4.133742786347194,-2.387503308331973,-1.7462394780152213,-4.552580210847212,-2.292229774166654,-2.2603504366805582,-4.803263838866756,-2.204665264566908,-2.5985985742998485,-4.940415000513498,-2.1210272101793937,-2.8193877903341047,-5.006260362146531,-2.0403138109615693,-2.9659465511849614,-5.028911998181784,-1.9623942398629524,-3.066517758318832,-5.02606390537319,-1.8873738639186843,-3.138690041454506,-3.078296525143298,-3.296749304744495,0.218452779601197,-3.738779026284256,-3.2769611428753453,-0.4618178834089104,-4.596422724429583,-3.272634366495031,-1.3237883579345522,-5.19221116939722,-3.22040769109575,-1.9718034783014704,-5.522490642745304,-3.138396670057153,-2.3840939726881505,-5.667608779022593,-3.0412164046507373,-2.626392374371856,-5.699149155099348,-2.937350165523367,-2.761798989575981,-5.665956417807894,-2.831593754621675,-2.8343626631862184,-5.598373576116944,-2.726695547151836,-2.871678028965108,-5.514433901463001,-2.624246051943313,-2.8901878495196875,3.0,2.88865203482613,2016-06-30,2.65302804783335,1.68698666696105,3.985116643860583,0.3469719521666499,1.31301333303895
2016-09-21,True,2016-06-15,table2_compilation,16.0,1.0,1.140625,0.3057872779809519,0.25,2016-09-21,0.875,-0.125,1.0,3.0,2.0,0.5,assumed,2016-09-20,0.8835800328341961,2.883580032834196,-0.4462153877247545,0.0,0.1164199671658039,-1.1642706366986944,-2.910120410981254,1.7458497742825596,0.9092907190654032,-0.5943145582999243,1.5036052773653277,0.6216253227211976,0.2665424111243597,0.3550829115968379,-0.1706564976854174,0.6207850107330382,-0.7914415084184556,-0.948375115024036,0.7674775662696032,-1.7158526812936392,-1.599202692507462,0.8219002066206516,-2.4211028991281136,-2.12301251421545,0.8331858338249454,-2.9561983480403957,-2.5436133789175086,0.8237256206570898,-3.3673389995745984,-2.884758250057229,0.8042599747975387,-3.689018224854768,-3.1652056741129364,0.780152346489249,-3.9453580206021854,-3.4771402918845618,-5.981416948475237,2.504276656590676,0.2711743376024311,-1.6762282692839303,1.9474026068863612,-0.1090704961359545,-0.0321107376408669,-0.0769597584950876,-1.4517921882276852,0.663715474565052,-2.115507662792737,-2.833789083388538,0.9666699744006468,-3.800459057789185,-4.032047697360053,1.0933883421762491,-5.125436039536302,-5.026401783039747,1.136750419026744,-6.163152202066491,-5.846184197252691,1.1392625658672273,-6.985446763119918,-6.526065613529042,1.1214043685224606,-7.647469982051502,-7.095342553717798,1.0934646362889655,-8.188807190006763,3.0,2.883580032834196,2016-06-30,2.65302804783335,1.68698666696105,3.985116643860583,0.3469719521666499,1.31301333303895
2016-11-02,False,2016-09-21,table2_compilation,16.0,0.875,0.90625,0.329239179776648,0.25,,,,0.75,2.75,2.0,0.5,assumed,2016-11-01,0.8833353637624519,2.883335363762452,-0.2451083453181066,0.125,-0.0083353637624519,-1.4890304022191492,-2.492858906609019,1.0038285043898698,-1.5546920994371385,-2.158189285368173,0.6034971859310345,-2.304907568061409,-2.061045348509638,-0.2438622195517714,-2.9230245051558468,-1.993351284164313,-0.9296732209915336,-3.298742173358682,-1.928026643496672,-1.37071552986201,-3.484717837049756,-1.8618265995255177,-1.6228912375242377,-3.547913640837064,-1.7952596185257574,-1.7526540223113063,-3.538396168023117,-1.7292634322824352,-1.8091327357406817,-3.4886124684484265,-1.6646113547989394,-1.8240011136494871,-3.418362729476332,-1.601845830790083,-1.816516898686249,-0.7403613175066548,-2.3938873628414514,1.6535260453347966,-1.616458006175947,-3.119699332949577,1.50324132677363,-2.5724116377064066,-3.4365785660914305,0.864166928385024,-3.0588729130375025,-3.5129382768475548,0.4540653638100522,-3.138237226660734,-3.4764651307245265,0.3382279040637925,-2.962327195610248,-3.388946883632049,0.4266196880218009,-2.65105237414045,-3.279340591593849,0.6282882174533988,-2.2809087835165,-3.161526311422147,0.8806175279056472,-1.8962556857073487,-3.0423509866044807,1.146095300897132,-1.521112235633182,-2.9252572586065284,1.4041450229733463,2.875,2.883335363762452,2016-09-30,2.61667963521389,1.73155823756732,3.978950423173369,0.2583203647861101,1.14344176243268
2016-12-14,True,2016-09-21,table2_compilation,16.0,0.875,0.90625,0.329239179776648,0.25,2016-12-14,1.0,0.125,0.75,2.75,2.0,0.5,assumed,2016-12-13,1.0118698145907743,3.0118698145907743,0.3845092156313265,0.125,-0.1368698145907743,5.629972578652587,4.389453350471739,1.2405192281808477,9.926579556234504,8.060236192792548,1.866343363441958,11.092289341947726,9.363053605945716,1.7292357360020103,10.888142442657456,9.71895896855546,1.169183474101998,10.108989516434486,9.67259110826224,0.4363984081722449,9.122104382380591,9.45058578104694,-0.328481398666347,8.097993749750332,9.153150398914756,-1.0551566491644238,7.113961281409331,8.826874400473672,-1.712913119064341,6.2022709307534285,8.494276685075963,-2.2920057543225347,5.3732585324591575,8.166498894089802,-2.7932403616306445,3.88947009962739,4.081089053041143,-0.1916189534137524,11.72521056084188,9.853484393267786,1.8717261675740948,15.917227688824664,12.2687493371614,3.6484783516632646,17.499046113085836,13.15875377389586,4.340292339189977,17.527250574087773,13.35110608773249,4.176144486355282,16.728181074851012,13.213299833102775,3.514881241748236,15.539066484757004,12.915723738503493,2.6233427462535097,14.206365453710168,12.54166778748429,1.6646976662258783,12.862517349190083,12.133928057763256,0.7285892914268288,11.57479835202695,11.71542518091666,-0.1406268288897116,2.875,3.0118698145907743,2016-09-30,2.61667963521389,1.73155823756732,3.978950423173369,0.2583203647861101,1.14344176243268
2017-02-01,False,2016-12-14,table2_compilation,16.0,1.0,0.953125,0.2960514893983815,0.25,,,,,,,,,2017-01-31,1.0334392452339003,3.0334392452339003,0.2243681235272636,,-0.0334392452339002,-0.0532845615063726,-0.9525671712540928,0.8992826097477202,1.9937106704218888,0.4406086048351021,1.5531020655867869,2.92430849255616,1.0572227342958262,1.867085758260334,3.292727015859964,1.3408452508667734,1.9518817649931908,3.378548084592081,1.4689425889523156,1.9096054956397657,3.3251679468274453,1.5190002409302128,1.8061677058972323,3.206802300424183,1.5275237006426856,1.6792785997814974,3.0620184826688046,1.512969372028783,1.5490491106400217,2.9107523872371037,1.4852796348265418,1.4254727524105617,2.763074803971888,1.4501102906814722,1.3129645132904155,-2.4217180313792386,-3.971505865669678,1.5497878342904392,0.2706421782562085,-2.1465047645382374,2.417146942794446,1.4621422353997549,-1.2689798330382196,2.7311220684379744,1.9894978094377125,-0.7926129071185395,2.782110716556252,2.208476598396114,-0.5098886046011497,2.718365202997264,2.279062360382777,-0.3301811170767221,2.6092434774595,2.276970491349717,-0.2098884503377363,2.486858941687453,2.2396602408572,-0.1262223514091331,2.365882592266333,2.186310741949216,-0.0663787290794637,2.25268947102868,2.1269508045582253,-0.0227036889995257,2.149654493557751,3.0,3.0334392452339003,2016-12-30,2.58259925662256,2.04042397985683,3.9513637918129296,0.4174007433774398,0.95957602014317
2017-03-15,True,2016-12-14,table2_compilation,16.0,1.0,0.953125,0.2960514893983815,0.25,2017-03-15,1.0,0.0,1.0,3.0,2.0,0.3700000000000001,assumed,2017-03-14,1.1494557166421977,3.1494557166421977,0.1169073955283495,0.0,-0.1494557166421977,-3.265203399130812,-3.679250109970633,0.4140467108398216,-6.193068882292541,-5.068904274931185,-1.1241646073613554,-8.587644225186297,-5.732928365181356,-2.8547158600049416,-9.978733764813551,-5.972019766941505,-4.006713997872047,-10.600535439960844,-5.997901989518795,-4.602633450442051,-10.740400056969523,-5.916152655768325,-4.824247401201198,-10.607187995387736,-5.779240271117425,-4.8279477242703095,-10.332208595953364,-5.614412915681477,-4.717795680271886,-9.99288645393448,-5.436531931375832,-4.556354522558648,-9.633124191836684,-5.254048944047352,-4.379075247789332,-3.924031344877754,-7.138611573523357,3.2145802286456027,-4.52097496404118,-6.949141162382411,2.4281661983412306,-6.366804058089248,-6.931369166816537,0.5645651087272885,-7.660043328913191,-6.806157664978252,-0.853885663934939,-8.262823651779527,-6.612678770140734,-1.6501448816387931,-8.373802926683327,-6.387716473580296,-1.986086453103031,-8.191106721816732,-6.151685486891712,-2.0394212349250207,-7.852692426839258,-5.915219541711903,-1.937472885127356,-7.443735197529611,-5.683827413838838,-1.7599077836907728,-7.013641655953462,-5.460335157370855,-1.5533064985826073,3.0,3.1494557166421977,2016-12-30,2.58259925662256,2.04042397985683,3.9513637918129296,0.4174007433774398,0.95957602014317
2017-05-03,False,2017-03-15,table2_compilation,16.0,1.0,0.96875,0.2914805954090255,0.25,,,,1.0,3.0,2.0,0.3700000000000001,assumed,2017-05-02,1.0462005437697357,3.046200543769736,0.0016362730216257,0.0,-0.0462005437697357,3.02175710219712,3.5415834069069785,-0.5198263047098584,3.853818715019508,3.979316307797731,-0.1254975927782231,4.5354800532249495,4.1188833478676745,0.416596705357275,4.856341826210975,4.094266867266749,0.7620749589442255,4.902096867895223,3.995420543374828,0.9066763245203946,4.782864111390839,3.865100346930328,0.9177637644605108,4.578287492383737,3.7232152398634977,0.8550722525202392,4.337465778524985,3.579238677516683,0.7582271010083019,4.088355924077236,3.437770970147591,0.6505849539296449,3.8459073172381055,3.301045737356345,0.5448615798817613,4.437881146582501,5.800962950325017,-1.3630818037425163,4.879581019137169,5.439072906978937,-0.5594918878417676,6.10856135355522,5.300245328929187,0.8083160246260324,7.017164392647901,5.147232814033176,1.8699315786147253,7.50736505144789,4.97490170705801,2.532463344389879,7.691907562222622,4.793709949783853,2.8981976124387687,7.687663290325064,4.611097998135705,3.07656529218936,7.57746004029074,4.431408912370038,3.146051127920701,7.413330656424977,4.257064506535402,3.156266149889575,7.226151912292034,4.0893638353503015,3.136788076941732,3.0,3.0462005437697357,2017-03-31,2.67426855249122,2.08025203994159,3.9244862340565825,0.32573144750878,0.9197479600584102
2017-06-14,True,2017-03-15,table2_compilation,16.0,1.0,0.96875,0.2914805954090255,0.25,2017-06-14,1.0,0.0,0.8799999999999999,2.88,2.0,0.5,assumed,2017-06-13,1.082306320248417,3.082306320248417,-0.2152779339844102,0.1200000000000001,-0.0823063202484171,-0.5246785916960262,0.5013497616267459,-1.026028353322772,-1.4538422503088233,0.8114527964814933,-2.265295046790317,-2.635399592101395,0.7922303206986392,-3.4276299128000343,-3.6587532978659576,0.6973607615188726,-4.35611405938483,-4.471746892281914,0.5940163395258047,-5.065763231807718,-5.107826446245345,0.5013143171446632,-5.609140763390008,-5.609567022833106,0.4233105529651393,-6.032877575798246,-6.011443242260794,0.359246282281811,-6.370689524542605,-6.338568849197346,0.3070474140142831,-6.645616263211629,-6.6087932150232565,0.2645282555506334,-6.87332147057389,-0.4498234816929791,0.721246756449756,-1.1710702381427351,-0.5799563683982933,1.5504386246894653,-2.1303949930877586,-1.1856220729232758,1.774450658097404,-2.96007273102068,-1.9050257174026972,1.782833027700148,-3.6878587451028455,-2.6079041835769923,1.7150129697349747,-4.322917153311967,-3.250324437572361,1.6239916998773918,-4.874316137449752,-3.8215133596064543,1.5301413139483078,-5.351654673554762,-4.323342322408452,1.4409835629329848,-5.764325885341437,-4.762152606829639,1.358880094127679,-6.121032700957318,-5.145439242930383,1.2841370335187283,-6.429576276449112,3.0,3.082306320248417,2017-03-31,2.67426855249122,2.08025203994159,3.9244862340565825,0.32573144750878,0.9197479600584102
2017-07-26,False,2017-06-14,table2_compilation,15.0,1.0,0.9166666666666666,0.2173067468400883,0.25,,,,0.75,2.75,2.0,0.5,assumed,2017-07-25,1.0921666343398186,3.092166634339818,-0.06305677087028,0.25,-0.0921666343398186,-1.891105184866704,-2.2075934233298566,0.3164882384631529,-4.331423810715673,-3.987959639730554,-0.3434641709851194,-5.698728558769561,-4.719051679002129,-0.9796768797674328,-6.217711063370501,-4.964188535003733,-1.2535225283667684,-6.214498348660724,-4.987780116920648,-1.226718231740076,-5.92896868211652,-4.908010078167013,-1.0209586039495069,-5.509421201872922,-4.779585519411089,-0.7298356824618324,-5.0405573457407815,-4.629088904262169,-0.4114684414786129,-4.568216699220873,-4.470045372842657,-0.0981713263782158,-4.115772682155994,-4.309595604181693,0.1938229220256992,-2.0595865509108524,-2.251958209930982,0.1923716590201296,-4.336793180595699,-4.373146624199475,0.036353443603776,-5.08310670466301,-5.155155842831993,0.0720491381689836,-5.023244327508403,-5.379361450235698,0.3561171227272952,-4.573045926433972,-5.364313023246847,0.7912670968128754,-3.958314835747778,-5.244700647910516,1.286385812162738,-3.2968664012539506,-5.0802358861866015,1.783369484932651,-2.6475606828265885,-4.89859805489119,2.251037372064601,-2.03776359517831,-4.713083249506944,2.675319654328634,-1.4782938597383666,-4.530213693193375,3.051919833455008,3.0,3.0921666343398186,2017-06-30,2.69456772796231,2.07524805770637,3.9049413382939524,0.30543227203768986,0.9247519422936299
2017-09-20,True,2017-06-14,table2_compilation,15.0,1.0,0.9166666666666666,0.2173067468400883,0.25,2017-09-20,0.75,-0.25,0.75,2.75,2.0,0.5,assumed,2017-09-19,1.1070037630726048,3.107003763072605,-0.2406451684183936,0.25,-0.1070037630726048,2.2527195081170737,0.0441189091727078,2.208600598944366,4.867918081606648,2.0180008962552787,2.8499171853513694,5.415708782928963,2.753857799061965,2.661850983866998,5.308543807643007,3.02823989021479,2.280303917428217,5.017583961921379,3.1040694383117184,1.913514523609661,4.697787559561273,3.087829661265973,1.6099578982953,4.397356541047914,3.0271090165148618,1.3702475245330523,4.128586593302375,2.944774960087271,1.183811633215104,3.892000371661286,2.852476882649224,1.039523489012062,3.684590259200915,2.756430279386457,0.928159979814458,1.8574616411751288,0.5596908370851361,1.297770804089993,4.480311474634324,2.710486247187749,1.7698252274465751,5.177381495081668,3.5236914366229444,1.6536900584587233,5.121913855204019,3.8118856277427504,1.3100282274612685,4.780484826586728,3.873137059601284,0.9073477669854446,4.345698138573462,3.830821334875001,0.5148768036984608,3.898602292706954,3.7400596395209984,0.1585426531859557,3.4728191950013976,3.627039442354629,-0.1542202473532317,3.081068213943228,3.504850857093711,-0.4237826431504832,2.7266556946945464,3.3803005170983003,-0.6536448224037539,3.0,3.107003763072605,2017-06-30,2.69456772796231,2.07524805770637,3.9049413382939524,0.30543227203768986,0.9247519422936299
2017-11-01,False,2017-09-20,table2_compilation,15.0,0.75,0.7833333333333333,0.3009245014211298,0.5,,,,,,,,,2017-10-31,1.1786769621218127,3.1786769621218127,-0.256472842470913,,-0.4286769621218127,1.4702300774346757,0.8895409062735116,0.5806891711611639,1.9419828074893173,1.6825973918518589,0.2593854156374586,1.4774677467632724,1.8826977792927304,-0.4052300325294578,0.8774158071823468,1.894854354194564,-1.0174385470122171,0.3459232273791635,1.8404317216850876,-1.494508494305924,-0.0862933615330519,1.7635031021208558,-1.849796463653908,-0.4319402125836369,1.6812888803575454,-2.1132290929411823,-0.7099836093634071,1.600622735803814,-2.310606345167221,-0.936574820015812,1.5240886777360796,-2.4606634977518915,-1.123884057751212,1.4524836503764238,-2.576367708127636,1.7517299928054175,1.90502602731244,-0.1532960345070222,1.3270782576132456,2.2403982867070797,-0.9133200290938336,0.4135797130777163,2.207032914882401,-1.7934532018046845,-0.4357552860356772,2.0842395272793635,-2.5199948133150407,-1.1196846125832494,1.945389349115123,-3.0650739616983724,-1.6529120957995411,1.812740889067044,-3.465652984866585,-2.0697907095359014,1.692410198232608,-3.762200907768509,-2.400465163987997,1.585053998052066,-3.985519162040063,-2.6673219228605216,1.4895672146365335,-4.156889137497055,-2.8862570787973496,1.404416814678866,-4.290673893476216,2.75,3.1786769621218127,2017-09-29,2.58752210210584,2.12206828770481,3.8921624547676537,0.1624778978941599,0.6279317122951902
2017-12-13,True,2017-09-20,table2_compilation,15.0,0.75,0.7833333333333333,0.3009245014211298,0.5,2017-12-13,0.75,0.0,0.75,2.75,2.0,0.5,assumed,2017-12-12,1.2926215556511416,3.2926215556511416,-0.5118751988732764,0.0,-0.5426215556511416,-2.175584030280553,-1.128608514113738,-1.0469755161668148,-4.626362739543066,-2.8782425844056547,-1.7481201551374117,-5.558223747627644,-3.563429921600836,-1.9947938260268083,-5.776197183195597,-3.807250917500671,-1.9689462656949264,-5.6631895420860445,-3.8546223969151416,-1.808567145170903,-5.4048797793936565,-3.810077444910221,-1.594802334483436,-5.092343060948945,-3.721387105673557,-1.370955955275388,-4.770151382837362,-3.611761654295664,-1.1583897285416975,-4.459545941360288,-3.493091828426609,-0.966454112933679,-4.169898659984028,-3.371733147802214,-0.7981655121818143,-0.5579892920085205,1.0720440805671585,-1.6300333725756788,-1.8814318135222048,0.7946674025649081,-2.6760992160871133,-2.7399401948184687,0.5907044260049066,-3.3306446208233758,-3.3622806033892783,0.435418986781988,-3.797699590171266,-3.8456201314461143,0.3176160293802965,-4.163236160826411,-4.236087985468817,0.2284157957689103,-4.464503781237728,-4.558815909916625,0.160769706102748,-4.719585616019373,-4.829392508753916,0.1092926879074251,-4.938685196661341,-5.058503124876834,0.0699576740470497,-5.128460798923884,-5.253979559599609,0.0397788550460909,-5.2937584146457,2.75,3.2926215556511416,2017-09-29,2.58752210210584,2.12206828770481,3.8921624547676537,0.1624778978941599,0.6279317122951902
2018-01-31,False,2017-12-13,table2_compilation,15.0,0.75,0.7833333333333333,0.2211083193570266,0.25,,,,0.75,2.75,2.0,0.5,assumed,2018-01-30,1.4066789708201917,3.406678970820192,-0.3850158296368304,0.0,-0.6566789708201917,2.245993249699718,3.378415124201606,-1.1324218745018877,2.388128413545676,3.961415866635898,-1.573287453090222,2.2777621864734865,4.07616182234789,-1.7983996358744037,1.9476657771148265,3.9986302698751697,-2.050964492760343,1.4975791354531864,3.84996225305021,-2.352383117597024,1.0046408135724327,3.67983156548366,-2.6751907519112272,0.5149737448996383,3.508381780662262,-2.993408035762624,0.0524135248130885,3.343542807771493,-3.291129282958405,-0.3726670005340882,3.1881168587784448,-3.560783859312533,-0.7573523830296747,3.0427410985624626,-3.800093481592137,1.9485271500897072,1.218239449986358,0.7302877001033492,4.090843661750165,2.337637603781273,1.7532060579688924,5.417881560439319,2.8401358416784817,2.5777457187608377,6.118399578754108,3.0440897430516145,3.0743098357024934,6.422475216968149,3.103107809362493,3.319367407605656,6.496899598450678,3.0885941009113798,3.408305497539299,6.445994912359909,3.0353667992632616,3.410628113096648,6.331120807708146,2.961470480514583,3.369650327193563,6.187241767544949,2.8768077236731138,3.310434043871835,6.033826751481897,2.787077840402929,3.246748911078967,2.75,3.4066789708201917,2017-12-29,2.58879717754505,2.17319720191842,3.891928667380991,0.1612028224549502,0.5768027980815802
2018-03-21,True,2017-12-13,table2_compilation,15.0,0.75,0.7833333333333333,0.2211083193570266,0.25,2018-03-21,0.875,0.125,0.75,2.75,2.0,0.5,assumed,2018-03-20,1.4776799681819988,3.4776799681819988,-0.3271176476101982,0.0,-0.7276799681819988,-1.255193864823312,-0.8537110349066346,-0.4014828299166773,-2.057016216476981,-1.972136438799632,-0.0848797776773491,-1.719916063384197,-2.3091865363720654,0.5892704729878684,-1.1237929763615373,-2.3737788144827743,1.249985838121237,-0.5322349038589635,-2.334151715383337,1.801916811524373,-0.0111467657462505,-2.2547969213301933,2.2436501555839428,0.4329435248768831,-2.162142178875026,2.5950857037519093,0.8090479827226993,-2.0673621680521226,2.876410150774822,1.1285043211886503,-1.9751752732679595,3.10367959445661,1.401439665315518,-1.8874643440506933,3.2889040093662114,-2.8152137084834994,-1.296179034303746,-1.5190346741797534,-4.351535871094825,-1.8875471749822736,-2.4639886961125512,-5.1109486246013525,-2.127496481004121,-2.983452143597232,-5.511672281307645,-2.216327022639142,-3.295345258668503,-5.735883534421138,-2.231688604912652,-3.504194929508486,-5.867441933292827,-2.20860322403742,-3.658838709255408,-5.947393347238217,-2.16455096210737,-3.782842385130847,-5.9970694211856745,-2.108977802986578,-3.888091618199097,-6.028183795694098,-2.047313914081217,-3.9808698816128807,-6.047487882985347,-1.9828260452475543,-4.064661837737793,2.75,3.4776799681819988,2017-12-29,2.58879717754505,2.17319720191842,3.891928667380991,0.1612028224549502,0.5768027980815802
2018-05-02,False,2018-03-21,table2_compilation,14.0,0.875,0.8660714285714286,0.3005362978519078,0.25,,,,0.75,2.75,2.0,0.5,assumed,2018-05-01,1.5453763605265536,3.5453763605265536,-0.4119349839576238,0.125,-0.6703763605265536,-0.0251443380878235,0.7964812171562308,-0.8216255552440543,-1.2079544082808535,-0.3029015030188819,-0.9050529052619716,-1.3457421138236114,-0.7225066647878364,-0.623235449035775,-1.175014123261997,-0.8915003958403389,-0.2835137274216581,-0.9340390483028926,-0.9540835446567808,0.0200444963538881,-0.6969147780215401,-0.967931766175445,0.2710169881539048,-0.4838397869502131,-0.9583818843348356,0.4745420973846226,-0.2977591562432824,-0.9373534755283686,0.6395943192850861,-0.1365099958961391,-0.910774914920376,0.7742649190242368,0.0032185439385212,-0.881731624092863,0.8849501680313843,-0.282300982065653,0.3076064461832839,-0.5899074282489369,-2.173857524619649,-1.0569030955570824,-1.1169544290625666,-3.028998996938581,-1.6401989725848942,-1.3888000243536869,-3.330860267461988,-1.8877221731501856,-1.4431380943118022,-3.346957675776485,-1.9810937856753696,-1.3658638901011155,-3.2225764133219315,-1.9993365864532373,-1.223239826868694,-3.0353167139781423,-1.9792043861598163,-1.056112327818326,-2.8260115611084213,-1.9389296601788344,-0.8870819009295872,-2.615670332426223,-1.8881023198233928,-0.7275680126028305,-2.414636016502536,-1.832025566319606,-0.5826104501829299,2.875,3.5453763605265536,2018-03-29,2.6011705587561,2.28499915364081,3.923789533635609,0.2738294412439002,0.5900008463591901
2018-06-13,True,2018-03-21,table2_compilation,14.0,0.875,0.8660714285714286,0.3005362978519078,0.25,2018-06-13,0.875,0.0,0.75,2.75,2.0,0.5,assumed,2018-06-12,1.527765201176848,3.527765201176848,-0.3141443282323477,0.125,-0.6527652011768481,2.302062916063319,1.7560170643428297,0.5460458517204891,3.972172442409594,2.794498125942768,1.1776743164668255,4.12975534450557,3.18346367237039,0.94629167213518,3.811025843219351,3.286095077916817,0.5249307653025337,3.400363757895608,3.2640586397060467,0.1363051181895613,3.0131789400360987,3.1869948994875053,-0.1738159594514066,2.675903345739572,3.086177471839457,-0.4102741260998854,2.388289471317861,2.9762943416558496,-0.5880048703379881,2.143518645579068,2.8645063643262247,-0.720987718747157,1.934238867278948,2.7543870974657825,-0.8201482301868346,1.350142576025526,1.2220596708626186,0.1280829051629073,2.180935978933096,2.568585901920084,-0.3876499229869878,1.6814385464158033,2.966932205506456,-1.285493659090653,0.8772600827703148,3.030718996989057,-2.153458914218742,0.0833702970911787,2.967807087519647,-2.8844367904284685,-0.6195169082018115,2.858080242356253,-3.477597150558065,-1.2225688775529877,2.7340070056869337,-3.956575883239921,-1.7364412751877278,2.609065564003421,-4.345506839191149,-2.175114029719083,2.4887520523613205,-4.663866082080403,-2.5513731310367938,2.375103962539571,-4.926477093576365,2.875,3.527765201176848,2018-03-29,2.6011705587561,2.28499915364081,3.923789533635609,0.2738294412439002,0.5900008463591901
