date,i_star_p25,i_star_spd,i_star_p75,pi_star_spd,pi_source_spd,source,rstar_spd,i_star_iqr_spd
2013-01-01,4.0,4.0,4.0,2.0,assumed,results_pdf,2.0,0.0
2013-03-01,3.75,4.0,4.0,2.0,assumed,results_pdf,2.0,0.25
2013-04-01,3.75,4.0,4.0,2.0,assumed,results_pdf,2.0,0.25
2013-06-01,3.75,4.0,4.0,2.0,assumed,results_pdf,2.0,0.25
2013-07-01,3.5,4.0,4.0,2.0,assumed,results_pdf,2.0,0.5
2013-09-01,3.5,4.0,4.0,2.0,assumed,results_pdf,2.0,0.5
2014-09-01,3.5,3.5,4.0,2.0,assumed,results_pdf,1.5,0.5
2014-10-01,3.5,3.5,4.0,2.0,assumed,results_pdf,1.5,0.5
2014-12-01,3.5,3.5,4.0,2.0,assumed,results_pdf,1.5,0.5
2015-01-01,3.5,3.5,4.0,2.0,assumed,results_pdf,1.5,0.5
2015-03-01,3.25,3.5,3.75,2.0,assumed,results_pdf,1.5,0.5
2015-04-01,3.25,3.5,3.75,2.0,assumed,results_pdf,1.5,0.5
2015-06-01,3.25,3.5,3.75,2.0,assumed,results_pdf,1.5,0.5
2015-07-01,3.25,3.38,3.75,2.0,assumed,results_pdf,1.38,0.5
2015-09-01,3.0,3.38,3.75,2.0,assumed,results_pdf,1.38,0.75
2015-10-01,3.0,3.25,3.5,2.0,assumed,results_pdf,1.25,0.5
2015-12-01,3.0,3.25,3.5,2.0,assumed,results_pdf,1.25,0.5
2016-01-01,2.9,3.25,3.5,2.0,assumed,results_pdf,1.25,0.6000000000000001
2016-03-01,3.0,3.25,3.38,2.0,assumed,results_pdf,1.25,0.3799999999999999
2016-04-01,2.9,3.25,3.25,2.0,assumed,results_pdf,1.25,0.3500000000000001
2016-06-01,2.75,3.13,3.25,2.0,assumed,results_pdf,1.13,0.5
2016-07-01,2.63,3.0,3.25,2.0,assumed,results_pdf,1.0,0.6200000000000001
2016-09-01,2.5,3.0,3.0,2.0,assumed,results_pdf,1.0,0.5
2016-11-01,2.5,2.75,3.0,2.0,assumed,results_pdf,0.75,0.5
2016-12-01,2.5,2.75,3.0,2.0,assumed,results_pdf,0.75,0.5
2017-01-01,2.5,3.0,3.0,2.0,assumed,results_pdf,1.0,0.5
2017-03-01,2.63,3.0,3.0,2.0,assumed,results_pdf,1.0,0.3700000000000001
2017-05-01,2.63,3.0,3.0,2.0,assumed,results_pdf,1.0,0.3700000000000001
2017-06-01,2.5,2.88,3.0,2.0,assumed,results_pdf,0.8799999999999999,0.5
2017-07-01,2.5,2.75,3.0,2.0,assumed,results_pdf,0.75,0.5
2017-09-01,2.5,2.75,3.0,2.0,assumed,results_pdf,0.75,0.5
2017-10-01,2.5,2.75,3.0,2.0,assumed,results_pdf,0.75,0.5
2017-12-01,2.5,2.75,3.0,2.0,assumed,results_pdf,0.75,0.5
2018-01-01,2.5,2.75,3.0,2.0,assumed,results_pdf,0.75,0.5
2018-03-01,2.5,2.75,3.0,2.0,assumed,results_pdf,0.75,0.5
2018-05-01,2.5,2.75,3.0,2.0,assumed,results_pdf,0.75,0.5
2018-06-01,2.5,2.75,3.0,2.0,assumed,results_pdf,0.75,0.5
2018-07-01,2.5,2.75,3.0,2.0,assumed,results_pdf,0.75,0.5
2018-09-01,2.5,2.75,3.0,2.0,assumed,results_pdf,0.75,0.5
2018-11-01,2.5,2.88,3.0,2.0,assumed,results_pdf,0.8799999999999999,0.5
2018-12-01,2.5,2.88,3.0,2.0,assumed,results_pdf,0.8799999999999999,0.5
2019-01-01,2.5,2.75,3.0,2.0,assumed,results_pdf,0.75,0.5
2019-03-01,2.5,2.75,2.88,2.0,assumed,results_pdf,0.75,0.3799999999999999
2019-04-01,2.5,2.75,2.88,2.0,assumed,results_pdf,0.75,0.3799999999999999
2019-06-01,2.5,2.69,2.81,2.0,assumed,results_pdf,0.69,0.31
2019-07-01,2.31,2.5,2.75,2.0,assumed,results_pdf,0.5,0.4399999999999999
2019-09-01,2.25,2.5,2.56,2.0,assumed,results_pdf,0.5,0.31
2019-10-01,2.25,2.5,2.56,2.0,assumed,results_pdf,0.5,0.31
2019-12-01,2.25,2.5,2.56,2.0,assumed,results_pdf,0.5,0.31
2020-01-01,2.25,2.4,2.56,2.0,assumed,results_pdf,0.3999999999999999,0.31
2020-03-01,2.06,2.25,2.56,2.0,assumed,results_pdf,0.25,0.5
2020-04-01,2.0,2.19,2.5,2.0,assumed,results_pdf,0.1899999999999999,0.5
2020-06-01,2.0,2.25,2.5,2.0,assumed,results_pdf,0.25,0.5
2020-07-01,2.0,2.25,2.5,2.0,assumed,results_pdf,0.25,0.5
2020-09-01,2.0,2.25,2.5,2.0,assumed,results_pdf,0.25,0.5
2020-11-01,2.0,2.25,2.5,2.0,assumed,results_pdf,0.25,0.5
2020-12-01,2.0,2.25,2.5,2.0,assumed,results_pdf,0.25,0.5
2021-01-01,2.0,2.25,2.5,2.0,assumed,results_pdf,0.25,0.5
2021-03-01,2.13,2.25,2.5,2.0,assumed,results_pdf,0.25,0.3700000000000001
2021-04-01,2.13,2.31,2.5,2.0,assumed,results_pdf,0.31,0.3700000000000001
2021-06-01,2.06,2.31,2.5,2.0,assumed,results_pdf,0.31,0.4399999999999999
2021-07-01,2.06,2.25,2.5,2.0,assumed,results_pdf,0.25,0.4399999999999999
2021-09-01,2.0,2.25,2.5,2.0,assumed,results_pdf,0.25,0.5
2021-11-01,2.0,2.25,2.44,2.0,assumed,results_pdf,0.25,0.4399999999999999
2021-12-01,2.0,2.25,2.44,2.0,assumed,results_pdf,0.25,0.4399999999999999
2022-01-01,2.0,2.25,2.44,2.0,assumed,results_pdf,0.25,0.4399999999999999
2022-06-01,2.25,2.38,2.5,2.0,assumed,results_pdf,0.3799999999999999,0.25
2022-09-01,2.25,2.38,2.5,2.0,assumed,results_pdf,0.3799999999999999,0.25
2023-07-12,2.3800000000000003,2.5,2.75,2.0,assumed,survey_xlsx,0.5,0.3699999999999996
2023-09-06,2.5,2.56,2.88,2.0,assumed,survey_xlsx,0.56,0.3799999999999999
2023-10-18,2.5,2.63,3.0,2.0,assumed,survey_xlsx,0.6299999999999999,0.5
2023-11-29,2.5,2.75,3.0,2.0,assumed,survey_xlsx,0.75,0.5
2024-03-06,2.5,2.75,3.11,2.0,assumed,survey_xlsx,0.75,0.6099999999999999
2024-04-17,2.63,3.0,3.1300000000000003,2.0,assumed,survey_xlsx,1.0,0.5000000000000004
2024-05-29,2.72,3.0,3.1300000000000003,2.0,assumed,survey_xlsx,1.0,0.4100000000000001
2024-07-17,2.75,3.0,3.25,2.0,assumed,survey_xlsx,1.0,0.5
2024-09-04,2.75,2.88,3.1300000000000003,2.0,assumed,survey_xlsx,0.8799999999999999,0.3800000000000003
2024-10-23,2.75,3.0,3.1300000000000003,2.0,assumed,survey_xlsx,1.0,0.3800000000000003
2024-12-04,2.88,3.1300000000000003,3.38,2.0,assumed,survey_xlsx,1.1300000000000003,0.5
2025-01-15,2.88,3.1300000000000003,3.45,2.0,measured,survey_xlsx,1.1300000000000003,0.5700000000000003
2025-03-05,2.88,3.1300000000000003,3.4000000000000004,2.0,measured,survey_xlsx,1.1300000000000003,0.5200000000000005
2025-04-23,2.88,3.1300000000000003,3.38,2.0,measured,survey_xlsx,1.1300000000000003,0.5
2025-06-04,2.91,3.1300000000000003,3.39,2.0,measured,survey_xlsx,1.1300000000000003,0.48
2025-07-16,2.88,3.1300000000000003,3.38,2.0,measured,survey_xlsx,1.1300000000000003,0.5
2025-09-03,2.88,3.1300000000000003,3.38,2.0,measured,survey_xlsx,1.1300000000000003,0.5
2025-10-15,2.88,3.1300000000000003,3.38,2.0,measured,survey_xlsx,1.1300000000000003,0.5
2025-11-25,2.88,3.1300000000000003,3.38,2.0,measured,survey_xlsx,1.1300000000000003,0.5
2026-01-14,3.0,3.1,3.38,2.0,measured,survey_xlsx,1.1,0.3799999999999999
2026-03-04,3.0,3.1300000000000003,3.38,2.0,measured,survey_xlsx,1.1300000000000003,0.3799999999999999
2026-04-15,3.0,3.1300000000000003,3.38,2.0,measured,survey_xlsx,1.1300000000000003,0.3799999999999999
2026-06-03,3.0,3.1300000000000003,3.5000000000000004,2.0,measured,survey_xlsx,1.1300000000000003,0.5000000000000004
