date,panel,file,i_star_p25,i_star_med,i_star_p75,ff10y_p25,ff10y_med,ff10y_p75,i_star_iqr,rstar_med_assumed
2015-01-01,SMP,2015-01_mp-January-result.pdf,3.0,3.5,3.75,2.25,2.74,3.0,0.75,1.5
2015-03-01,SMP,2015-03_mp-March-result.pdf,3.25,3.5,3.75,2.38,2.8,3.0,0.5,1.5
2015-04-01,SMP,2015-04_mp-April-result.pdf,3.0,3.5,3.75,2.12,2.75,3.0,0.75,1.5
2015-06-01,SMP,2015-06_mp-June-result.pdf,3.0,3.5,3.75,2.12,2.75,3.0,0.75,1.5
2015-07-01,SMP,2015-07_mp-July-result.pdf,3.0,3.5,3.75,2.1,2.5,3.0,0.75,1.5
2015-09-01,SMP,2015-09_mp-sep-result.pdf,3.0,3.5,3.5,2.25,2.5,2.9,0.5,1.5
2015-10-01,SMP,2015-10_mp-oct-result.pdf,2.75,3.25,3.5,2.0,2.5,2.71,0.75,1.25
2015-12-01,SMP,2015-12_mp-Dec-2015-results.pdf,2.75,3.0,3.5,2.0,2.5,2.75,0.75,1.0
2016-01-01,SMP,2016-01_jan-results-mp.pdf,2.75,3.25,3.5,2.13,2.5,2.75,0.75,1.25
2016-03-01,SMP,2016-03_mar-results-mp.pdf,2.5,3.25,3.4,2.0,2.4,2.75,0.8999999999999999,1.25
2016-04-01,SMP,2016-04_apr-results-mp.pdf,2.5,2.75,3.25,2.0,2.14,2.5,0.75,0.75
2016-06-01,SMP,2016-06_jun-results-mp.pdf,2.5,2.75,3.25,2.0,2.15,2.5,0.75,0.75
2016-07-01,SMP,2016-07_jul-results-mp.pdf,2.5,2.75,3.0,1.8,2.0,2.5,0.5,0.75
2016-09-01,SMP,2016-09_sep-results-mp.pdf,2.5,2.63,3.0,1.75,2.0,2.5,0.5,0.6299999999999999
2016-11-01,SMP,2016-11_Nov-2016-SMP-Results.pdf,2.5,2.5,3.0,1.68,2.0,2.5,0.5,0.5
2016-12-01,SMP,2016-12_Dec-2016-Flash-SMP-Results-Public-Release.pdf,2.5,2.75,3.0,1.8,2.38,2.5,0.5,0.75
2017-01-01,SMP,2017-01_Jan-2017-SMP-Results-Public-Release.pdf,2.5,2.81,3.0,1.88,2.5,2.75,0.5,0.81
2017-03-01,SMP,2017-03_Mar-2017-SMP-Results-Public-Release.pdf,2.5,2.75,3.25,1.88,2.5,2.75,0.75,0.75
2017-05-01,SMP,2017-05_may-2017-SMP-Results-Public-Release.pdf,2.5,2.75,3.13,1.85,2.4,2.75,0.6299999999999999,0.75
2017-06-01,SMP,2017-06_jun-2017-smp-results.pdf,2.56,2.75,3.06,1.86,2.5,2.75,0.5,0.75
2017-07-01,SMP,2017-07_jul-2017-smp-results.pdf,2.5,2.75,3.0,1.85,2.5,2.75,0.5,0.75
2017-09-01,SMP,2017-09_sep-2017-smp-results.pdf,2.5,2.75,3.0,2.0,2.32,2.75,0.5,0.75
2017-10-01,SMP,2017-10_oct-nov-2017-smp-results.pdf,2.5,2.75,3.0,2.0,2.3,2.75,0.5,0.75
2017-12-01,SMP,2017-12_dec-2017-smp-results.pdf,2.5,2.75,3.0,2.0,2.34,2.5,0.5,0.75
2018-01-01,SMP,2018-01_jan-2018-smp-results.pdf,2.5,2.75,3.0,2.0,2.41,2.5,0.5,0.75
2018-03-01,SMP,2018-03_mar-2018-smp-results.pdf,2.75,2.75,3.0,2.0,2.42,2.75,0.25,0.75
2018-05-01,SMP,2018-05_may-2018-smp-results.pdf,2.75,2.75,3.06,2.0,2.5,2.75,0.31000000000000005,0.75
2018-06-01,SMP,2018-06_jun-2018-smp-results.pdf,2.75,2.88,3.13,2.0,2.5,2.8,0.3799999999999999,0.8799999999999999
2018-07-01,SMP,2018-07_jul-aug-2018-smp-results.pdf,2.63,2.88,3.0,2.25,2.5,2.63,0.3700000000000001,0.8799999999999999
2018-09-01,SMP,2018-09_sep-2018-smp-results.pdf,2.75,2.875,3.0,2.25,2.5,2.625,0.25,0.875
2018-11-01,SMP,2018-11_nov-2018-smp-results.pdf,2.75,3.0,3.13,2.2,2.5,2.75,0.3799999999999999,1.0
2018-12-01,SMP,2018-12_dec-2018-smp-results.pdf,2.63,3.0,3.0,2.0,2.5,2.63,0.3700000000000001,1.0
2019-01-01,SMP,2019-01_jan-2019-smp-results.pdf,2.5,2.75,3.0,1.95,2.45,2.5,0.5,0.75
2019-03-01,SMP,2019-03_mar-2019-smp-results.pdf,2.5,2.75,3.0,1.75,2.25,2.5,0.5,0.75
2019-04-01,SMP,2019-04_apr-may-2019-smp-results.pdf,2.5,2.69,2.75,1.75,2.13,2.5,0.25,0.69
2019-06-01,SMP,2019-06_jun-2019-smp-results.pdf,2.38,2.5,2.75,1.75,2.0,2.25,0.3700000000000001,0.5
2019-07-01,SMP,2019-07_jul-2019-smp-results.pdf,2.25,2.5,2.56,1.7,2.0,2.06,0.31000000000000005,0.5
2019-09-01,SMP,2019-09_sep-2019-smp-results.pdf,2.25,2.48,2.5,1.5,1.95,2.0,0.25,0.48
2019-10-01,SMP,2019-10_oct-2019-smp-results.pdf,2.19,2.38,2.5,1.5,1.94,2.06,0.31000000000000005,0.3799999999999999
2019-12-01,SMP,2019-12_dec-2019-smp-results.pdf,2.13,2.31,2.5,1.5,1.88,2.13,0.3700000000000001,0.31000000000000005
2020-01-01,SMP,2020-01_jan-2020-smp-results.pdf,2.13,2.25,2.5,1.5,1.88,2.0,0.3700000000000001,0.25
2020-03-01,SMP,2020-03_mar-2020-smp-results.pdf,2.0,2.25,2.5,1.0,1.5,1.75,0.5,0.25
2020-04-01,SMP,2020-04_apr-2020-smp-results.pdf,1.31,2.0,2.5,0.75,1.23,1.61,1.19,0.0
2020-06-01,SMP,2020-06_jun-2020-smp-results.pdf,1.75,2.0,2.5,0.75,1.25,1.5,0.75,0.0
2020-07-01,SMP,2020-07_jul-2020-smp-results.pdf,1.5,2.0,2.38,0.75,1.25,1.5,0.8799999999999999,0.0
2020-09-01,SMP,2020-09_sep-2020-smp-results.pdf,1.5,2.0,2.38,0.75,1.0,1.5,0.8799999999999999,0.0
2020-11-01,SMP,2020-11_nov-2020-smp-results.pdf,1.63,2.0,2.25,0.8,1.0,1.3,0.6200000000000001,0.0
2020-12-01,SMP,2020-12_dec-2020-smp-results.pdf,1.63,2.0,2.25,0.85,1.0,1.3,0.6200000000000001,0.0
2021-01-01,SMP,2021-01_jan-2021-smp-results.pdf,1.63,2.0,2.25,0.8,1.0,1.3,0.6200000000000001,0.0
2021-03-01,SMP,2021-03_mar-2021-smp-results.pdf,1.75,2.0,2.5,0.95,1.28,1.5,0.75,0.0
2021-04-01,SMP,2021-04_apr-2021-smp-results.pdf,1.75,2.0,2.5,0.95,1.28,1.5,0.75,0.0
2021-06-01,SMP,2021-06_jun-2021-smp-results.pdf,1.75,2.0,2.5,1.0,1.3,1.63,0.75,0.0
2021-07-01,SMP,2021-07_jul-2021-smp-results.pdf,1.75,2.0,2.5,0.95,1.3,1.71,0.75,0.0
2021-09-01,SMP,2021-09_sep-2021-smp-results.pdf,1.75,2.0,2.38,1.0,1.38,1.63,0.6299999999999999,0.0
2021-11-01,SMP,2021-11_nov-2021-smp-results.pdf,1.75,2.0,2.5,1.0,1.5,1.8,0.75,0.0
2021-12-01,SMP,2021-12_dec-2021-smp-results.pdf,2.0,2.0,2.44,1.28,1.61,1.84,0.43999999999999995,0.0
2022-01-01,SMP,2022-01_jan-2022-smp-results.pdf,2.0,2.0,2.5,1.5,1.75,2.0,0.5,0.0
2022-05-01,SMP,2022-05_may-2022-smp-results.pdf,2.0,2.44,2.5,1.8,2.0,2.5,0.5,0.43999999999999995
2022-06-01,SMP,2022-06_jun-2022-smp-results.pdf,2.0,2.31,2.5,1.8,2.13,2.5,0.5,0.31000000000000005
2022-09-01,SMP,2022-09_sep-2022-smp-results.pdf,2.13,2.38,2.5,2.04,2.39,2.78,0.3700000000000001,0.3799999999999999
2013-01-01,SPD,2013-01_January_result.pdf,4.0,4.0,4.0,,,,0.0,2.0
2013-03-01,SPD,2013-03_March_result.pdf,3.75,4.0,4.0,,,,0.25,2.0
2013-04-01,SPD,2013-04_April_result.pdf,3.75,4.0,4.0,,,,0.25,2.0
2013-06-01,SPD,2013-06_June_result.pdf,3.75,4.0,4.0,,,,0.25,2.0
2013-07-01,SPD,2013-07_July_result.pdf,3.5,4.0,4.0,,,,0.5,2.0
2013-09-01,SPD,2013-09_September_result.pdf,3.5,4.0,4.0,,,,0.5,2.0
2014-09-01,SPD,2014-09_September_result.pdf,3.5,3.5,4.0,2.76,2.86,3.2,0.5,1.5
2014-10-01,SPD,2014-10_October_result.pdf,3.5,3.5,4.0,2.64,2.88,3.18,0.5,1.5
2014-12-01,SPD,2014-12_December_result.pdf,3.5,3.5,4.0,2.5,2.84,3.2,0.5,1.5
2015-01-01,SPD,2015-01_January-result.pdf,3.5,3.5,4.0,2.5,2.9,3.2,0.5,1.5
2015-03-01,SPD,2015-03_March-result.pdf,3.25,3.5,3.75,2.5,2.8,3.4,0.5,1.5
2015-04-01,SPD,2015-04_April-result.pdf,3.25,3.5,3.75,2.5,2.78,3.4,0.5,1.5
2015-06-01,SPD,2015-06_June-result.pdf,3.25,3.5,3.75,2.5,2.78,3.2,0.5,1.5
2015-07-01,SPD,2015-07_July-result.pdf,3.25,3.38,3.75,2.5,2.74,3.0,0.5,1.38
2015-09-01,SPD,2015-09_Sep-results.pdf,3.0,3.38,3.75,2.5,2.69,2.95,0.75,1.38
2015-10-01,SPD,2015-10_oct-results.pdf,3.0,3.25,3.5,2.4,2.7,2.95,0.5,1.25
2015-12-01,SPD,2015-12_Dec-2015-results.pdf,3.0,3.25,3.5,2.3,2.65,2.99,0.5,1.25
2016-01-01,SPD,2016-01_jan-2016-results.pdf,2.9,3.25,3.5,2.15,2.65,3.01,0.6000000000000001,1.25
2016-03-01,SPD,2016-03_mar-2016-results.pdf,3.0,3.25,3.38,2.15,2.64,3.0,0.3799999999999999,1.25
2016-04-01,SPD,2016-04_apr-2016-results.pdf,2.9,3.25,3.25,2.15,2.58,2.75,0.3500000000000001,1.25
2016-06-01,SPD,2016-06_jun-2016-results.pdf,2.75,3.13,3.25,2.2,2.48,2.75,0.5,1.13
2016-07-01,SPD,2016-07_jul-2016-results.pdf,2.63,3.0,3.25,2.0,2.25,2.7,0.6200000000000001,1.0
2016-09-01,SPD,2016-09_sep-2016-results.pdf,2.5,3.0,3.0,2.0,2.25,2.7,0.5,1.0
2016-11-01,SPD,2016-11_Nov-2016-SPD-Results.pdf,2.5,2.75,3.0,2.0,2.25,2.7,0.5,0.75
2016-12-01,SPD,2016-12_Dec-2016-SPD-Results-Public-Release.pdf,2.5,2.75,3.0,2.0,2.27,2.7,0.5,0.75
2017-01-01,SPD,2017-01_Jan-2017-SPD-Results-Public-Release.pdf,2.5,3.0,3.0,2.1,2.31,2.7,0.5,1.0
2017-03-01,SPD,2017-03_Mar-2017-SPD-Results-Public-Release.pdf,2.63,3.0,3.0,2.13,2.4,2.75,0.3700000000000001,1.0
2017-05-01,SPD,2017-05_may-2017-spd-results-public-release.pdf,2.63,3.0,3.0,2.25,2.5,2.75,0.3700000000000001,1.0
2017-06-01,SPD,2017-06_jun-2017-spd-results.pdf,2.5,2.88,3.0,2.25,2.5,2.75,0.5,0.8799999999999999
2017-07-01,SPD,2017-07_jul-2017-spd-results.pdf,2.5,2.75,3.0,2.0,2.38,2.73,0.5,0.75
2017-09-01,SPD,2017-09_sep-2017-spd-results.pdf,2.5,2.75,3.0,2.0,2.5,2.7,0.5,0.75
2017-10-01,SPD,2017-10_oct-nov-2017-spd-results.pdf,2.5,2.75,3.0,2.0,2.5,2.65,0.5,0.75
2017-12-01,SPD,2017-12_dec-2017-spd-results.pdf,2.5,2.75,3.0,2.0,2.38,2.65,0.5,0.75
2018-01-01,SPD,2018-01_jan-2018-spd-results.pdf,2.5,2.75,3.0,2.0,2.5,2.65,0.5,0.75
2018-03-01,SPD,2018-03_mar-2018-spd-results.pdf,2.5,2.75,3.0,2.0,2.5,2.75,0.5,0.75
2018-05-01,SPD,2018-05_may-2018-spd-results.pdf,2.5,2.75,3.0,2.0,2.5,2.75,0.5,0.75
2018-06-01,SPD,2018-06_jun-2018-spd-results.pdf,2.5,2.75,3.0,2.0,2.5,2.76,0.5,0.75
2018-07-01,SPD,2018-07_jul-aug-2018-spd-results.pdf,2.5,2.75,3.0,2.0,2.5,2.9,0.5,0.75
2018-09-01,SPD,2018-09_sep-2018-spd-results.pdf,2.5,2.75,3.0,2.1,2.5,2.78,0.5,0.75
2018-11-01,SPD,2018-11_nov-2018-spd-results.pdf,2.5,2.88,3.0,2.1,2.5,2.9,0.5,0.8799999999999999
2018-12-01,SPD,2018-12_dec-2018-spd-results.pdf,2.5,2.88,3.0,2.1,2.5,2.75,0.5,0.8799999999999999
2019-01-01,SPD,2019-01_jan-2019-spd-results.pdf,2.5,2.75,3.0,2.1,2.5,2.84,0.5,0.75
2019-03-01,SPD,2019-03_mar-2019-spd-results.pdf,2.5,2.75,2.88,2.1,2.5,2.75,0.3799999999999999,0.75
2019-04-01,SPD,2019-04_apr-may-2019-spd-results.pdf,2.5,2.75,2.88,2.2,2.38,2.5,0.3799999999999999,0.75
2019-06-01,SPD,2019-06_jun-2019-spd-results.pdf,2.5,2.69,2.81,2.15,2.26,2.5,0.31000000000000005,0.69
2019-07-01,SPD,2019-07_jul-2019-spd-results.pdf,2.31,2.5,2.75,2.0,2.2,2.43,0.43999999999999995,0.5
2019-09-01,SPD,2019-09_sep-2019-spd-results.pdf,2.25,2.5,2.56,1.95,2.06,2.25,0.31000000000000005,0.5
2019-10-01,SPD,2019-10_oct-2019-spd-results.pdf,2.25,2.5,2.56,1.83,2.0,2.25,0.31000000000000005,0.5
2019-12-01,SPD,2019-12_dec-2019-spd-results.pdf,2.25,2.5,2.56,1.75,2.0,2.25,0.31000000000000005,0.5
2020-01-01,SPD,2020-01_jan-2020-spd-results.pdf,2.25,2.4,2.56,1.78,2.0,2.25,0.31000000000000005,0.3999999999999999
2020-03-01,SPD,2020-03_mar-2020-spd-results.pdf,2.06,2.25,2.56,1.36,1.81,2.13,0.5,0.25
2020-04-01,SPD,2020-04_apr-2020-spd-results.pdf,2.0,2.19,2.5,1.22,1.5,1.88,0.5,0.18999999999999995
2020-06-01,SPD,2020-06_jun-2020-spd-results.pdf,2.0,2.25,2.5,1.1,1.38,1.88,0.5,0.25
2020-07-01,SPD,2020-07_jul-2020-spd-results.pdf,2.0,2.25,2.5,1.0,1.23,1.83,0.5,0.25
2020-09-01,SPD,2020-09_sep-2020-spd-results.pdf,2.0,2.25,2.5,0.95,1.24,1.78,0.5,0.25
2020-11-01,SPD,2020-11_nov-2020-spd-results.pdf,2.0,2.25,2.5,0.95,1.23,1.65,0.5,0.25
2020-12-01,SPD,2020-12_dec-2020-spd-results.pdf,2.0,2.25,2.5,0.98,1.25,1.7,0.5,0.25
2021-01-01,SPD,2021-01_jan-2021-spd-results.pdf,2.0,2.25,2.5,0.98,1.38,1.73,0.5,0.25
2021-03-01,SPD,2021-03_mar-2021-spd-results.pdf,2.13,2.25,2.5,1.25,1.5,1.79,0.3700000000000001,0.25
2021-04-01,SPD,2021-04_apr-2021-spd-results.pdf,2.13,2.31,2.5,1.25,1.63,1.8,0.3700000000000001,0.31000000000000005
2021-06-01,SPD,2021-06_jun-2021-spd-results.pdf,2.06,2.31,2.5,1.25,1.63,1.85,0.43999999999999995,0.31000000000000005
2021-07-01,SPD,2021-07_jul-2021-spd-results.pdf,2.06,2.25,2.5,1.34,1.68,1.86,0.43999999999999995,0.25
2021-09-01,SPD,2021-09_sep-2021-spd-results.pdf,2.0,2.25,2.5,1.43,1.7,1.89,0.5,0.25
2021-11-01,SPD,2021-11_nov-2021-spd-results.pdf,2.0,2.25,2.44,1.5,1.7,1.91,0.43999999999999995,0.25
2021-12-01,SPD,2021-12_dec-2021-spd-results.pdf,2.0,2.25,2.44,1.59,1.8,2.08,0.43999999999999995,0.25
2022-01-01,SPD,2022-01_jan-2022-spd-results.pdf,2.0,2.25,2.44,1.75,1.9,2.23,0.43999999999999995,0.25
2022-06-01,SPD,2022-06_jun-2022-spd-results.pdf,2.25,2.38,2.5,2.16,2.38,2.7,0.25,0.3799999999999999
2022-09-01,SPD,2022-09_sep-2022-spd-results.pdf,2.25,2.38,2.5,2.25,2.5,2.8,0.25,0.3799999999999999
