person,from_date,to_date,from,to,change,gap_days
Barkin,2018-03-21,2018-06-13,1.5,1.5,0.0,84
Barkin,2018-06-13,2018-09-26,1.5,1.5,0.0,105
Barkin,2018-09-26,2018-12-19,1.5,1.5,0.0,84
Barkin,2018-12-19,2019-03-20,1.5,1.5,0.0,91
Barkin,2019-03-20,2019-06-19,1.5,1.25,-0.25,91
Barkin,2019-06-19,2019-09-18,1.25,1.25,0.0,91
Barkin,2019-09-18,2019-12-11,1.25,1.25,0.0,84
Barkin,2020-06-10,2020-09-16,1.0,1.0,0.0,98
Barkin,2020-09-16,2020-12-16,1.0,1.0,0.0,91
Bernanke,2012-01-25,2012-04-25,2.2,2.4000000000000004,0.20000000000000018,91
Bernanke,2012-04-25,2012-06-20,2.4000000000000004,2.3,-0.10000000000000053,56
Bernanke,2012-06-20,2012-09-13,2.3,2.3,0.0,85
Bernanke,2012-09-13,2012-12-12,2.3,2.3,0.0,90
Bernanke,2012-12-12,2013-03-20,2.3,2.3,0.0,98
Bernanke,2013-03-20,2013-06-19,2.3,2.3,0.0,91
Bernanke,2013-06-19,2013-09-18,2.3,2.3,0.0,91
Bernanke,2013-09-18,2013-12-18,2.3,2.0,-0.2999999999999998,91
Bostic,2017-06-14,2017-09-20,1.0,1.0,0.0,98
Bostic,2017-09-20,2017-12-13,1.0,0.75,-0.25,84
Bostic,2017-12-13,2018-03-21,0.75,0.75,0.0,98
Bostic,2018-03-21,2018-06-13,0.75,0.75,0.0,84
Bostic,2018-06-13,2018-09-26,0.75,1.0,0.25,105
Bostic,2018-09-26,2018-12-19,1.0,1.0,0.0,84
Bostic,2018-12-19,2019-03-20,1.0,1.0,0.0,91
Bostic,2019-03-20,2019-06-19,1.0,0.75,-0.25,91
Bostic,2019-06-19,2019-09-18,0.75,0.75,0.0,91
Bostic,2019-09-18,2019-12-11,0.75,0.5,-0.25,84
Bostic,2020-06-10,2020-09-16,0.5,0.5,0.0,98
Bostic,2020-09-16,2020-12-16,0.5,0.5,0.0,91
Bowman,2018-12-19,2019-03-20,0.5,0.5,0.0,91
Bowman,2019-03-20,2019-06-19,0.5,0.5,0.0,91
Bowman,2019-06-19,2019-09-18,0.5,0.5,0.0,91
Bowman,2019-09-18,2019-12-11,0.5,0.5,0.0,84
Bowman,2020-06-10,2020-09-16,0.5,0.5,0.0,98
Bowman,2020-09-16,2020-12-16,0.5,0.5,0.0,91
Brainard,2014-09-17,2014-12-17,1.875,1.75,-0.125,91
Brainard,2014-12-17,2015-03-18,1.75,1.75,0.0,91
Brainard,2015-03-18,2015-06-17,1.75,1.75,0.0,91
Brainard,2015-06-17,2015-09-17,1.75,1.25,-0.5,92
Brainard,2015-09-17,2015-12-16,1.25,1.25,0.0,90
Brainard,2015-12-16,2016-03-16,1.25,1.0,-0.25,91
Brainard,2016-03-16,2016-06-15,1.0,0.75,-0.25,91
Brainard,2016-06-15,2016-09-21,0.75,0.5,-0.25,98
Brainard,2016-09-21,2016-12-14,0.5,0.75,0.25,84
Brainard,2016-12-14,2017-03-15,0.75,0.75,0.0,91
Brainard,2017-03-15,2017-06-14,0.75,0.75,0.0,91
Brainard,2017-06-14,2017-09-20,0.75,0.5,-0.25,98
Brainard,2017-09-20,2017-12-13,0.5,0.75,0.25,84
Brainard,2017-12-13,2018-03-21,0.75,0.75,0.0,98
Brainard,2018-03-21,2018-06-13,0.75,0.75,0.0,84
Brainard,2018-06-13,2018-09-26,0.75,1.0,0.25,105
Brainard,2018-09-26,2018-12-19,1.0,1.0,0.0,84
Brainard,2018-12-19,2019-03-20,1.0,1.0,0.0,91
Brainard,2019-03-20,2019-06-19,1.0,0.75,-0.25,91
Brainard,2019-06-19,2019-09-18,0.75,0.5,-0.25,91
Brainard,2019-09-18,2019-12-11,0.5,0.5,0.0,84
Brainard,2020-06-10,2020-09-16,0.5,0.5,0.0,98
Brainard,2020-09-16,2020-12-16,0.5,0.5,0.0,91
Bullard,2012-01-25,2012-04-25,2.25,2.25,0.0,91
Bullard,2012-04-25,2012-06-20,2.25,2.25,0.0,56
Bullard,2012-06-20,2012-09-13,2.25,2.25,0.0,85
Bullard,2012-09-13,2012-12-12,2.25,2.25,0.0,90
Bullard,2012-12-12,2013-03-20,2.25,2.25,0.0,98
Bullard,2013-03-20,2013-06-19,2.25,2.25,0.0,91
Bullard,2013-06-19,2013-09-18,2.25,2.25,0.0,91
Bullard,2013-09-18,2013-12-18,2.25,2.25,0.0,91
Bullard,2013-12-18,2014-03-19,2.25,2.25,0.0,91
Bullard,2014-03-19,2014-06-18,2.25,2.25,0.0,91
Bullard,2014-06-18,2014-09-17,2.25,2.25,0.0,91
Bullard,2014-09-17,2014-12-17,2.25,2.25,0.0,91
Bullard,2014-12-17,2015-03-18,2.25,2.0,-0.25,91
Bullard,2015-03-18,2015-06-17,2.0,2.0,0.0,91
Bullard,2015-06-17,2015-09-17,2.0,2.0,0.0,92
Bullard,2015-09-17,2015-12-16,2.0,2.0,0.0,90
Bullard,2015-12-16,2016-03-16,2.0,2.0,0.0,91
Clarida,2018-09-26,2018-12-19,0.5,0.5,0.0,84
Clarida,2018-12-19,2019-03-20,0.5,0.5,0.0,91
Clarida,2019-03-20,2019-06-19,0.5,0.5,0.0,91
Clarida,2019-06-19,2019-09-18,0.5,0.5,0.0,91
Clarida,2019-09-18,2019-12-11,0.5,0.5,0.0,84
Clarida,2020-06-10,2020-09-16,0.5,0.5,0.0,98
Clarida,2020-09-16,2020-12-16,0.5,0.5,0.0,91
Daly,2018-12-19,2019-03-20,0.75,0.75,0.0,91
Daly,2019-03-20,2019-06-19,0.75,0.5,-0.25,91
Daly,2019-06-19,2019-09-18,0.5,0.5,0.0,91
Daly,2019-09-18,2019-12-11,0.5,0.5,0.0,84
Daly,2020-06-10,2020-09-16,0.2999999999999998,0.2999999999999998,0.0,98
Daly,2020-09-16,2020-12-16,0.2999999999999998,0.2999999999999998,0.0,91
Dudley,2012-01-25,2012-04-25,2.0,1.5,-0.5,91
Dudley,2012-04-25,2012-06-20,1.5,1.5,0.0,56
Dudley,2012-06-20,2012-09-13,1.5,1.5,0.0,85
Dudley,2012-09-13,2012-12-12,1.5,1.5,0.0,90
Dudley,2012-12-12,2013-03-20,1.5,1.5,0.0,98
Dudley,2013-03-20,2013-06-19,1.5,1.5,0.0,91
Dudley,2013-06-19,2013-09-18,1.5,1.5,0.0,91
Dudley,2013-09-18,2013-12-18,1.5,1.5,0.0,91
Dudley,2013-12-18,2014-03-19,1.5,1.5,0.0,91
Dudley,2014-03-19,2014-06-18,1.5,1.5,0.0,91
Dudley,2014-06-18,2014-09-17,1.5,1.5,0.0,91
Dudley,2014-09-17,2014-12-17,1.5,1.5,0.0,91
Dudley,2014-12-17,2015-03-18,1.5,1.5,0.0,91
Dudley,2015-03-18,2015-06-17,1.5,1.5,0.0,91
Dudley,2015-06-17,2015-09-17,1.5,1.25,-0.25,92
Dudley,2015-09-17,2015-12-16,1.25,1.25,0.0,90
Dudley,2015-12-16,2016-03-16,1.25,1.25,0.0,91
Dudley,2016-03-16,2016-06-15,1.25,1.0,-0.25,91
Dudley,2016-06-15,2016-09-21,1.0,0.5,-0.5,98
Dudley,2016-09-21,2016-12-14,0.5,0.5,0.0,84
Dudley,2016-12-14,2017-03-15,0.5,0.5,0.0,91
Dudley,2017-03-15,2017-06-14,0.5,0.75,0.25,91
Dudley,2017-06-14,2017-09-20,0.75,0.75,0.0,98
Dudley,2017-09-20,2017-12-13,0.75,0.75,0.0,84
Dudley,2017-12-13,2018-03-21,0.75,1.0,0.25,98
Dudley,2018-03-21,2018-06-13,1.0,1.0,0.0,84
Duke,2012-01-25,2012-04-25,2.5,2.5,0.0,91
Duke,2012-04-25,2012-06-20,2.5,2.5,0.0,56
Duke,2012-06-20,2012-09-13,2.5,2.5,0.0,85
Duke,2012-09-13,2012-12-12,2.5,2.5,0.0,90
Duke,2012-12-12,2013-03-20,2.5,2.5,0.0,98
Duke,2013-03-20,2013-06-19,2.5,2.5,0.0,91
Evans,2012-01-25,2012-04-25,2.5,2.5,0.0,91
Evans,2012-04-25,2012-06-20,2.5,2.5,0.0,56
Evans,2012-06-20,2012-09-13,2.5,2.0,-0.5,85
Evans,2012-09-13,2012-12-12,2.0,2.0,0.0,90
Evans,2012-12-12,2013-03-20,2.0,2.0,0.0,98
Evans,2013-03-20,2013-06-19,2.0,2.0,0.0,91
Evans,2013-06-19,2013-09-18,2.0,2.0,0.0,91
Evans,2013-09-18,2013-12-18,2.0,2.0,0.0,91
Evans,2013-12-18,2014-03-19,2.0,2.0,0.0,91
Evans,2014-03-19,2014-06-18,2.0,1.75,-0.25,91
Evans,2014-06-18,2014-09-17,1.75,1.75,0.0,91
Evans,2014-09-17,2014-12-17,1.75,1.75,0.0,91
Evans,2014-12-17,2015-03-18,1.75,1.5,-0.25,91
Evans,2015-03-18,2015-06-17,1.5,1.5,0.0,91
Evans,2015-06-17,2015-09-17,1.5,1.25,-0.25,92
Evans,2015-09-17,2015-12-16,1.25,1.25,0.0,90
Evans,2015-12-16,2016-03-16,1.25,1.25,0.0,91
Evans,2016-03-16,2016-06-15,1.25,1.25,0.0,91
Evans,2016-06-15,2016-09-21,1.25,1.0,-0.25,98
Evans,2016-09-21,2016-12-14,1.0,1.0,0.0,84
Evans,2016-12-14,2017-03-15,1.0,1.0,0.0,91
Evans,2017-03-15,2017-06-14,1.0,1.0,0.0,91
Evans,2017-06-14,2017-09-20,1.0,0.75,-0.25,98
Evans,2017-09-20,2017-12-13,0.75,0.75,0.0,84
Evans,2017-12-13,2018-03-21,0.75,0.75,0.0,98
Evans,2018-03-21,2018-06-13,0.75,0.75,0.0,84
Evans,2018-06-13,2018-09-26,0.75,0.75,0.0,105
Evans,2018-09-26,2018-12-19,0.75,0.75,0.0,84
Evans,2018-12-19,2019-03-20,0.75,0.75,0.0,91
Evans,2019-03-20,2019-06-19,0.75,0.75,0.0,91
Evans,2019-06-19,2019-09-18,0.75,0.75,0.0,91
Evans,2019-09-18,2019-12-11,0.75,0.75,0.0,84
Evans,2020-06-10,2020-09-16,0.5,0.5,0.0,98
Evans,2020-09-16,2020-12-16,0.5,0.5,0.0,91
Fischer,2014-06-18,2014-09-17,1.75,2.0,0.25,91
Fischer,2014-09-17,2014-12-17,2.0,2.0,0.0,91
Fischer,2014-12-17,2015-03-18,2.0,1.5,-0.5,91
Fischer,2015-03-18,2015-06-17,1.5,1.5,0.0,91
Fischer,2015-06-17,2015-09-17,1.5,1.5,0.0,92
Fischer,2015-09-17,2015-12-16,1.5,1.5,0.0,90
Fischer,2015-12-16,2016-03-16,1.5,1.5,0.0,91
Fischer,2016-03-16,2016-06-15,1.5,1.5,0.0,91
Fischer,2016-06-15,2016-09-21,1.5,1.5,0.0,98
Fischer,2016-09-21,2016-12-14,1.5,1.5,0.0,84
Fischer,2016-12-14,2017-03-15,1.5,1.5,0.0,91
Fischer,2017-03-15,2017-06-14,1.5,1.5,0.0,91
Fischer,2017-06-14,2017-09-20,1.5,1.5,0.0,98
Fisher,2012-01-25,2012-04-25,2.0,2.0,0.0,91
Fisher,2012-04-25,2012-06-20,2.0,2.0,0.0,56
Fisher,2012-06-20,2012-09-13,2.0,2.0,0.0,85
Fisher,2012-09-13,2012-12-12,2.0,2.0,0.0,90
Fisher,2012-12-12,2013-03-20,2.0,2.0,0.0,98
Fisher,2013-03-20,2013-06-19,2.0,2.0,0.0,91
Fisher,2013-06-19,2013-09-18,2.0,2.0,0.0,91
Fisher,2013-09-18,2013-12-18,2.0,2.0,0.0,91
Fisher,2013-12-18,2014-03-19,2.0,2.0,0.0,91
Fisher,2014-03-19,2014-06-18,2.0,1.75,-0.25,91
Fisher,2014-06-18,2014-09-17,1.75,1.75,0.0,91
Fisher,2014-09-17,2014-12-17,1.75,1.75,0.0,91
George,2012-01-25,2012-04-25,2.5,2.5,0.0,91
George,2012-04-25,2012-06-20,2.5,2.3,-0.20000000000000018,56
George,2012-06-20,2012-09-13,2.3,2.3,0.0,85
George,2012-09-13,2012-12-12,2.3,2.3,0.0,90
George,2012-12-12,2013-03-20,2.3,2.3,0.0,98
George,2013-03-20,2013-06-19,2.3,2.3,0.0,91
George,2013-06-19,2013-09-18,2.3,2.3,0.0,91
George,2013-09-18,2013-12-18,2.3,2.3,0.0,91
George,2013-12-18,2014-03-19,2.3,2.3,0.0,91
George,2014-03-19,2014-06-18,2.3,2.3,0.0,91
George,2014-06-18,2014-09-17,2.3,2.3,0.0,91
George,2014-09-17,2014-12-17,2.3,2.25,-0.04999999999999982,91
George,2014-12-17,2015-03-18,2.25,2.25,0.0,91
George,2015-03-18,2015-06-17,2.25,2.25,0.0,91
George,2015-06-17,2015-09-17,2.25,1.75,-0.5,92
George,2015-09-17,2015-12-16,1.75,1.75,0.0,90
George,2015-12-16,2016-03-16,1.75,1.75,0.0,91
George,2016-03-16,2016-06-15,1.75,1.75,0.0,91
George,2016-06-15,2016-09-21,1.75,1.0,-0.75,98
George,2016-09-21,2016-12-14,1.0,1.0,0.0,84
George,2016-12-14,2017-03-15,1.0,1.0,0.0,91
George,2017-03-15,2017-06-14,1.0,1.0,0.0,91
George,2017-06-14,2017-09-20,1.0,1.0,0.0,98
George,2017-09-20,2017-12-13,1.0,1.0,0.0,84
George,2017-12-13,2018-03-21,1.0,1.0,0.0,98
George,2018-03-21,2018-06-13,1.0,1.0,0.0,84
George,2018-06-13,2018-09-26,1.0,1.0,0.0,105
George,2018-09-26,2018-12-19,1.0,1.0,0.0,84
George,2018-12-19,2019-03-20,1.0,1.0,0.0,91
George,2019-03-20,2019-06-19,1.0,1.0,0.0,91
George,2019-06-19,2019-09-18,1.0,0.5,-0.5,91
George,2019-09-18,2019-12-11,0.5,0.5,0.0,84
George,2020-06-10,2020-09-16,0.5,0.5,0.0,98
George,2020-09-16,2020-12-16,0.5,0.5,0.0,91
Harker,2015-09-17,2015-12-16,1.5,1.5,0.0,90
Harker,2015-12-16,2016-03-16,1.5,1.25,-0.25,91
Harker,2016-03-16,2016-06-15,1.25,1.25,0.0,91
Harker,2016-06-15,2016-09-21,1.25,1.0,-0.25,98
Harker,2016-09-21,2016-12-14,1.0,1.0,0.0,84
Harker,2016-12-14,2017-03-15,1.0,1.0,0.0,91
Harker,2017-03-15,2017-06-14,1.0,1.0,0.0,91
Harker,2017-06-14,2017-09-20,1.0,1.0,0.0,98
Harker,2017-09-20,2017-12-13,1.0,1.0,0.0,84
Harker,2017-12-13,2018-03-21,1.0,1.0,0.0,98
Harker,2018-03-21,2018-06-13,1.0,1.0,0.0,84
Harker,2018-06-13,2018-09-26,1.0,1.0,0.0,105
Harker,2018-09-26,2018-12-19,1.0,0.75,-0.25,84
Harker,2018-12-19,2019-03-20,0.75,0.75,0.0,91
Harker,2019-03-20,2019-06-19,0.75,0.5,-0.25,91
Harker,2019-06-19,2019-09-18,0.5,0.5,0.0,91
Harker,2019-09-18,2019-12-11,0.5,0.5,0.0,84
Harker,2020-06-10,2020-09-16,0.5,0.5,0.0,98
Harker,2020-09-16,2020-12-16,0.5,0.5,0.0,91
Holcomb,2015-03-18,2015-06-17,1.75,1.75,0.0,91
Kaplan,2015-09-17,2015-12-16,1.625,1.5,-0.125,90
Kaplan,2015-12-16,2016-03-16,1.5,1.25,-0.25,91
Kaplan,2016-03-16,2016-06-15,1.25,1.0,-0.25,91
Kaplan,2016-06-15,2016-09-21,1.0,0.75,-0.25,98
Kaplan,2016-09-21,2016-12-14,0.75,1.0,0.25,84
Kaplan,2016-12-14,2017-03-15,1.0,1.0,0.0,91
Kaplan,2017-03-15,2017-06-14,1.0,0.75,-0.25,91
Kaplan,2017-06-14,2017-09-20,0.75,0.5,-0.25,98
Kaplan,2017-09-20,2017-12-13,0.5,0.5,0.0,84
Kaplan,2017-12-13,2018-03-21,0.5,0.625,0.125,98
Kaplan,2018-03-21,2018-06-13,0.625,0.625,0.0,84
Kaplan,2018-06-13,2018-09-26,0.625,0.75,0.125,105
Kaplan,2018-09-26,2018-12-19,0.75,0.75,0.0,84
Kaplan,2018-12-19,2019-03-20,0.75,0.5,-0.25,91
Kaplan,2019-03-20,2019-06-19,0.5,0.375,-0.125,91
Kaplan,2019-06-19,2019-09-18,0.375,0.0,-0.375,91
Kaplan,2019-09-18,2019-12-11,0.0,0.25,0.25,84
Kaplan,2020-06-10,2020-09-16,0.25,0.25,0.0,98
Kaplan,2020-09-16,2020-12-16,0.25,0.25,0.0,91
Kashkari,2016-03-16,2016-06-15,1.0,1.0,0.0,91
Kashkari,2016-06-15,2016-09-21,1.0,0.75,-0.25,98
Kashkari,2016-09-21,2016-12-14,0.75,0.75,0.0,84
Kashkari,2016-12-14,2017-03-15,0.75,0.75,0.0,91
Kashkari,2017-03-15,2017-06-14,0.75,0.75,0.0,91
Kashkari,2017-06-14,2017-09-20,0.75,0.25,-0.5,98
Kashkari,2017-09-20,2017-12-13,0.25,0.25,0.0,84
Kashkari,2017-12-13,2018-03-21,0.25,0.25,0.0,98
Kashkari,2018-03-21,2018-06-13,0.25,0.25,0.0,84
Kashkari,2018-06-13,2018-09-26,0.25,0.5,0.25,105
Kashkari,2018-09-26,2018-12-19,0.5,0.5,0.0,84
Kashkari,2018-12-19,2019-03-20,0.5,0.5,0.0,91
Kashkari,2019-03-20,2019-06-19,0.5,0.5,0.0,91
Kashkari,2019-06-19,2019-09-18,0.5,0.25,-0.25,91
Kashkari,2019-09-18,2019-12-11,0.25,0.0,-0.25,84
Kashkari,2020-06-10,2020-09-16,0.0,0.0,0.0,98
Kashkari,2020-09-16,2020-12-16,0.0,0.0,0.0,91
Kocherlakota,2012-01-25,2012-04-25,2.0,2.0,0.0,91
Kocherlakota,2012-04-25,2012-06-20,2.0,2.0,0.0,56
Kocherlakota,2012-06-20,2012-09-13,2.0,1.75,-0.25,85
Kocherlakota,2012-09-13,2012-12-12,1.75,1.75,0.0,90
Kocherlakota,2012-12-12,2013-03-20,1.75,1.5,-0.25,98
Kocherlakota,2013-03-20,2013-06-19,1.5,1.5,0.0,91
Kocherlakota,2013-06-19,2013-09-18,1.5,1.5,0.0,91
Kocherlakota,2013-09-18,2013-12-18,1.5,1.5,0.0,91
Kocherlakota,2013-12-18,2014-03-19,1.5,1.5,0.0,91
Kocherlakota,2014-03-19,2014-06-18,1.5,1.25,-0.25,91
Kocherlakota,2014-06-18,2014-09-17,1.25,1.25,0.0,91
Kocherlakota,2014-09-17,2014-12-17,1.25,1.25,0.0,91
Kocherlakota,2014-12-17,2015-03-18,1.25,1.0,-0.25,91
Kocherlakota,2015-03-18,2015-06-17,1.0,1.25,0.25,91
Kocherlakota,2015-06-17,2015-09-17,1.25,1.25,0.0,92
Lacker,2012-01-25,2012-04-25,2.5,2.5,0.0,91
Lacker,2012-04-25,2012-06-20,2.5,2.5,0.0,56
Lacker,2012-06-20,2012-09-13,2.5,2.5,0.0,85
Lacker,2012-09-13,2012-12-12,2.5,2.25,-0.25,90
Lacker,2012-12-12,2013-03-20,2.25,2.0,-0.25,98
Lacker,2013-03-20,2013-06-19,2.0,2.0,0.0,91
Lacker,2013-06-19,2013-09-18,2.0,2.0,0.0,91
Lacker,2013-09-18,2013-12-18,2.0,1.75,-0.25,91
Lacker,2013-12-18,2014-03-19,1.75,1.75,0.0,91
Lacker,2014-03-19,2014-06-18,1.75,1.75,0.0,91
Lacker,2014-06-18,2014-09-17,1.75,1.75,0.0,91
Lacker,2014-09-17,2014-12-17,1.75,1.75,0.0,91
Lacker,2014-12-17,2015-03-18,1.75,1.75,0.0,91
Lacker,2015-03-18,2015-06-17,1.75,1.75,0.0,91
Lacker,2015-06-17,2015-09-17,1.75,1.75,0.0,92
Lacker,2015-09-17,2015-12-16,1.75,1.75,0.0,90
Lacker,2015-12-16,2016-03-16,1.75,1.75,0.0,91
Lacker,2016-03-16,2016-06-15,1.75,1.75,0.0,91
Lacker,2016-06-15,2016-09-21,1.75,1.75,0.0,98
Lacker,2016-09-21,2016-12-14,1.75,1.75,0.0,84
Lacker,2016-12-14,2017-03-15,1.75,1.75,0.0,91
Lockhart,2012-01-25,2012-04-25,2.5,2.5,0.0,91
Lockhart,2012-04-25,2012-06-20,2.5,2.5,0.0,56
Lockhart,2012-06-20,2012-09-13,2.5,2.5,0.0,85
Lockhart,2012-09-13,2012-12-12,2.5,2.5,0.0,90
Lockhart,2012-12-12,2013-03-20,2.5,2.5,0.0,98
Lockhart,2013-03-20,2013-06-19,2.5,2.5,0.0,91
Lockhart,2013-06-19,2013-09-18,2.5,2.0,-0.5,91
Lockhart,2013-09-18,2013-12-18,2.0,2.0,0.0,91
Lockhart,2013-12-18,2014-03-19,2.0,2.0,0.0,91
Lockhart,2014-03-19,2014-06-18,2.0,2.0,0.0,91
Lockhart,2014-06-18,2014-09-17,2.0,2.0,0.0,91
Lockhart,2014-09-17,2014-12-17,2.0,2.0,0.0,91
Lockhart,2014-12-17,2015-03-18,2.0,2.0,0.0,91
Lockhart,2015-03-18,2015-06-17,2.0,2.0,0.0,91
Lockhart,2015-06-17,2015-09-17,2.0,1.75,-0.25,92
Lockhart,2015-09-17,2015-12-16,1.75,1.5,-0.25,90
Lockhart,2015-12-16,2016-03-16,1.5,1.5,0.0,91
Lockhart,2016-03-16,2016-06-15,1.5,1.25,-0.25,91
Lockhart,2016-06-15,2016-09-21,1.25,1.0,-0.25,98
Lockhart,2016-09-21,2016-12-14,1.0,1.0,0.0,84
Mester,2014-06-18,2014-09-17,1.75,1.75,0.0,91
Mester,2014-09-17,2014-12-17,1.75,1.75,0.0,91
Mester,2014-12-17,2015-03-18,1.75,1.75,0.0,91
Mester,2015-03-18,2015-06-17,1.75,1.75,0.0,91
Mester,2015-06-17,2015-09-17,1.75,1.5,-0.25,92
Mester,2015-09-17,2015-12-16,1.5,1.5,0.0,90
Mester,2015-12-16,2016-03-16,1.5,1.25,-0.25,91
Mester,2016-03-16,2016-06-15,1.25,1.25,0.0,91
Mester,2016-06-15,2016-09-21,1.25,1.0,-0.25,98
Mester,2016-09-21,2016-12-14,1.0,1.0,0.0,84
Mester,2016-12-14,2017-03-15,1.0,1.0,0.0,91
Mester,2017-03-15,2017-06-14,1.0,1.0,0.0,91
Mester,2017-06-14,2017-09-20,1.0,1.0,0.0,98
Mester,2017-09-20,2017-12-13,1.0,1.0,0.0,84
Mester,2017-12-13,2018-03-21,1.0,1.0,0.0,98
Mester,2018-03-21,2018-06-13,1.0,1.0,0.0,84
Mester,2018-06-13,2018-09-26,1.0,1.0,0.0,105
Mester,2018-09-26,2018-12-19,1.0,1.0,0.0,84
Mester,2018-12-19,2019-03-20,1.0,1.0,0.0,91
Mester,2019-03-20,2019-06-19,1.0,1.0,0.0,91
Mester,2019-06-19,2019-09-18,1.0,0.75,-0.25,91
Mester,2019-09-18,2019-12-11,0.75,0.75,0.0,84
Mester,2020-06-10,2020-09-16,0.75,0.75,0.0,98
Mester,2020-09-16,2020-12-16,0.75,0.75,0.0,91
Mullinix,2017-06-14,2017-09-20,1.0,1.0,0.0,98
Mullinix,2017-09-20,2017-12-13,1.0,1.0,0.0,84
Pianalto,2012-01-25,2012-04-25,2.0,2.0,0.0,91
Pianalto,2012-04-25,2012-06-20,2.0,2.0,0.0,56
Pianalto,2012-06-20,2012-09-13,2.0,2.0,0.0,85
Pianalto,2012-09-13,2012-12-12,2.0,2.0,0.0,90
Pianalto,2012-12-12,2013-03-20,2.0,2.0,0.0,98
Pianalto,2013-03-20,2013-06-19,2.0,2.0,0.0,91
Pianalto,2013-06-19,2013-09-18,2.0,2.0,0.0,91
Pianalto,2013-09-18,2013-12-18,2.0,2.0,0.0,91
Pianalto,2013-12-18,2014-03-19,2.0,2.0,0.0,91
Plosser,2012-01-25,2012-04-25,2.5,2.5,0.0,91
Plosser,2012-04-25,2012-06-20,2.5,2.5,0.0,56
Plosser,2012-06-20,2012-09-13,2.5,2.5,0.0,85
Plosser,2012-09-13,2012-12-12,2.5,2.5,0.0,90
Plosser,2012-12-12,2013-03-20,2.5,2.5,0.0,98
Plosser,2013-03-20,2013-06-19,2.5,2.5,0.0,91
Plosser,2013-06-19,2013-09-18,2.5,2.0,-0.5,91
Plosser,2013-09-18,2013-12-18,2.0,2.0,0.0,91
Plosser,2013-12-18,2014-03-19,2.0,2.0,0.0,91
Plosser,2014-03-19,2014-06-18,2.0,2.0,0.0,91
Plosser,2014-06-18,2014-09-17,2.0,2.0,0.0,91
Plosser,2014-09-17,2014-12-17,2.0,1.75,-0.25,91
Powell,2012-06-20,2012-09-13,2.0,2.0,0.0,85
Powell,2012-09-13,2012-12-12,2.0,2.0,0.0,90
Powell,2012-12-12,2013-03-20,2.0,2.0,0.0,98
Powell,2013-03-20,2013-06-19,2.0,2.0,0.0,91
Powell,2013-06-19,2013-09-18,2.0,2.0,0.0,91
Powell,2013-09-18,2013-12-18,2.0,2.0,0.0,91
Powell,2013-12-18,2014-03-19,2.0,2.0,0.0,91
Powell,2014-03-19,2014-06-18,2.0,1.75,-0.25,91
Powell,2014-06-18,2014-09-17,1.75,1.75,0.0,91
Powell,2014-09-17,2014-12-17,1.75,1.75,0.0,91
Powell,2014-12-17,2015-03-18,1.75,1.5,-0.25,91
Powell,2015-03-18,2015-06-17,1.5,1.5,0.0,91
Powell,2015-06-17,2015-09-17,1.5,1.25,-0.25,92
Powell,2015-09-17,2015-12-16,1.25,1.25,0.0,90
Powell,2015-12-16,2016-03-16,1.25,1.0,-0.25,91
Powell,2016-03-16,2016-06-15,1.0,0.75,-0.25,91
Powell,2016-06-15,2016-09-21,0.75,0.5,-0.25,98
Powell,2016-09-21,2016-12-14,0.5,0.75,0.25,84
Powell,2016-12-14,2017-03-15,0.75,1.0,0.25,91
Powell,2017-03-15,2017-06-14,1.0,1.0,0.0,91
Powell,2017-06-14,2017-09-20,1.0,0.75,-0.25,98
Powell,2017-09-20,2017-12-13,0.75,1.0,0.25,84
Powell,2017-12-13,2018-03-21,1.0,1.0,0.0,98
Powell,2018-03-21,2018-06-13,1.0,1.0,0.0,84
Powell,2018-06-13,2018-09-26,1.0,1.0,0.0,105
Powell,2018-09-26,2018-12-19,1.0,1.0,0.0,84
Powell,2018-12-19,2019-03-20,1.0,0.5,-0.5,91
Powell,2019-03-20,2019-06-19,0.5,0.5,0.0,91
Powell,2019-06-19,2019-09-18,0.5,0.5,0.0,91
Powell,2019-09-18,2019-12-11,0.5,0.25,-0.25,84
Powell,2020-06-10,2020-09-16,0.25,0.25,0.0,98
Powell,2020-09-16,2020-12-16,0.25,0.25,0.0,91
Prichard,2015-03-18,2015-06-17,1.75,1.75,0.0,91
Quarles,2017-12-13,2018-03-21,1.0,1.25,0.25,98
Quarles,2018-03-21,2018-06-13,1.25,1.25,0.0,84
Quarles,2018-06-13,2018-09-26,1.25,1.25,0.0,105
Quarles,2018-09-26,2018-12-19,1.25,1.25,0.0,84
Quarles,2018-12-19,2019-03-20,1.25,1.25,0.0,91
Quarles,2019-03-20,2019-06-19,1.25,1.25,0.0,91
Quarles,2019-06-19,2019-09-18,1.25,1.0,-0.25,91
Quarles,2019-09-18,2019-12-11,1.0,1.0,0.0,84
Quarles,2020-06-10,2020-09-16,1.0,1.0,0.0,98
Quarles,2020-09-16,2020-12-16,1.0,1.0,0.0,91
Raskin,2012-01-25,2012-04-25,1.7999999999999998,1.7999999999999998,0.0,91
Raskin,2012-04-25,2012-06-20,1.7999999999999998,1.7999999999999998,0.0,56
Raskin,2012-06-20,2012-09-13,1.7999999999999998,1.7999999999999998,0.0,85
Raskin,2012-09-13,2012-12-12,1.7999999999999998,1.7999999999999998,0.0,90
Raskin,2012-12-12,2013-03-20,1.7999999999999998,2.0,0.20000000000000018,98
Raskin,2013-03-20,2013-06-19,2.0,2.0,0.0,91
Rosengren,2012-01-25,2012-04-25,2.0,2.0,0.0,91
Rosengren,2012-04-25,2012-06-20,2.0,2.0,0.0,56
Rosengren,2012-06-20,2012-09-13,2.0,2.0,0.0,85
Rosengren,2012-09-13,2012-12-12,2.0,1.7999999999999998,-0.20000000000000018,90
Rosengren,2012-12-12,2013-03-20,1.7999999999999998,1.7999999999999998,0.0,98
Rosengren,2013-03-20,2013-06-19,1.7999999999999998,1.7999999999999998,0.0,91
Rosengren,2013-06-19,2013-09-18,1.7999999999999998,1.7999999999999998,0.0,91
Rosengren,2013-09-18,2013-12-18,1.7999999999999998,1.7999999999999998,0.0,91
Rosengren,2013-12-18,2014-03-19,1.7999999999999998,1.75,-0.04999999999999982,91
Rosengren,2014-03-19,2014-06-18,1.75,1.75,0.0,91
Rosengren,2014-06-18,2014-09-17,1.75,1.75,0.0,91
Rosengren,2014-09-17,2014-12-17,1.75,1.75,0.0,91
Rosengren,2014-12-17,2015-03-18,1.75,1.5,-0.25,91
Rosengren,2015-03-18,2015-06-17,1.5,1.5,0.0,91
Rosengren,2015-06-17,2015-09-17,1.5,1.5,0.0,92
Rosengren,2015-09-17,2015-12-16,1.5,1.5,0.0,90
Rosengren,2015-12-16,2016-03-16,1.5,1.25,-0.25,91
Rosengren,2016-03-16,2016-06-15,1.25,1.0,-0.25,91
Rosengren,2016-06-15,2016-09-21,1.0,1.0,0.0,98
Rosengren,2016-09-21,2016-12-14,1.0,1.0,0.0,84
Rosengren,2016-12-14,2017-03-15,1.0,1.0,0.0,91
Rosengren,2017-03-15,2017-06-14,1.0,1.0,0.0,91
Rosengren,2017-06-14,2017-09-20,1.0,0.5,-0.5,98
Rosengren,2017-09-20,2017-12-13,0.5,0.75,0.25,84
Rosengren,2017-12-13,2018-03-21,0.75,0.75,0.0,98
Rosengren,2018-03-21,2018-06-13,0.75,0.75,0.0,84
Rosengren,2018-06-13,2018-09-26,0.75,0.75,0.0,105
Rosengren,2018-09-26,2018-12-19,0.75,0.75,0.0,84
Rosengren,2018-12-19,2019-03-20,0.75,0.75,0.0,91
Rosengren,2019-03-20,2019-06-19,0.75,0.5,-0.25,91
Rosengren,2019-06-19,2019-09-18,0.5,0.5,0.0,91
Rosengren,2019-09-18,2019-12-11,0.5,0.5,0.0,84
Rosengren,2020-06-10,2020-09-16,0.5,0.5,0.0,98
Rosengren,2020-09-16,2020-12-16,0.5,0.5,0.0,91
Stein,2012-06-20,2012-09-13,2.25,2.25,0.0,85
Stein,2012-09-13,2012-12-12,2.25,2.25,0.0,90
Stein,2012-12-12,2013-03-20,2.25,2.0,-0.25,98
Stein,2013-03-20,2013-06-19,2.0,2.0,0.0,91
Stein,2013-06-19,2013-09-18,2.0,2.0,0.0,91
Stein,2013-09-18,2013-12-18,2.0,2.0,0.0,91
Stein,2013-12-18,2014-03-19,2.0,2.0,0.0,91
Tarullo,2012-01-25,2012-04-25,2.0,2.0,0.0,91
Tarullo,2012-04-25,2012-06-20,2.0,2.0,0.0,56
Tarullo,2012-06-20,2012-09-13,2.0,2.0,0.0,85
Tarullo,2012-09-13,2012-12-12,2.0,2.0,0.0,90
Tarullo,2012-12-12,2013-03-20,2.0,2.0,0.0,98
Tarullo,2013-03-20,2013-06-19,2.0,2.0,0.0,91
Tarullo,2013-06-19,2013-09-18,2.0,2.0,0.0,91
Tarullo,2013-09-18,2013-12-18,2.0,1.5,-0.5,91
Tarullo,2013-12-18,2014-03-19,1.5,1.5,0.0,91
Tarullo,2014-03-19,2014-06-18,1.5,1.5,0.0,91
Tarullo,2014-06-18,2014-09-17,1.5,1.5,0.0,91
Tarullo,2014-09-17,2014-12-17,1.5,1.5,0.0,91
Tarullo,2014-12-17,2015-03-18,1.5,1.5,0.0,91
Tarullo,2015-03-18,2015-06-17,1.5,1.25,-0.25,91
Tarullo,2015-06-17,2015-09-17,1.25,1.25,0.0,92
Tarullo,2015-09-17,2015-12-16,1.25,1.25,0.0,90
Tarullo,2015-12-16,2016-03-16,1.25,1.0,-0.25,91
Tarullo,2016-03-16,2016-06-15,1.0,0.75,-0.25,91
Tarullo,2016-06-15,2016-09-21,0.75,0.75,0.0,98
Tarullo,2016-09-21,2016-12-14,0.75,0.75,0.0,84
Tarullo,2016-12-14,2017-03-15,0.75,0.75,0.0,91
Williams,2012-01-25,2012-04-25,2.2,2.2,0.0,91
Williams,2012-04-25,2012-06-20,2.2,2.2,0.0,56
Williams,2012-06-20,2012-09-13,2.2,2.2,0.0,85
Williams,2012-09-13,2012-12-12,2.2,2.2,0.0,90
Williams,2012-12-12,2013-03-20,2.2,2.0,-0.20000000000000018,98
Williams,2013-03-20,2013-06-19,2.0,2.0,0.0,91
Williams,2013-06-19,2013-09-18,2.0,2.0999999999999996,0.09999999999999964,91
Williams,2013-09-18,2013-12-18,2.0999999999999996,2.0999999999999996,0.0,91
Williams,2013-12-18,2014-03-19,2.0999999999999996,2.0999999999999996,0.0,91
Williams,2014-03-19,2014-06-18,2.0999999999999996,1.9,-0.19999999999999973,91
Williams,2014-06-18,2014-09-17,1.9,1.9,0.0,91
Williams,2014-09-17,2014-12-17,1.9,2.0,0.10000000000000009,91
Williams,2014-12-17,2015-03-18,2.0,1.75,-0.25,91
Williams,2015-03-18,2015-06-17,1.75,1.75,0.0,91
Williams,2015-06-17,2015-09-17,1.75,1.5,-0.25,92
Williams,2015-09-17,2015-12-16,1.5,1.25,-0.25,90
Williams,2015-12-16,2016-03-16,1.25,1.25,0.0,91
Williams,2016-03-16,2016-06-15,1.25,1.0,-0.25,91
Williams,2016-06-15,2016-09-21,1.0,0.75,-0.25,98
Williams,2016-09-21,2016-12-14,0.75,0.75,0.0,84
Williams,2016-12-14,2017-03-15,0.75,0.75,0.0,91
Williams,2017-03-15,2017-06-14,0.75,0.5,-0.25,91
Williams,2017-06-14,2017-09-20,0.5,0.5,0.0,98
Williams,2017-09-20,2017-12-13,0.5,0.5,0.0,84
Williams,2017-12-13,2018-03-21,0.5,0.5,0.0,98
Williams,2018-03-21,2018-06-13,0.5,0.5,0.0,84
Williams,2018-06-13,2018-09-26,0.5,0.5,0.0,105
Williams,2018-09-26,2018-12-19,0.5,0.5,0.0,84
Williams,2018-12-19,2019-03-20,0.5,0.5,0.0,91
Williams,2019-03-20,2019-06-19,0.5,0.5,0.0,91
Williams,2019-06-19,2019-09-18,0.5,0.375,-0.125,91
Williams,2019-09-18,2019-12-11,0.375,0.375,0.0,84
Williams,2020-06-10,2020-09-16,0.375,0.375,0.0,98
Williams,2020-09-16,2020-12-16,0.375,0.375,0.0,91
Yellen,2012-01-25,2012-04-25,2.0,2.0,0.0,91
Yellen,2012-04-25,2012-06-20,2.0,1.0,-1.0,56
Yellen,2012-06-20,2012-09-13,1.0,1.0,0.0,85
Yellen,2012-09-13,2012-12-12,1.0,1.0,0.0,90
Yellen,2012-12-12,2013-03-20,1.0,1.25,0.25,98
Yellen,2013-03-20,2013-06-19,1.25,1.25,0.0,91
Yellen,2013-06-19,2013-09-18,1.25,1.25,0.0,91
Yellen,2013-09-18,2013-12-18,1.25,1.5,0.25,91
Yellen,2013-12-18,2014-03-19,1.5,1.5,0.0,91
Yellen,2014-03-19,2014-06-18,1.5,1.5,0.0,91
Yellen,2014-06-18,2014-09-17,1.5,1.5,0.0,91
Yellen,2014-09-17,2014-12-17,1.5,1.5,0.0,91
Yellen,2014-12-17,2015-03-18,1.5,1.5,0.0,91
Yellen,2015-03-18,2015-06-17,1.5,1.25,-0.25,91
Yellen,2015-06-17,2015-09-17,1.25,1.0,-0.25,92
Yellen,2015-09-17,2015-12-16,1.0,1.0,0.0,90
Yellen,2015-12-16,2016-03-16,1.0,1.0,0.0,91
Yellen,2016-03-16,2016-06-15,1.0,1.0,0.0,91
Yellen,2016-06-15,2016-09-21,1.0,0.75,-0.25,98
Yellen,2016-09-21,2016-12-14,0.75,0.75,0.0,84
Yellen,2016-12-14,2017-03-15,0.75,0.75,0.0,91
Yellen,2017-03-15,2017-06-14,0.75,0.75,0.0,91
Yellen,2017-06-14,2017-09-20,0.75,0.75,0.0,98
Yellen,2017-09-20,2017-12-13,0.75,0.75,0.0,84
