date,person,i_star,pi_star,rstar,lr_gdp,lr_unemp
2012-01-25,Bernanke,4.2,2.0,2.2,2.4,5.5
2012-01-25,Bullard,4.25,2.0,2.25,2.3,6.0
2012-01-25,Dudley,4.0,2.0,2.0,2.3,5.0
2012-01-25,Duke,4.5,2.0,2.5,2.5,5.5
2012-01-25,Evans,4.5,2.0,2.5,2.5,5.2
2012-01-25,Fisher,4.0,2.0,2.0,2.7,5.5
2012-01-25,George,4.5,2.0,2.5,2.5,5.5
2012-01-25,Kocherlakota,4.0,2.0,2.0,2.6,6.0
2012-01-25,Lacker,4.5,2.0,2.5,2.5,6.0
2012-01-25,Lockhart,4.5,2.0,2.5,2.5,5.2
2012-01-25,Pianalto,4.0,2.0,2.0,2.6,6.0
2012-01-25,Plosser,4.5,2.0,2.5,2.7,6.0
2012-01-25,Raskin,3.8,2.0,1.7999999999999998,3.0,5.4
2012-01-25,Rosengren,4.0,2.0,2.0,2.5,5.2
2012-01-25,Tarullo,4.0,2.0,2.0,2.3,5.4
2012-01-25,Williams,4.2,2.0,2.2,2.2,5.5
2012-01-25,Yellen,4.0,2.0,2.0,2.5,5.3
2012-04-25,Bernanke,4.4,2.0,2.4000000000000004,2.4,5.5
2012-04-25,Bullard,4.25,2.0,2.25,2.3,6.0
2012-04-25,Dudley,3.5,2.0,1.5,2.3,4.9
2012-04-25,Duke,4.5,2.0,2.5,2.5,6.0
2012-04-25,Evans,4.5,2.0,2.5,2.5,5.2
2012-04-25,Fisher,4.0,2.0,2.0,2.7,5.5
2012-04-25,George,4.5,2.0,2.5,2.5,5.5
2012-04-25,Kocherlakota,4.0,2.0,2.0,2.5,6.0
2012-04-25,Lacker,4.5,2.0,2.5,2.5,6.0
2012-04-25,Lockhart,4.5,2.0,2.5,2.5,5.2
2012-04-25,Pianalto,4.0,2.0,2.0,2.6,6.0
2012-04-25,Plosser,4.5,2.0,2.5,2.7,6.0
2012-04-25,Raskin,3.8,2.0,1.7999999999999998,3.0,5.4
2012-04-25,Rosengren,4.0,2.0,2.0,2.5,5.2
2012-04-25,Tarullo,4.0,2.0,2.0,2.3,5.4
2012-04-25,Williams,4.2,2.0,2.2,2.2,5.5
2012-04-25,Yellen,4.0,2.0,2.0,2.5,5.3
2012-06-20,Bernanke,4.3,2.0,2.3,2.3,5.5
2012-06-20,Bullard,4.25,2.0,2.25,2.3,6.0
2012-06-20,Dudley,3.5,2.0,1.5,2.3,4.9
2012-06-20,Duke,4.5,2.0,2.5,2.3,6.0
2012-06-20,Evans,4.5,2.0,2.5,2.5,5.2
2012-06-20,Fisher,4.0,2.0,2.0,2.7,5.5
2012-06-20,George,4.3,2.0,2.3,2.3,5.5
2012-06-20,Kocherlakota,4.0,2.0,2.0,2.5,6.3
2012-06-20,Lacker,4.5,2.0,2.5,2.5,6.0
2012-06-20,Lockhart,4.5,2.0,2.5,2.5,5.2
2012-06-20,Pianalto,4.0,2.0,2.0,2.6,6.0
2012-06-20,Plosser,4.5,2.0,2.5,2.5,6.0
2012-06-20,Powell,4.0,2.0,2.0,2.5,5.2
2012-06-20,Raskin,3.8,2.0,1.7999999999999998,3.0,5.4
2012-06-20,Rosengren,4.0,2.0,2.0,2.5,5.2
2012-06-20,Stein,4.25,2.0,2.25,2.5,5.8
2012-06-20,Tarullo,4.0,2.0,2.0,2.2,5.5
2012-06-20,Williams,4.2,2.0,2.2,2.2,5.5
2012-06-20,Yellen,3.0,2.0,1.0,2.5,5.3
2012-09-13,Bernanke,4.3,2.0,2.3,2.3,5.5
2012-09-13,Bullard,4.25,2.0,2.25,2.3,6.0
2012-09-13,Dudley,3.5,2.0,1.5,2.3,5.0
2012-09-13,Duke,4.5,2.0,2.5,2.3,6.0
2012-09-13,Evans,4.0,2.0,2.0,2.5,5.2
2012-09-13,Fisher,4.0,2.0,2.0,2.7,5.5
2012-09-13,George,4.3,2.0,2.3,2.3,5.5
2012-09-13,Kocherlakota,3.75,2.0,1.75,2.5,6.3
2012-09-13,Lacker,4.5,2.0,2.5,2.5,6.0
2012-09-13,Lockhart,4.5,2.0,2.5,2.5,5.2
2012-09-13,Pianalto,4.0,2.0,2.0,2.5,6.0
2012-09-13,Plosser,4.5,2.0,2.5,2.5,6.0
2012-09-13,Powell,4.0,2.0,2.0,2.5,5.2
2012-09-13,Raskin,3.8,2.0,1.7999999999999998,3.0,5.4
2012-09-13,Rosengren,4.0,2.0,2.0,2.5,5.3
2012-09-13,Stein,4.25,2.0,2.25,2.5,5.8
2012-09-13,Tarullo,4.0,2.0,2.0,2.2,5.5
2012-09-13,Williams,4.2,2.0,2.2,2.2,5.5
2012-09-13,Yellen,3.0,2.0,1.0,2.5,5.3
2012-12-12,Bernanke,4.3,2.0,2.3,2.3,5.5
2012-12-12,Bullard,4.25,2.0,2.25,2.3,6.0
2012-12-12,Dudley,3.5,2.0,1.5,2.3,5.0
2012-12-12,Duke,4.5,2.0,2.5,2.3,6.0
2012-12-12,Evans,4.0,2.0,2.0,2.5,5.2
2012-12-12,Fisher,4.0,2.0,2.0,2.5,5.5
2012-12-12,George,4.3,2.0,2.3,2.3,5.5
2012-12-12,Kocherlakota,3.75,2.0,1.75,2.3,6.0
2012-12-12,Lacker,4.25,2.0,2.25,2.3,6.0
2012-12-12,Lockhart,4.5,2.0,2.5,2.5,5.2
2012-12-12,Pianalto,4.0,2.0,2.0,2.5,6.0
2012-12-12,Plosser,4.5,2.0,2.5,2.5,6.0
2012-12-12,Powell,4.0,2.0,2.0,2.5,5.2
2012-12-12,Raskin,3.8,2.0,1.7999999999999998,3.0,5.4
2012-12-12,Rosengren,3.8,2.0,1.7999999999999998,2.3,5.3
2012-12-12,Stein,4.25,2.0,2.25,2.5,5.8
2012-12-12,Tarullo,4.0,2.0,2.0,2.2,5.5
2012-12-12,Williams,4.2,2.0,2.2,2.2,5.4
2012-12-12,Yellen,3.0,2.0,1.0,2.5,5.3
2013-03-20,Bernanke,4.3,2.0,2.3,2.3,5.5
2013-03-20,Bullard,4.25,2.0,2.25,2.3,6.0
2013-03-20,Dudley,3.5,2.0,1.5,2.3,5.0
2013-03-20,Duke,4.5,2.0,2.5,2.3,6.0
2013-03-20,Evans,4.0,2.0,2.0,2.5,5.2
2013-03-20,Fisher,4.0,2.0,2.0,2.5,5.5
2013-03-20,George,4.3,2.0,2.3,2.3,5.5
2013-03-20,Kocherlakota,3.5,2.0,1.5,2.3,6.0
2013-03-20,Lacker,4.0,2.0,2.0,2.1,6.0
2013-03-20,Lockhart,4.5,2.0,2.5,2.5,5.2
2013-03-20,Pianalto,4.0,2.0,2.0,2.5,6.0
2013-03-20,Plosser,4.5,2.0,2.5,2.5,6.0
2013-03-20,Powell,4.0,2.0,2.0,2.5,5.2
2013-03-20,Raskin,4.0,2.0,2.0,3.0,5.4
2013-03-20,Rosengren,3.8,2.0,1.7999999999999998,2.3,5.3
2013-03-20,Stein,4.0,2.0,2.0,2.3,5.5
2013-03-20,Tarullo,4.0,2.0,2.0,2.2,5.4
2013-03-20,Williams,4.0,2.0,2.0,2.0,5.4
2013-03-20,Yellen,3.25,2.0,1.25,2.3,5.2
2013-06-19,Bernanke,4.3,2.0,2.3,2.3,5.5
2013-06-19,Bullard,4.25,2.0,2.25,2.3,6.0
2013-06-19,Dudley,3.5,2.0,1.5,2.3,5.0
2013-06-19,Duke,4.5,2.0,2.5,2.3,5.8
2013-06-19,Evans,4.0,2.0,2.0,2.5,5.2
2013-06-19,Fisher,4.0,2.0,2.0,2.4,5.4
2013-06-19,George,4.3,2.0,2.3,2.3,5.5
2013-06-19,Kocherlakota,3.5,2.0,1.5,2.3,6.0
2013-06-19,Lacker,4.0,2.0,2.0,2.1,5.8
2013-06-19,Lockhart,4.5,2.0,2.5,2.5,5.2
2013-06-19,Pianalto,4.0,2.0,2.0,2.3,6.0
2013-06-19,Plosser,4.5,2.0,2.5,2.5,6.0
2013-06-19,Powell,4.0,2.0,2.0,2.5,5.2
2013-06-19,Raskin,4.0,2.0,2.0,3.0,5.4
2013-06-19,Rosengren,3.8,2.0,1.7999999999999998,2.3,5.3
2013-06-19,Stein,4.0,2.0,2.0,2.3,5.5
2013-06-19,Tarullo,4.0,2.0,2.0,2.2,5.4
2013-06-19,Williams,4.0,2.0,2.0,2.0,5.4
2013-06-19,Yellen,3.25,2.0,1.25,2.3,5.2
2013-09-18,Bernanke,4.3,2.0,2.3,2.3,5.4
2013-09-18,Bullard,4.25,2.0,2.25,2.3,6.0
2013-09-18,Dudley,3.5,2.0,1.5,2.3,5.3
2013-09-18,Evans,4.0,2.0,2.0,2.5,5.2
2013-09-18,Fisher,4.0,2.0,2.0,2.4,5.4
2013-09-18,George,4.3,2.0,2.3,2.3,5.5
2013-09-18,Kocherlakota,3.5,2.0,1.5,2.3,5.8
2013-09-18,Lacker,4.0,2.0,2.0,2.1,5.8
2013-09-18,Lockhart,4.0,2.0,2.0,2.5,5.2
2013-09-18,Pianalto,4.0,2.0,2.0,2.3,6.0
2013-09-18,Plosser,4.0,2.0,2.0,2.5,6.0
2013-09-18,Powell,4.0,2.0,2.0,2.5,5.2
2013-09-18,Rosengren,3.8,2.0,1.7999999999999998,2.3,5.3
2013-09-18,Stein,4.0,2.0,2.0,2.3,5.5
2013-09-18,Tarullo,4.0,2.0,2.0,2.2,5.4
2013-09-18,Williams,4.1,2.0,2.0999999999999996,2.1,5.4
2013-09-18,Yellen,3.25,2.0,1.25,2.2,5.2
2013-12-18,Bernanke,4.0,2.0,2.0,2.3,5.2
2013-12-18,Bullard,4.25,2.0,2.25,2.3,6.0
2013-12-18,Dudley,3.5,2.0,1.5,2.3,5.3
2013-12-18,Evans,4.0,2.0,2.0,2.5,5.2
2013-12-18,Fisher,4.0,2.0,2.0,2.4,5.4
2013-12-18,George,4.3,2.0,2.3,2.3,5.5
2013-12-18,Kocherlakota,3.5,2.0,1.5,2.3,5.5
2013-12-18,Lacker,3.75,2.0,1.75,1.8,5.8
2013-12-18,Lockhart,4.0,2.0,2.0,2.5,5.2
2013-12-18,Pianalto,4.0,2.0,2.0,2.3,6.0
2013-12-18,Plosser,4.0,2.0,2.0,2.4,5.8
2013-12-18,Powell,4.0,2.0,2.0,2.3,5.3
2013-12-18,Rosengren,3.8,2.0,1.7999999999999998,2.2,5.3
2013-12-18,Stein,4.0,2.0,2.0,2.3,5.5
2013-12-18,Tarullo,3.5,2.0,1.5,2.2,5.4
2013-12-18,Williams,4.1,2.0,2.0999999999999996,2.1,5.4
2013-12-18,Yellen,3.5,2.0,1.5,2.2,5.2
2014-03-19,Bullard,4.25,2.0,2.25,2.3,6.0
2014-03-19,Dudley,3.5,2.0,1.5,2.3,5.3
2014-03-19,Evans,4.0,2.0,2.0,2.4,5.2
2014-03-19,Fisher,4.0,2.0,2.0,2.3,5.6
2014-03-19,George,4.3,2.0,2.3,2.3,5.5
2014-03-19,Kocherlakota,3.5,2.0,1.5,2.3,5.3
2014-03-19,Lacker,3.75,2.0,1.75,1.8,5.5
2014-03-19,Lockhart,4.0,2.0,2.0,2.3,5.2
2014-03-19,Pianalto,4.0,2.0,2.0,2.3,6.0
2014-03-19,Plosser,4.0,2.0,2.0,2.4,5.8
2014-03-19,Powell,4.0,2.0,2.0,2.3,5.2
2014-03-19,Rosengren,3.75,2.0,1.75,2.1,5.3
2014-03-19,Stein,4.0,2.0,2.0,2.3,5.5
2014-03-19,Tarullo,3.5,2.0,1.5,2.2,5.4
2014-03-19,Williams,4.1,2.0,2.0999999999999996,2.1,5.3
2014-03-19,Yellen,3.5,2.0,1.5,2.2,5.2
2014-06-18,Bullard,4.25,2.0,2.25,2.3,6.0
2014-06-18,Dudley,3.5,2.0,1.5,2.3,5.3
2014-06-18,Evans,3.75,2.0,1.75,2.3,5.2
2014-06-18,Fischer,3.75,2.0,1.75,2.3,5.0
2014-06-18,Fisher,3.75,2.0,1.75,2.3,5.5
2014-06-18,George,4.3,2.0,2.3,2.3,5.5
2014-06-18,Kocherlakota,3.25,2.0,1.25,2.3,5.0
2014-06-18,Lacker,3.75,2.0,1.75,1.8,5.5
2014-06-18,Lockhart,4.0,2.0,2.0,2.3,5.2
2014-06-18,Mester,3.75,2.0,1.75,2.5,5.5
2014-06-18,Plosser,4.0,2.0,2.0,2.4,5.6
2014-06-18,Powell,3.75,2.0,1.75,2.0,5.2
2014-06-18,Rosengren,3.75,2.0,1.75,2.0,5.2
2014-06-18,Tarullo,3.5,2.0,1.5,2.1,5.4
2014-06-18,Williams,3.9,2.0,1.9,2.1,5.2
2014-06-18,Yellen,3.5,2.0,1.5,2.2,5.2
2014-09-17,Brainard,3.875,2.0,1.875,2.2,5.2
2014-09-17,Bullard,4.25,2.0,2.25,2.3,6.0
2014-09-17,Dudley,3.5,2.0,1.5,2.0,5.3
2014-09-17,Evans,3.75,2.0,1.75,2.3,5.2
2014-09-17,Fischer,4.0,2.0,2.0,2.6,5.1
2014-09-17,Fisher,3.75,2.0,1.75,2.3,5.5
2014-09-17,George,4.3,2.0,2.3,2.3,5.5
2014-09-17,Kocherlakota,3.25,2.0,1.25,2.0,5.0
2014-09-17,Lacker,3.75,2.0,1.75,1.8,5.5
2014-09-17,Lockhart,4.0,2.0,2.0,2.3,5.2
2014-09-17,Mester,3.75,2.0,1.75,2.5,5.5
2014-09-17,Plosser,4.0,2.0,2.0,2.4,5.5
2014-09-17,Powell,3.75,2.0,1.75,2.0,5.2
2014-09-17,Rosengren,3.75,2.0,1.75,2.0,5.2
2014-09-17,Tarullo,3.5,2.0,1.5,2.0,5.4
2014-09-17,Williams,3.9,2.0,1.9,2.1,5.2
2014-09-17,Yellen,3.5,2.0,1.5,2.0,5.2
2014-12-17,Brainard,3.75,2.0,1.75,2.2,5.2
2014-12-17,Bullard,4.25,2.0,2.25,2.3,5.8
2014-12-17,Dudley,3.5,2.0,1.5,2.0,5.0
2014-12-17,Evans,3.75,2.0,1.75,2.3,5.2
2014-12-17,Fischer,4.0,2.0,2.0,2.7,5.2
2014-12-17,Fisher,3.75,2.0,1.75,2.3,5.2
2014-12-17,George,4.25,2.0,2.25,2.3,5.5
2014-12-17,Kocherlakota,3.25,2.0,1.25,2.0,5.0
2014-12-17,Lacker,3.75,2.0,1.75,1.8,5.5
2014-12-17,Lockhart,4.0,2.0,2.0,2.3,5.2
2014-12-17,Mester,3.75,2.0,1.75,2.5,5.5
2014-12-17,Plosser,3.75,2.0,1.75,2.4,5.3
2014-12-17,Powell,3.75,2.0,1.75,2.0,5.2
2014-12-17,Rosengren,3.75,2.0,1.75,2.0,5.2
2014-12-17,Tarullo,3.5,2.0,1.5,2.0,5.2
2014-12-17,Williams,4.0,2.0,2.0,2.1,5.2
2014-12-17,Yellen,3.5,2.0,1.5,2.0,5.0
2015-03-18,Brainard,3.75,2.0,1.75,2.2,5.0
2015-03-18,Bullard,4.0,2.0,2.0,2.0,5.8
2015-03-18,Dudley,3.5,2.0,1.5,2.0,5.0
2015-03-18,Evans,3.5,2.0,1.5,2.3,5.0
2015-03-18,Fischer,3.5,2.0,1.5,2.5,4.9
2015-03-18,George,4.25,2.0,2.25,2.3,5.2
2015-03-18,Holcomb,3.75,2.0,1.75,2.2,5.2
2015-03-18,Kocherlakota,3.0,2.0,1.0,2.0,5.0
2015-03-18,Lacker,3.75,2.0,1.75,1.8,5.0
2015-03-18,Lockhart,4.0,2.0,2.0,2.3,5.0
2015-03-18,Mester,3.75,2.0,1.75,2.5,5.5
2015-03-18,Powell,3.5,2.0,1.5,2.0,5.0
2015-03-18,Prichard,3.75,2.0,1.75,2.4,5.2
2015-03-18,Rosengren,3.5,2.0,1.5,1.9,5.0
2015-03-18,Tarullo,3.5,2.0,1.5,2.0,5.0
2015-03-18,Williams,3.75,2.0,1.75,2.0,5.2
2015-03-18,Yellen,3.5,2.0,1.5,2.0,5.0
2015-06-17,Brainard,3.75,2.0,1.75,2.2,5.0
2015-06-17,Bullard,4.0,2.0,2.0,2.0,5.8
2015-06-17,Dudley,3.5,2.0,1.5,2.0,5.0
2015-06-17,Evans,3.5,2.0,1.5,2.3,5.0
2015-06-17,Fischer,3.5,2.0,1.5,2.4,5.0
2015-06-17,George,4.25,2.0,2.25,2.3,5.2
2015-06-17,Holcomb,3.75,2.0,1.75,2.2,5.2
2015-06-17,Kocherlakota,3.25,2.0,1.25,2.0,5.0
2015-06-17,Lacker,3.75,2.0,1.75,1.8,5.3
2015-06-17,Lockhart,4.0,2.0,2.0,2.3,5.0
2015-06-17,Mester,3.75,2.0,1.75,2.5,5.5
2015-06-17,Powell,3.5,2.0,1.5,2.0,5.0
2015-06-17,Prichard,3.75,2.0,1.75,2.4,5.2
2015-06-17,Rosengren,3.5,2.0,1.5,1.9,5.0
2015-06-17,Tarullo,3.25,2.0,1.25,2.0,5.0
2015-06-17,Williams,3.75,2.0,1.75,2.0,5.2
2015-06-17,Yellen,3.25,2.0,1.25,1.8,5.0
2015-09-17,Brainard,3.25,2.0,1.25,2.0,4.9
2015-09-17,Bullard,4.0,2.0,2.0,2.0,5.8
2015-09-17,Dudley,3.25,2.0,1.25,1.8,4.8
2015-09-17,Evans,3.25,2.0,1.25,2.2,4.9
2015-09-17,Fischer,3.5,2.0,1.5,2.7,4.9
2015-09-17,George,3.75,2.0,1.75,1.8,5.2
2015-09-17,Harker,3.5,2.0,1.5,2.3,5.2
2015-09-17,Kaplan,3.625,2.0,1.625,2.1,5.0
2015-09-17,Kocherlakota,3.25,2.0,1.25,2.0,4.7
2015-09-17,Lacker,3.75,2.0,1.75,1.8,5.0
2015-09-17,Lockhart,3.75,2.0,1.75,2.1,5.0
2015-09-17,Mester,3.5,2.0,1.5,2.3,5.3
2015-09-17,Powell,3.25,2.0,1.25,2.0,4.9
2015-09-17,Rosengren,3.5,2.0,1.5,1.9,4.8
2015-09-17,Tarullo,3.25,2.0,1.25,2.0,4.9
2015-09-17,Williams,3.5,2.0,1.5,1.9,5.0
2015-09-17,Yellen,3.0,2.0,1.0,1.8,4.9
2015-12-16,Brainard,3.25,2.0,1.25,2.1,4.8
2015-12-16,Bullard,4.0,2.0,2.0,2.0,5.8
2015-12-16,Dudley,3.25,2.0,1.25,1.8,4.8
2015-12-16,Evans,3.25,2.0,1.25,2.2,4.9
2015-12-16,Fischer,3.5,2.0,1.5,2.3,4.8
2015-12-16,George,3.75,2.0,1.75,1.8,5.0
2015-12-16,Harker,3.5,2.0,1.5,2.3,5.2
2015-12-16,Kaplan,3.5,2.0,1.5,2.1,4.9
2015-12-16,Lacker,3.75,2.0,1.75,1.8,5.0
2015-12-16,Lockhart,3.5,2.0,1.5,2.1,4.9
2015-12-16,Lyon,3.0,2.0,1.0,2.0,4.7
2015-12-16,Mester,3.5,2.0,1.5,2.3,5.3
2015-12-16,Powell,3.25,2.0,1.25,2.0,4.9
2015-12-16,Rosengren,3.5,2.0,1.5,1.9,4.7
2015-12-16,Tarullo,3.25,2.0,1.25,2.0,4.9
2015-12-16,Williams,3.25,2.0,1.25,1.9,5.0
2015-12-16,Yellen,3.0,2.0,1.0,1.8,4.8
2016-03-16,Brainard,3.0,2.0,1.0,2.0,4.7
2016-03-16,Bullard,4.0,2.0,2.0,2.0,5.8
2016-03-16,Dudley,3.25,2.0,1.25,1.8,4.8
2016-03-16,Evans,3.25,2.0,1.25,2.1,4.8
2016-03-16,Fischer,3.5,2.0,1.5,2.4,4.8
2016-03-16,George,3.75,2.0,1.75,1.8,5.0
2016-03-16,Harker,3.25,2.0,1.25,2.2,4.7
2016-03-16,Kaplan,3.25,2.0,1.25,2.0,4.8
2016-03-16,Kashkari,3.0,2.0,1.0,2.0,4.7
2016-03-16,Lacker,3.75,2.0,1.75,1.8,5.0
2016-03-16,Lockhart,3.5,2.0,1.5,2.1,4.9
2016-03-16,Mester,3.25,2.0,1.25,2.0,5.0
2016-03-16,Powell,3.0,2.0,1.0,2.0,4.8
2016-03-16,Rosengren,3.25,2.0,1.25,1.9,4.7
2016-03-16,Tarullo,3.0,2.0,1.0,2.0,4.9
2016-03-16,Williams,3.25,2.0,1.25,1.9,5.0
2016-03-16,Yellen,3.0,2.0,1.0,1.8,4.7
2016-06-15,Brainard,2.75,2.0,0.75,1.9,4.7
2016-06-15,Dudley,3.0,2.0,1.0,1.8,4.8
2016-06-15,Evans,3.25,2.0,1.25,2.1,4.8
2016-06-15,Fischer,3.5,2.0,1.5,2.4,4.8
2016-06-15,George,3.75,2.0,1.75,1.8,5.0
2016-06-15,Harker,3.25,2.0,1.25,2.2,4.7
2016-06-15,Kaplan,3.0,2.0,1.0,2.0,4.8
2016-06-15,Kashkari,3.0,2.0,1.0,2.0,4.7
2016-06-15,Lacker,3.75,2.0,1.75,1.8,5.0
2016-06-15,Lockhart,3.25,2.0,1.25,2.0,4.7
2016-06-15,Mester,3.25,2.0,1.25,2.0,5.0
2016-06-15,Powell,2.75,2.0,0.75,1.9,4.8
2016-06-15,Rosengren,3.0,2.0,1.0,1.9,4.7
2016-06-15,Tarullo,2.75,2.0,0.75,2.0,4.6
2016-06-15,Williams,3.0,2.0,1.0,1.6,5.0
2016-06-15,Yellen,3.0,2.0,1.0,1.8,4.7
2016-09-21,Brainard,2.5,2.0,0.5,1.8,4.7
2016-09-21,Dudley,2.5,2.0,0.5,1.8,4.8
2016-09-21,Evans,3.0,2.0,1.0,1.8,4.5
2016-09-21,Fischer,3.5,2.0,1.5,2.2,4.8
2016-09-21,George,3.0,2.0,1.0,1.8,5.0
2016-09-21,Harker,3.0,2.0,1.0,2.0,4.7
2016-09-21,Kaplan,2.75,2.0,0.75,1.7,4.8
2016-09-21,Kashkari,2.75,2.0,0.75,1.7,4.7
2016-09-21,Lacker,3.75,2.0,1.75,1.8,5.0
2016-09-21,Lockhart,3.0,2.0,1.0,2.0,4.7
2016-09-21,Mester,3.0,2.0,1.0,2.0,5.0
2016-09-21,Powell,2.5,2.0,0.5,1.7,4.8
2016-09-21,Rosengren,3.0,2.0,1.0,1.8,4.7
2016-09-21,Tarullo,2.75,2.0,0.75,2.0,4.6
2016-09-21,Williams,2.75,2.0,0.75,1.6,5.0
2016-09-21,Yellen,2.75,2.0,0.75,1.7,4.7
2016-12-14,Brainard,2.75,2.0,0.75,1.8,4.7
2016-12-14,Dudley,2.5,2.0,0.5,1.8,4.8
2016-12-14,Evans,3.0,2.0,1.0,1.8,4.5
2016-12-14,Fischer,3.5,2.0,1.5,2.2,4.8
2016-12-14,George,3.0,2.0,1.0,1.8,5.0
2016-12-14,Harker,3.0,2.0,1.0,2.0,4.7
2016-12-14,Kaplan,3.0,2.0,1.0,1.8,4.8
2016-12-14,Kashkari,2.75,2.0,0.75,1.7,4.7
2016-12-14,Lacker,3.75,2.0,1.75,1.8,5.0
2016-12-14,Lockhart,3.0,2.0,1.0,2.0,4.7
2016-12-14,Mester,3.0,2.0,1.0,2.0,5.0
2016-12-14,Powell,2.75,2.0,0.75,1.8,4.8
2016-12-14,Rosengren,3.0,2.0,1.0,1.8,4.7
2016-12-14,Tarullo,2.75,2.0,0.75,2.0,4.6
2016-12-14,Williams,2.75,2.0,0.75,1.6,5.0
2016-12-14,Yellen,2.75,2.0,0.75,1.7,4.7
2017-03-15,Brainard,2.75,2.0,0.75,1.9,4.7
2017-03-15,Dudley,2.5,2.0,0.5,1.8,4.8
2017-03-15,Evans,3.0,2.0,1.0,1.8,4.5
2017-03-15,Fischer,3.5,2.0,1.5,2.2,4.6
2017-03-15,George,3.0,2.0,1.0,1.8,5.0
2017-03-15,Gooding,3.0,2.0,1.0,2.0,4.7
2017-03-15,Harker,3.0,2.0,1.0,2.0,4.7
2017-03-15,Kaplan,3.0,2.0,1.0,1.8,4.8
2017-03-15,Kashkari,2.75,2.0,0.75,1.7,4.7
2017-03-15,Lacker,3.75,2.0,1.75,1.8,5.0
2017-03-15,Mester,3.0,2.0,1.0,2.0,5.0
2017-03-15,Powell,3.0,2.0,1.0,1.8,4.7
2017-03-15,Rosengren,3.0,2.0,1.0,1.8,4.7
2017-03-15,Tarullo,2.75,2.0,0.75,2.0,4.5
2017-03-15,Williams,2.75,2.0,0.75,1.6,5.0
2017-03-15,Yellen,2.75,2.0,0.75,1.7,4.7
2017-06-14,Bostic,3.0,2.0,1.0,2.0,4.6
2017-06-14,Brainard,2.75,2.0,0.75,1.9,4.5
2017-06-14,Dudley,2.75,2.0,0.75,1.8,4.6
2017-06-14,Evans,3.0,2.0,1.0,1.8,4.5
2017-06-14,Fischer,3.5,2.0,1.5,2.2,4.5
2017-06-14,George,3.0,2.0,1.0,1.8,5.0
2017-06-14,Harker,3.0,2.0,1.0,2.0,4.7
2017-06-14,Kaplan,2.75,2.0,0.75,1.8,4.7
2017-06-14,Kashkari,2.75,2.0,0.75,1.7,4.5
2017-06-14,Mester,3.0,2.0,1.0,2.0,4.8
2017-06-14,Mullinix,3.0,2.0,1.0,1.8,4.8
2017-06-14,Powell,3.0,2.0,1.0,1.8,4.5
2017-06-14,Rosengren,3.0,2.0,1.0,1.8,4.7
2017-06-14,Williams,2.5,2.0,0.5,1.5,4.8
2017-06-14,Yellen,2.75,2.0,0.75,1.7,4.5
2017-09-20,Bostic,3.0,2.0,1.0,2.0,4.6
2017-09-20,Brainard,2.5,2.0,0.5,1.9,4.5
2017-09-20,Dudley,2.75,2.0,0.75,1.8,4.6
2017-09-20,Evans,2.75,2.0,0.75,1.8,4.5
2017-09-20,Fischer,3.5,2.0,1.5,2.2,4.5
2017-09-20,George,3.0,2.0,1.0,1.8,4.8
2017-09-20,Harker,3.0,2.0,1.0,2.0,4.7
2017-09-20,Kaplan,2.5,2.0,0.5,1.8,4.7
2017-09-20,Kashkari,2.25,2.0,0.25,1.7,4.4
2017-09-20,Mester,3.0,2.0,1.0,2.0,4.8
2017-09-20,Mullinix,3.0,2.0,1.0,1.8,5.0
2017-09-20,Powell,2.75,2.0,0.75,1.8,4.5
2017-09-20,Rosengren,2.5,2.0,0.5,1.8,4.7
2017-09-20,Williams,2.5,2.0,0.5,1.5,4.8
2017-09-20,Yellen,2.75,2.0,0.75,1.7,4.5
2017-12-13,Bostic,2.75,2.0,0.75,1.8,4.4
2017-12-13,Brainard,2.75,2.0,0.75,1.9,4.3
2017-12-13,Dudley,2.75,2.0,0.75,1.8,4.6
2017-12-13,Evans,2.75,2.0,0.75,1.8,4.5
2017-12-13,George,3.0,2.0,1.0,1.8,4.8
2017-12-13,Harker,3.0,2.0,1.0,2.0,4.7
2017-12-13,Kaplan,2.5,2.0,0.5,1.8,4.7
2017-12-13,Kashkari,2.25,2.0,0.25,1.7,4.4
2017-12-13,Mester,3.0,2.0,1.0,2.0,4.8
2017-12-13,Mullinix,3.0,2.0,1.0,1.8,5.0
2017-12-13,Powell,3.0,2.0,1.0,1.8,4.4
2017-12-13,Quarles,3.0,2.0,1.0,2.2,4.5
2017-12-13,Rosengren,2.75,2.0,0.75,1.7,4.7
2017-12-13,Williams,2.5,2.0,0.5,1.7,4.7
2017-12-13,Yellen,2.75,2.0,0.75,1.8,4.5
2018-03-21,Barkin,3.5,2.0,1.5,2.0,4.5
2018-03-21,Bostic,2.75,2.0,0.75,1.8,4.2
2018-03-21,Brainard,2.75,2.0,0.75,1.9,4.3
2018-03-21,Dudley,3.0,2.0,1.0,1.8,4.3
2018-03-21,Evans,2.75,2.0,0.75,1.8,4.5
2018-03-21,George,3.0,2.0,1.0,1.8,4.8
2018-03-21,Harker,3.0,2.0,1.0,2.0,4.7
2018-03-21,Kaplan,2.625,2.0,0.625,1.8,4.6
2018-03-21,Kashkari,2.25,2.0,0.25,1.7,4.2
2018-03-21,Mester,3.0,2.0,1.0,2.0,4.5
2018-03-21,Powell,3.0,2.0,1.0,1.9,4.4
2018-03-21,Quarles,3.25,2.0,1.25,2.2,4.5
2018-03-21,Rosengren,2.75,2.0,0.75,1.7,4.7
2018-03-21,Williams,2.5,2.0,0.5,1.7,4.7
2018-06-13,Barkin,3.5,2.0,1.5,2.0,4.5
2018-06-13,Bostic,2.75,2.0,0.75,1.8,4.2
2018-06-13,Brainard,2.75,2.0,0.75,1.9,4.3
2018-06-13,Dudley,3.0,2.0,1.0,1.8,4.3
2018-06-13,Evans,2.75,2.0,0.75,1.8,4.3
2018-06-13,George,3.0,2.0,1.0,1.8,4.6
2018-06-13,Harker,3.0,2.0,1.0,2.0,4.5
2018-06-13,Kaplan,2.625,2.0,0.625,1.8,4.6
2018-06-13,Kashkari,2.25,2.0,0.25,1.7,4.1
2018-06-13,Mester,3.0,2.0,1.0,2.0,4.5
2018-06-13,Powell,3.0,2.0,1.0,1.9,4.4
2018-06-13,Quarles,3.25,2.0,1.25,2.1,4.5
2018-06-13,Rosengren,2.75,2.0,0.75,1.7,4.7
2018-06-13,Williams,2.5,2.0,0.5,1.7,4.6
2018-09-26,Barkin,3.5,2.0,1.5,2.0,4.5
2018-09-26,Bostic,3.0,2.0,1.0,1.8,4.2
2018-09-26,Brainard,3.0,2.0,1.0,1.9,4.3
2018-09-26,Clarida,2.5,2.0,0.5,2.1,4.2
2018-09-26,Evans,2.75,2.0,0.75,1.8,4.3
2018-09-26,George,3.0,2.0,1.0,1.8,4.6
2018-09-26,Gould,2.75,2.0,0.75,1.7,4.6
2018-09-26,Harker,3.0,2.0,1.0,2.0,4.5
2018-09-26,Kaplan,2.75,2.0,0.75,1.8,4.6
2018-09-26,Kashkari,2.5,2.0,0.5,1.7,4.0
2018-09-26,Mester,3.0,2.0,1.0,2.0,4.5
2018-09-26,Powell,3.0,2.0,1.0,2.0,4.3
2018-09-26,Quarles,3.25,2.0,1.25,2.1,4.4
2018-09-26,Rosengren,2.75,2.0,0.75,1.7,4.6
2018-09-26,Williams,2.5,2.0,0.5,1.8,4.5
2018-12-19,Barkin,3.5,2.0,1.5,2.0,4.5
2018-12-19,Bostic,3.0,2.0,1.0,1.8,4.2
2018-12-19,Bowman,2.5,2.0,0.5,2.1,4.0
2018-12-19,Brainard,3.0,2.0,1.0,1.9,4.3
2018-12-19,Clarida,2.5,2.0,0.5,2.2,4.1
2018-12-19,Daly,2.75,2.0,0.75,1.7,4.5
2018-12-19,Evans,2.75,2.0,0.75,1.8,4.3
2018-12-19,George,3.0,2.0,1.0,1.8,4.4
2018-12-19,Harker,2.75,2.0,0.75,2.0,4.5
2018-12-19,Kaplan,2.75,2.0,0.75,1.8,4.6
2018-12-19,Kashkari,2.5,2.0,0.5,1.7,4.0
2018-12-19,Mester,3.0,2.0,1.0,2.0,4.5
2018-12-19,Powell,3.0,2.0,1.0,2.0,4.2
2018-12-19,Quarles,3.25,2.0,1.25,2.1,4.3
2018-12-19,Rosengren,2.75,2.0,0.75,1.7,4.6
2018-12-19,Williams,2.5,2.0,0.5,1.8,4.5
2019-03-20,Barkin,3.5,2.0,1.5,2.0,4.5
2019-03-20,Bostic,3.0,2.0,1.0,1.8,4.2
2019-03-20,Bowman,2.5,2.0,0.5,2.1,4.0
2019-03-20,Brainard,3.0,2.0,1.0,1.9,4.3
2019-03-20,Clarida,2.5,2.0,0.5,2.2,4.1
2019-03-20,Daly,2.75,2.0,0.75,1.7,4.5
2019-03-20,Evans,2.75,2.0,0.75,1.8,4.3
2019-03-20,George,3.0,2.0,1.0,1.8,4.4
2019-03-20,Harker,2.75,2.0,0.75,1.9,4.5
2019-03-20,Kaplan,2.5,2.0,0.5,1.8,4.5
2019-03-20,Kashkari,2.5,2.0,0.5,1.7,4.0
2019-03-20,Mester,3.0,2.0,1.0,2.0,4.5
2019-03-20,Powell,2.5,2.0,0.5,2.0,4.0
2019-03-20,Quarles,3.25,2.0,1.25,2.1,4.2
2019-03-20,Rosengren,2.75,2.0,0.75,1.7,4.6
2019-03-20,Williams,2.5,2.0,0.5,1.8,4.1
2019-06-19,Barkin,3.25,2.0,1.25,2.0,4.5
2019-06-19,Bostic,2.75,2.0,0.75,1.8,4.2
2019-06-19,Bowman,2.5,2.0,0.5,2.1,4.0
2019-06-19,Brainard,2.75,2.0,0.75,1.9,4.3
2019-06-19,Clarida,2.5,2.0,0.5,2.1,4.0
2019-06-19,Daly,2.5,2.0,0.5,1.7,4.2
2019-06-19,Evans,2.75,2.0,0.75,1.8,4.3
2019-06-19,George,3.0,2.0,1.0,1.8,4.4
2019-06-19,Harker,2.5,2.0,0.5,1.9,4.5
2019-06-19,Kaplan,2.375,2.0,0.375,1.8,4.5
2019-06-19,Kashkari,2.5,2.0,0.5,1.7,3.6
2019-06-19,Mester,3.0,2.0,1.0,2.0,4.3
2019-06-19,Powell,2.5,2.0,0.5,2.0,4.0
2019-06-19,Quarles,3.25,2.0,1.25,2.1,4.2
2019-06-19,Rosengren,2.5,2.0,0.5,1.7,4.2
2019-06-19,Williams,2.5,2.0,0.5,1.8,4.0
2019-09-18,Barkin,3.25,2.0,1.25,2.0,4.3
2019-09-18,Bostic,2.75,2.0,0.75,1.8,4.2
2019-09-18,Bowman,2.5,2.0,0.5,2.1,3.9
2019-09-18,Brainard,2.5,2.0,0.5,1.8,4.3
2019-09-18,Clarida,2.5,2.0,0.5,2.1,4.0
2019-09-18,Daly,2.5,2.0,0.5,1.7,4.0
2019-09-18,Evans,2.75,2.0,0.75,1.8,4.2
2019-09-18,George,2.5,2.0,0.5,1.8,4.4
2019-09-18,Harker,2.5,2.0,0.5,1.9,4.5
2019-09-18,Kaplan,2.0,2.0,0.0,1.8,4.5
2019-09-18,Kashkari,2.25,2.0,0.25,1.7,3.6
2019-09-18,Mester,2.75,2.0,0.75,2.0,4.3
2019-09-18,Powell,2.5,2.0,0.5,2.0,4.0
2019-09-18,Quarles,3.0,2.0,1.0,2.0,4.1
2019-09-18,Rosengren,2.5,2.0,0.5,1.7,4.2
2019-09-18,Williams,2.375,2.0,0.375,1.9,4.0
2019-12-11,Barkin,3.25,2.0,1.25,2.0,4.3
2019-12-11,Bostic,2.5,2.0,0.5,1.8,3.8
2019-12-11,Bowman,2.5,2.0,0.5,2.1,3.9
2019-12-11,Brainard,2.5,2.0,0.5,1.8,4.3
2019-12-11,Clarida,2.5,2.0,0.5,2.2,4.0
2019-12-11,Daly,2.5,2.0,0.5,1.7,3.8
2019-12-11,Evans,2.75,2.0,0.75,1.8,4.2
2019-12-11,George,2.5,2.0,0.5,1.8,4.4
2019-12-11,Harker,2.5,2.0,0.5,1.9,4.5
2019-12-11,Kaplan,2.25,2.0,0.25,1.9,4.1
2019-12-11,Kashkari,2.0,2.0,0.0,1.7,3.5
2019-12-11,Mester,2.75,2.0,0.75,2.0,4.3
2019-12-11,Powell,2.25,2.0,0.25,2.0,4.0
2019-12-11,Quarles,3.0,2.0,1.0,2.0,4.0
2019-12-11,Rosengren,2.5,2.0,0.5,1.7,4.2
2019-12-11,Williams,2.375,2.0,0.375,1.9,4.0
2020-06-10,Barkin,3.0,2.0,1.0,1.6,4.3
2020-06-10,Bostic,2.5,2.0,0.5,1.8,3.8
2020-06-10,Bowman,2.5,2.0,0.5,2.2,4.0
2020-06-10,Brainard,2.5,2.0,0.5,1.8,4.3
2020-06-10,Clarida,2.5,2.0,0.5,2.0,4.0
2020-06-10,Daly,2.3,2.0,0.2999999999999998,1.7,3.8
2020-06-10,Evans,2.5,2.0,0.5,1.8,4.2
2020-06-10,George,2.5,2.0,0.5,1.8,4.4
2020-06-10,Harker,2.5,2.0,0.5,1.9,4.5
2020-06-10,Kaplan,2.25,2.0,0.25,1.8,4.3
2020-06-10,Kashkari,2.0,2.0,0.0,1.7,3.5
2020-06-10,Mester,2.75,2.0,0.75,2.0,4.3
2020-06-10,Powell,2.25,2.0,0.25,2.0,4.0
2020-06-10,Quarles,3.0,2.0,1.0,2.0,4.0
2020-06-10,Rosengren,2.5,2.0,0.5,1.7,4.7
2020-06-10,Williams,2.375,2.0,0.375,1.9,4.0
2020-09-16,Barkin,3.0,2.0,1.0,1.6,4.3
2020-09-16,Bostic,2.5,2.0,0.5,1.8,3.8
2020-09-16,Bowman,2.5,2.0,0.5,2.2,3.9
2020-09-16,Brainard,2.5,2.0,0.5,1.8,4.3
2020-09-16,Clarida,2.5,2.0,0.5,2.0,3.9
2020-09-16,Daly,2.3,2.0,0.2999999999999998,1.7,3.8
2020-09-16,Evans,2.5,2.0,0.5,1.8,4.2
2020-09-16,George,2.5,2.0,0.5,1.8,4.4
2020-09-16,Harker,2.5,2.0,0.5,1.9,4.5
2020-09-16,Kaplan,2.25,2.0,0.25,1.9,4.1
2020-09-16,Kashkari,2.0,2.0,0.0,1.7,3.5
2020-09-16,Mester,2.75,2.0,0.75,2.0,4.3
2020-09-16,Powell,2.25,2.0,0.25,2.0,4.0
2020-09-16,Quarles,3.0,2.0,1.0,2.0,4.0
2020-09-16,Rosengren,2.5,2.0,0.5,1.7,4.7
2020-09-16,Williams,2.375,2.0,0.375,1.9,4.0
2020-12-16,Barkin,3.0,2.0,1.0,1.6,4.3
2020-12-16,Bostic,2.5,2.0,0.5,1.8,3.8
2020-12-16,Bowman,2.5,2.0,0.5,2.2,3.9
2020-12-16,Brainard,2.5,2.0,0.5,1.8,4.3
2020-12-16,Clarida,2.5,2.0,0.5,2.0,3.9
2020-12-16,Daly,2.3,2.0,0.2999999999999998,1.7,3.8
2020-12-16,Evans,2.5,2.0,0.5,1.8,4.2
2020-12-16,George,2.5,2.0,0.5,1.8,4.4
2020-12-16,Harker,2.5,2.0,0.5,1.9,4.5
2020-12-16,Kaplan,2.25,2.0,0.25,1.8,4.1
2020-12-16,Kashkari,2.0,2.0,0.0,1.7,3.5
2020-12-16,Mester,2.75,2.0,0.75,2.0,4.3
2020-12-16,Powell,2.25,2.0,0.25,2.0,4.0
2020-12-16,Quarles,3.0,2.0,1.0,2.0,4.0
2020-12-16,Rosengren,2.5,2.0,0.5,1.7,4.5
2020-12-16,Williams,2.375,2.0,0.375,1.9,4.0
